id,mime_type,attachment_url,attachment_size,attachable_type,attachable_id,category,created_at,updated_at
3807685,image,https://cdn.bookmepk.com/sky/assets/images/hotels/rooms/50209ec73fcaab8d4d718e9d4a3bf87a.jpg,MED,App\Models\Hotels\Room,48,room-image,2026-08-06 10:02:55,2026-08-06 10:02:55
3807686,image,https://cdn.bookmepk.com/sky/assets/images/hotels/rooms/c132c3c62d5d238baa45ad03c4c7e246.jpg,MED,App\Models\Hotels\Room,48,room-image,2026-08-06 10:02:55,2026-08-06 10:02:55
3807687,image,https://cdn.bookmepk.com/sky/assets/images/hotels/rooms/49f1dfe1370e2435a987b4567ac4277b.jpg,MED,App\Models\Hotels\Room,48,room-image,2026-08-06 10:02:56,2026-08-06 10:02:56
3807688,image,https://cdn.bookmepk.com/sky/assets/images/hotels/rooms/fcf3480d1522e6686f2740f4e38f8f45.jpg,MED,App\Models\Hotels\Room,48,room-image,2026-08-06 10:02:56,2026-08-06 10:02:56
3807689,image,https://cdn.bookmepk.com/sky/assets/images/hotels/rooms/282f04833a17661b6e77374967d3c7df.jpg,MED,App\Models\Hotels\Room,49,room-image,2026-08-06 10:02:57,2026-08-06 10:02:57
3807690,image,https://cdn.bookmepk.com/sky/assets/images/hotels/rooms/240c7ea305ce8cea9fce848c67db5acb.jpg,MED,App\Models\Hotels\Room,49,room-image,2026-08-06 10:02:57,2026-08-06 10:02:57
3807691,image,https://cdn.bookmepk.com/sky/assets/images/hotels/rooms/fff0da2e5dc9ab6d5c76f4b8c06124bb.jpg,MED,App\Models\Hotels\Room,49,room-image,2026-08-06 10:02:57,2026-08-06 10:02:57
3807692,image,https://cdn.bookmepk.com/sky/assets/images/hotels/rooms/1802e17f757b092d53393feb9bc8568e.jpg,MED,App\Models\Hotels\Room,49,room-image,2026-08-06 10:02:57,2026-08-06 10:02:57
3807693,image,https://cdn.bookmepk.com/sky/assets/images/hotels/rooms/5c472558c6f70c3036addfff1709c3dd.jpg,MED,App\Models\Hotels\Room,49,room-image,2026-08-06 10:02:57,2026-08-06 10:02:57
3807694,image,https://cdn.bookmepk.com/sky/assets/images/hotels/rooms/282f04833a17661b6e77374967d3c7df.jpg,MED,App\Models\Hotels\Room,50,room-image,2026-08-06 10:02:58,2026-08-06 10:02:58
3807695,image,https://cdn.bookmepk.com/sky/assets/images/hotels/rooms/240c7ea305ce8cea9fce848c67db5acb.jpg,MED,App\Models\Hotels\Room,50,room-image,2026-08-06 10:02:58,2026-08-06 10:02:58
3807696,image,https://cdn.bookmepk.com/sky/assets/images/hotels/rooms/1802e17f757b092d53393feb9bc8568e.jpg,MED,App\Models\Hotels\Room,50,room-image,2026-08-06 10:02:59,2026-08-06 10:02:59
3807697,image,https://cdn.bookmepk.com/sky/assets/images/hotels/rooms/fb653b1e0c05b1d5c9f449cf3e44f7dd.jpg,MED,App\Models\Hotels\Room,50,room-image,2026-08-06 10:02:59,2026-08-06 10:02:59
3807698,image,https://cdn.bookmepk.com/sky/assets/images/hotels/rooms/b44ea97c9dcdfb47b37d1360adb109bf.jpg,MED,App\Models\Hotels\Room,51,room-image,2026-08-06 10:02:59,2026-08-06 10:02:59
3807699,image,https://cdn.bookmepk.com/sky/assets/images/hotels/rooms/d124224e809f6d134d9a6a46675b3efc.jpg,MED,App\Models\Hotels\Room,51,room-image,2026-08-06 10:03:00,2026-08-06 10:03:00
3807700,image,https://cdn.bookmepk.com/sky/assets/images/hotels/rooms/44f2df4064721a4caa58233031d705a4.jpg,MED,App\Models\Hotels\Room,51,room-image,2026-08-06 10:03:00,2026-08-06 10:03:00
3807701,image,https://cdn.bookmepk.com/sky/assets/images/hotels/rooms/d563b537f48b91973c0f6f0f9885def8.jpg,MED,App\Models\Hotels\Room,51,room-image,2026-08-06 10:03:00,2026-08-06 10:03:00
3807702,image,https://cdn.bookmepk.com/sky/assets/images/hotels/rooms/8abea5ea52f6570d16e6dc87c7e00c13.jpg,MED,App\Models\Hotels\Room,51,room-image,2026-08-06 10:03:00,2026-08-06 10:03:00
3807703,image,https://cdn.bookmepk.com/sky/assets/images/hotels/rooms/02ad87217bba4918a11eab873869a4f0.jpg,MED,App\Models\Hotels\Room,52,room-image,2026-08-06 10:03:01,2026-08-06 10:03:01
3807704,image,https://cdn.bookmepk.com/sky/assets/images/hotels/rooms/240c7ea305ce8cea9fce848c67db5acb.jpg,MED,App\Models\Hotels\Room,52,room-image,2026-08-06 10:03:01,2026-08-06 10:03:01
3807705,image,https://cdn.bookmepk.com/sky/assets/images/hotels/rooms/37f224a6c95c61d40b059c9f72c8fb85.jpg,MED,App\Models\Hotels\Room,52,room-image,2026-08-06 10:03:01,2026-08-06 10:03:01
3807706,image,https://cdn.bookmepk.com/sky/assets/images/hotels/rooms/30fa24c4ef66da2680c8268bcdb92855.jpg,MED,App\Models\Hotels\Room,52,room-image,2026-08-06 10:03:01,2026-08-06 10:03:01
3807707,image,https://cdn.bookmepk.com/sky/assets/images/hotels/rooms/15065fe44846a1288837946d13ad0ed1.jpg,MED,App\Models\Hotels\Room,52,room-image,2026-08-06 10:03:02,2026-08-06 10:03:02
3807708,image,https://cdn.bookmepk.com/sky/assets/images/hotels/rooms/61b5efc57843b74cf48e79e4411c3d78.jpg,MED,App\Models\Hotels\Room,53,room-image,2026-08-06 10:03:02,2026-08-06 10:03:02
3807709,image,https://cdn.bookmepk.com/sky/assets/images/hotels/rooms/1f62104a7e7cb02d217ace8c4fc644f5.jpg,MED,App\Models\Hotels\Room,53,room-image,2026-08-06 10:03:02,2026-08-06 10:03:02
3807710,image,https://cdn.bookmepk.com/sky/assets/images/hotels/rooms/f7ce8667acef8909162c84282f05b84e.jpg,MED,App\Models\Hotels\Room,53,room-image,2026-08-06 10:03:02,2026-08-06 10:03:02
3807711,image,https://cdn.bookmepk.com/sky/assets/images/hotels/rooms/e8384d09ac0900a47bc70a829ff30832.jpg,MED,App\Models\Hotels\Room,53,room-image,2026-08-06 10:03:03,2026-08-06 10:03:03
3807712,image,https://cdn.bookmepk.com/sky/assets/images/hotels/rooms/5d227393aae6c3286ee9f51636ca5e0b.jpg,MED,App\Models\Hotels\Room,53,room-image,2026-08-06 10:03:03,2026-08-06 10:03:03
3807713,image,https://cdn.bookmepk.com/sky/assets/images/hotels/rooms/7bd1ecf5fab81e5033ba1af88037ab19.jpg,MED,App\Models\Hotels\Room,54,room-image,2026-08-06 10:03:03,2026-08-06 10:03:03
3807714,image,https://cdn.bookmepk.com/sky/assets/images/hotels/rooms/518a8d8c4721995d9b4d486ce08bc351.jpg,MED,App\Models\Hotels\Room,54,room-image,2026-08-06 10:03:03,2026-08-06 10:03:03
3807715,image,https://cdn.bookmepk.com/sky/assets/images/hotels/rooms/31a586019e9b31d0d93f05994fd44c4e.jpg,MED,App\Models\Hotels\Room,54,room-image,2026-08-06 10:03:04,2026-08-06 10:03:04
3807716,image,https://cdn.bookmepk.com/sky/assets/images/hotels/rooms/e7a31da90f8b96d815ebff27bfbd2d30.jpg,MED,App\Models\Hotels\Room,54,room-image,2026-08-06 10:03:04,2026-08-06 10:03:04
3807717,image,https://cdn.bookmepk.com/sky/assets/images/hotels/rooms/dd3b675af090d2fb9a8345dbbe6d53d9.jpg,MED,App\Models\Hotels\Room,54,room-image,2026-08-06 10:03:04,2026-08-06 10:03:04
3807718,image,https://cdn.bookmepk.com/sky/assets/images/hotels/rooms/6a808f4391363f09f3f53c1e125ada31.jpg,MED,App\Models\Hotels\Room,55,room-image,2026-08-06 10:03:59,2026-08-06 10:03:59
3807719,image,https://cdn.bookmepk.com/sky/assets/images/hotels/rooms/db66e1cd5784832d8b0a4499544345e5.jpg,MED,App\Models\Hotels\Room,55,room-image,2026-08-06 10:03:59,2026-08-06 10:03:59
3807720,image,https://cdn.bookmepk.com/sky/assets/images/hotels/rooms/f59f6179762b7ec373601c6515728447.jpg,MED,App\Models\Hotels\Room,55,room-image,2026-08-06 10:03:59,2026-08-06 10:03:59
3807721,image,https://cdn.bookmepk.com/sky/assets/images/hotels/rooms/a8d74e4f709910175cef32064e3172ec.jpg,MED,App\Models\Hotels\Room,55,room-image,2026-08-06 10:04:00,2026-08-06 10:04:00
3807722,image,https://cdn.bookmepk.com/sky/assets/images/hotels/rooms/547977f81cb0e243e088a03c97c3e398.jpg,MED,App\Models\Hotels\Room,55,room-image,2026-08-06 10:04:01,2026-08-06 10:04:01
3807723,image,https://cdn.bookmepk.com/sky/assets/images/hotels/rooms/53c01200cda16f0523efb42a5b187b2e.jpg,MED,App\Models\Hotels\Room,56,room-image,2026-08-06 10:04:01,2026-08-06 10:04:01
3807724,image,https://cdn.bookmepk.com/sky/assets/images/hotels/rooms/1715d30b23c9cf7aca06938fa51cad12.jpg,MED,App\Models\Hotels\Room,56,room-image,2026-08-06 10:04:01,2026-08-06 10:04:01
3807725,image,https://cdn.bookmepk.com/sky/assets/images/hotels/rooms/f59f6179762b7ec373601c6515728447.jpg,MED,App\Models\Hotels\Room,56,room-image,2026-08-06 10:04:01,2026-08-06 10:04:01
3807726,image,https://cdn.bookmepk.com/sky/assets/images/hotels/rooms/a8d74e4f709910175cef32064e3172ec.jpg,MED,App\Models\Hotels\Room,56,room-image,2026-08-06 10:04:02,2026-08-06 10:04:02
3807727,image,https://cdn.bookmepk.com/sky/assets/images/hotels/rooms/73ba2973fcfd75933761d6ef38a3cd86.jpg,MED,App\Models\Hotels\Room,56,room-image,2026-08-06 10:04:02,2026-08-06 10:04:02
3807728,image,https://cdn.bookmepk.com/sky/assets/images/hotels/rooms/6a808f4391363f09f3f53c1e125ada31.jpg,MED,App\Models\Hotels\Room,57,room-image,2026-08-06 10:04:02,2026-08-06 10:04:02
3807729,image,https://cdn.bookmepk.com/sky/assets/images/hotels/rooms/db66e1cd5784832d8b0a4499544345e5.jpg,MED,App\Models\Hotels\Room,57,room-image,2026-08-06 10:04:03,2026-08-06 10:04:03
3807730,image,https://cdn.bookmepk.com/sky/assets/images/hotels/rooms/f59f6179762b7ec373601c6515728447.jpg,MED,App\Models\Hotels\Room,57,room-image,2026-08-06 10:04:03,2026-08-06 10:04:03
3807731,image,https://cdn.bookmepk.com/sky/assets/images/hotels/rooms/547977f81cb0e243e088a03c97c3e398.jpg,MED,App\Models\Hotels\Room,57,room-image,2026-08-06 10:04:03,2026-08-06 10:04:03
3807732,image,https://cdn.bookmepk.com/sky/assets/images/hotels/rooms/caef24b2a1c29efddd955fea66b04d6d.jpg,MED,App\Models\Hotels\Room,57,room-image,2026-08-06 10:04:03,2026-08-06 10:04:03
3807733,image,https://cdn.bookmepk.com/sky/assets/images/hotels/rooms/53c01200cda16f0523efb42a5b187b2e.jpg,MED,App\Models\Hotels\Room,58,room-image,2026-08-06 10:04:04,2026-08-06 10:04:04
3807734,image,https://cdn.bookmepk.com/sky/assets/images/hotels/rooms/1715d30b23c9cf7aca06938fa51cad12.jpg,MED,App\Models\Hotels\Room,58,room-image,2026-08-06 10:04:04,2026-08-06 10:04:04
3807735,image,https://cdn.bookmepk.com/sky/assets/images/hotels/rooms/f59f6179762b7ec373601c6515728447.jpg,MED,App\Models\Hotels\Room,58,room-image,2026-08-06 10:04:05,2026-08-06 10:04:05
3807736,image,https://cdn.bookmepk.com/sky/assets/images/hotels/rooms/cfa47e3e531aef832a21d5ea43a3e4d3.jpg,MED,App\Models\Hotels\Room,58,room-image,2026-08-06 10:04:05,2026-08-06 10:04:05
3807737,image,https://cdn.bookmepk.com/sky/assets/images/hotels/rooms/c52400762e291db9c50a84ed93439adf.jpg,MED,App\Models\Hotels\Room,58,room-image,2026-08-06 10:04:05,2026-08-06 10:04:05
3807738,image,https://cdn.bookmepk.com/sky/assets/images/hotels/rooms/3421c6c300dd0b90c34de752e6480edc.jpg,MED,App\Models\Hotels\Room,59,room-image,2026-08-06 10:04:06,2026-08-06 10:04:06
3807739,image,https://cdn.bookmepk.com/sky/assets/images/hotels/rooms/2a9bd4d6d619f4954d1ef4538894e590.jpg,MED,App\Models\Hotels\Room,59,room-image,2026-08-06 10:04:06,2026-08-06 10:04:06
3807740,image,https://cdn.bookmepk.com/sky/assets/images/hotels/rooms/f59f6179762b7ec373601c6515728447.jpg,MED,App\Models\Hotels\Room,59,room-image,2026-08-06 10:04:06,2026-08-06 10:04:06
3807741,image,https://cdn.bookmepk.com/sky/assets/images/hotels/rooms/dc0d77679097d3e184ae79059f551814.jpg,MED,App\Models\Hotels\Room,59,room-image,2026-08-06 10:04:06,2026-08-06 10:04:06
3807742,image,https://cdn.bookmepk.com/sky/assets/images/hotels/rooms/01bca0df489de4a58777715374172d15.jpg,MED,App\Models\Hotels\Room,59,room-image,2026-08-06 10:04:07,2026-08-06 10:04:07
3807743,image,https://cdn.bookmepk.com/sky/assets/images/hotels/rooms/b6ec924a23364c393bc5b6d5e7f884c3.jpg,MED,App\Models\Hotels\Room,60,room-image,2026-08-06 10:04:07,2026-08-06 10:04:07
3807744,image,https://cdn.bookmepk.com/sky/assets/images/hotels/rooms/d05a84f1ff234ba97d7c720145e6ba46.jpg,MED,App\Models\Hotels\Room,60,room-image,2026-08-06 10:04:08,2026-08-06 10:04:08
3807745,image,https://cdn.bookmepk.com/sky/assets/images/hotels/rooms/d6957f978f4247028853cfcbf3945cce.jpg,MED,App\Models\Hotels\Room,60,room-image,2026-08-06 10:04:08,2026-08-06 10:04:08
3807746,image,https://cdn.bookmepk.com/sky/assets/images/hotels/rooms/f59f6179762b7ec373601c6515728447.jpg,MED,App\Models\Hotels\Room,60,room-image,2026-08-06 10:04:08,2026-08-06 10:04:08
3807747,image,https://cdn.bookmepk.com/sky/assets/images/hotels/rooms/e5ce2c50974cce0e6f3e8f809cb349c2.jpg,MED,App\Models\Hotels\Room,60,room-image,2026-08-06 10:04:08,2026-08-06 10:04:08
3807748,image,https://cdn.bookmepk.com/sky/assets/images/hotels/rooms/59f8a57a1573b7436689a2575330f4cb.jpg,MED,App\Models\Hotels\Room,61,room-image,2026-08-06 10:04:08,2026-08-06 10:04:08
3807749,image,https://cdn.bookmepk.com/sky/assets/images/hotels/rooms/db66e1cd5784832d8b0a4499544345e5.jpg,MED,App\Models\Hotels\Room,61,room-image,2026-08-06 10:04:09,2026-08-06 10:04:09
3807750,image,https://cdn.bookmepk.com/sky/assets/images/hotels/rooms/5c1f4e5b2a7312ecb47178ed26d5834b.jpg,MED,App\Models\Hotels\Room,61,room-image,2026-08-06 10:04:09,2026-08-06 10:04:09
3807751,image,https://cdn.bookmepk.com/sky/assets/images/hotels/rooms/f11e997700cc5626ae71622a8fbfb0aa.jpg,MED,App\Models\Hotels\Room,61,room-image,2026-08-06 10:04:09,2026-08-06 10:04:09
3807752,image,https://cdn.bookmepk.com/sky/assets/images/hotels/rooms/79b483c2e85655262c80187b9c38191b.jpg,MED,App\Models\Hotels\Room,61,room-image,2026-08-06 10:04:09,2026-08-06 10:04:09
3807753,image,https://cdn.bookmepk.com/sky/assets/images/hotels/rooms/fe35a2f93fa8aec31481f4fbea7a0bfd.jpg,MED,App\Models\Hotels\Room,62,room-image,2026-08-06 10:05:25,2026-08-06 10:05:25
3807754,image,https://cdn.bookmepk.com/sky/assets/images/hotels/rooms/f7cfeb277c3451d62de18092728f69e6.jpg,MED,App\Models\Hotels\Room,62,room-image,2026-08-06 10:05:25,2026-08-06 10:05:25
3807755,image,https://cdn.bookmepk.com/sky/assets/images/hotels/rooms/f1d213ca46130f0df589c51e387d2fd2.jpg,MED,App\Models\Hotels\Room,62,room-image,2026-08-06 10:05:25,2026-08-06 10:05:25
3807756,image,https://cdn.bookmepk.com/sky/assets/images/hotels/rooms/162e100529697ae163e1b76789c483f2.jpg,MED,App\Models\Hotels\Room,62,room-image,2026-08-06 10:05:25,2026-08-06 10:05:25
3807757,image,https://cdn.bookmepk.com/sky/assets/images/hotels/rooms/71283711c8db7aedbe1d94d67040a47f.jpg,MED,App\Models\Hotels\Room,62,room-image,2026-08-06 10:05:26,2026-08-06 10:05:26
3807758,image,https://cdn.bookmepk.com/sky/assets/images/hotels/rooms/4ed95bdc74791d0073eef9795745059c.jpg,MED,App\Models\Hotels\Room,63,room-image,2026-08-06 10:05:26,2026-08-06 10:05:26
3807759,image,https://cdn.bookmepk.com/sky/assets/images/hotels/rooms/8f28e74138fad41c2bc7f296d323a501.jpg,MED,App\Models\Hotels\Room,63,room-image,2026-08-06 10:05:26,2026-08-06 10:05:26
3807760,image,https://cdn.bookmepk.com/sky/assets/images/hotels/rooms/7163c604820c0e951454d5cc8b7be6fd.jpg,MED,App\Models\Hotels\Room,63,room-image,2026-08-06 10:05:27,2026-08-06 10:05:27
3807761,image,https://cdn.bookmepk.com/sky/assets/images/hotels/rooms/74316653ef1064798572c1b5f9b6b7c6.jpg,MED,App\Models\Hotels\Room,63,room-image,2026-08-06 10:05:27,2026-08-06 10:05:27
3807762,image,https://cdn.bookmepk.com/sky/assets/images/hotels/rooms/0fd2aaeede9ccd11464d0823d97865be.jpg,MED,App\Models\Hotels\Room,63,room-image,2026-08-06 10:05:27,2026-08-06 10:05:27
3807763,image,https://cdn.bookmepk.com/sky/assets/images/hotels/rooms/c0fa1bd0e7bb66c0453faea7303290f1.jpg,MED,App\Models\Hotels\Room,64,room-image,2026-08-06 10:05:28,2026-08-06 10:05:28
3807764,image,https://cdn.bookmepk.com/sky/assets/images/hotels/rooms/690c08749d5f0dac00b1f6b052679630.jpg,MED,App\Models\Hotels\Room,64,room-image,2026-08-06 10:05:28,2026-08-06 10:05:28
3807765,image,https://cdn.bookmepk.com/sky/assets/images/hotels/rooms/fe1ac861cac05d27834f257ffdfc6aad.jpg,MED,App\Models\Hotels\Room,64,room-image,2026-08-06 10:05:28,2026-08-06 10:05:28
3807766,image,https://cdn.bookmepk.com/sky/assets/images/hotels/rooms/22281a25d0fbc2b8596a11d08e8df3a5.jpg,MED,App\Models\Hotels\Room,64,room-image,2026-08-06 10:05:29,2026-08-06 10:05:29
3807767,image,https://cdn.bookmepk.com/sky/assets/images/hotels/rooms/5f721d05e6598ac0bbc6356c2302b7d9.jpg,MED,App\Models\Hotels\Room,64,room-image,2026-08-06 10:05:29,2026-08-06 10:05:29
3807768,image,https://cdn.bookmepk.com/sky/assets/images/hotels/rooms/cd3a6439b93caaa6e2c59d9815441ba6.jpg,MED,App\Models\Hotels\Room,65,room-image,2026-08-06 10:05:30,2026-08-06 10:05:30
3807769,image,https://cdn.bookmepk.com/sky/assets/images/hotels/rooms/8f28e74138fad41c2bc7f296d323a501.jpg,MED,App\Models\Hotels\Room,65,room-image,2026-08-06 10:05:30,2026-08-06 10:05:30
3807770,image,https://cdn.bookmepk.com/sky/assets/images/hotels/rooms/5d34cee2735e704856da47c2d9d63d06.jpg,MED,App\Models\Hotels\Room,65,room-image,2026-08-06 10:05:31,2026-08-06 10:05:31
3807771,image,https://cdn.bookmepk.com/sky/assets/images/hotels/rooms/177f7a7a8446500d3981472fc137598a.jpg,MED,App\Models\Hotels\Room,65,room-image,2026-08-06 10:05:31,2026-08-06 10:05:31
3807772,image,https://cdn.bookmepk.com/sky/assets/images/hotels/rooms/74316653ef1064798572c1b5f9b6b7c6.jpg,MED,App\Models\Hotels\Room,65,room-image,2026-08-06 10:05:32,2026-08-06 10:05:32
3807773,image,https://cdn.bookmepk.com/sky/assets/images/hotels/rooms/e5ee10cceae3e306382cd2fa1c3910aa.jpg,MED,App\Models\Hotels\Room,66,room-image,2026-08-06 10:05:32,2026-08-06 10:05:32
3807774,image,https://cdn.bookmepk.com/sky/assets/images/hotels/rooms/2b0b220ad1fa60c721f1d998691431c1.jpg,MED,App\Models\Hotels\Room,66,room-image,2026-08-06 10:05:33,2026-08-06 10:05:33
3807775,image,https://cdn.bookmepk.com/sky/assets/images/hotels/rooms/8eca5126716b5822f533237b294d0686.jpg,MED,App\Models\Hotels\Room,66,room-image,2026-08-06 10:05:33,2026-08-06 10:05:33
3807776,image,https://cdn.bookmepk.com/sky/assets/images/hotels/rooms/345109c1505674f4768a7f180c928f56.jpg,MED,App\Models\Hotels\Room,66,room-image,2026-08-06 10:05:34,2026-08-06 10:05:34
3807777,image,https://cdn.bookmepk.com/sky/assets/images/hotels/rooms/22faac3c35d348b71a5a5f7d5df85839.jpg,MED,App\Models\Hotels\Room,67,room-image,2026-08-06 10:05:34,2026-08-06 10:05:34
3807778,image,https://cdn.bookmepk.com/sky/assets/images/hotels/rooms/8f28e74138fad41c2bc7f296d323a501.jpg,MED,App\Models\Hotels\Room,67,room-image,2026-08-06 10:05:34,2026-08-06 10:05:34
3807779,image,https://cdn.bookmepk.com/sky/assets/images/hotels/rooms/b3c9f1c990f22e7d108d5a96aeac3440.jpg,MED,App\Models\Hotels\Room,67,room-image,2026-08-06 10:05:35,2026-08-06 10:05:35
3807780,image,https://cdn.bookmepk.com/sky/assets/images/hotels/rooms/08957a7b5237e8f765a959fbefe50c82.jpg,MED,App\Models\Hotels\Room,67,room-image,2026-08-06 10:05:35,2026-08-06 10:05:35
3807781,image,https://cdn.bookmepk.com/sky/assets/images/hotels/rooms/5c8996262e129ccf9d1e3865c14bba5a.jpg,MED,App\Models\Hotels\Room,67,room-image,2026-08-06 10:05:35,2026-08-06 10:05:35
3807782,image,https://cdn.bookmepk.com/sky/assets/images/hotels/rooms/8d2b0730004bf5bfad9a1a93c41157cd.jpg,MED,App\Models\Hotels\Room,68,room-image,2026-08-06 10:05:36,2026-08-06 10:05:36
3807783,image,https://cdn.bookmepk.com/sky/assets/images/hotels/rooms/2b0b220ad1fa60c721f1d998691431c1.jpg,MED,App\Models\Hotels\Room,68,room-image,2026-08-06 10:05:36,2026-08-06 10:05:36
3807784,image,https://cdn.bookmepk.com/sky/assets/images/hotels/rooms/82e8f4ebe3812f939a856104e6b9246f.jpg,MED,App\Models\Hotels\Room,68,room-image,2026-08-06 10:05:36,2026-08-06 10:05:36
3807785,image,https://cdn.bookmepk.com/sky/assets/images/hotels/rooms/345109c1505674f4768a7f180c928f56.jpg,MED,App\Models\Hotels\Room,68,room-image,2026-08-06 10:05:37,2026-08-06 10:05:37
3807786,image,https://cdn.bookmepk.com/sky/assets/images/hotels/rooms/fff37c983589248c5b194e171f26590e.jpg,MED,App\Models\Hotels\Room,69,room-image,2026-08-06 10:05:37,2026-08-06 10:05:37
3807787,image,https://cdn.bookmepk.com/sky/assets/images/hotels/rooms/8f28e74138fad41c2bc7f296d323a501.jpg,MED,App\Models\Hotels\Room,69,room-image,2026-08-06 10:05:37,2026-08-06 10:05:37
3807788,image,https://cdn.bookmepk.com/sky/assets/images/hotels/rooms/8ec6c2c977364227ea1fad9226a274ba.jpg,MED,App\Models\Hotels\Room,69,room-image,2026-08-06 10:05:38,2026-08-06 10:05:38
3807789,image,https://cdn.bookmepk.com/sky/assets/images/hotels/rooms/6a4bbc836edae41ec95b90a64c27de43.jpg,MED,App\Models\Hotels\Room,69,room-image,2026-08-06 10:05:38,2026-08-06 10:05:38
3807790,image,https://cdn.bookmepk.com/sky/assets/images/hotels/rooms/3d780520b03a1acb6da6794779a7bb8d.jpg,MED,App\Models\Hotels\Room,70,room-image,2026-08-06 10:05:38,2026-08-06 10:05:38
3807791,image,https://cdn.bookmepk.com/sky/assets/images/hotels/rooms/81c85eac6005c92da9678754eb174fb7.jpg,MED,App\Models\Hotels\Room,70,room-image,2026-08-06 10:05:39,2026-08-06 10:05:39
3807792,image,https://cdn.bookmepk.com/sky/assets/images/hotels/rooms/f44894b2755c34ae54d2ff6db1cee8df.jpg,MED,App\Models\Hotels\Room,70,room-image,2026-08-06 10:05:39,2026-08-06 10:05:39
3807793,image,https://cdn.bookmepk.com/sky/assets/images/hotels/rooms/a371bf44fff92b1d7a784e5149f57d33.jpg,MED,App\Models\Hotels\Room,70,room-image,2026-08-06 10:05:39,2026-08-06 10:05:39
3807794,image,https://cdn.bookmepk.com/sky/assets/images/hotels/rooms/ddf17f22d075758003cdb652d7a0e149.jpg,MED,App\Models\Hotels\Room,70,room-image,2026-08-06 10:05:39,2026-08-06 10:05:39
3807795,image,https://cdn.bookmepk.com/sky/assets/images/hotels/rooms/bbb422c2d92563c13621b654dd6646bd.jpg,MED,App\Models\Hotels\Room,71,room-image,2026-08-06 10:05:40,2026-08-06 10:05:40
3807796,image,https://cdn.bookmepk.com/sky/assets/images/hotels/rooms/b38f761c946fd0d07d04cfcccdb4e355.jpg,MED,App\Models\Hotels\Room,71,room-image,2026-08-06 10:05:40,2026-08-06 10:05:40
3807797,image,https://cdn.bookmepk.com/sky/assets/images/hotels/rooms/f19c6399d7d069e617b8f1a9c0ad2830.jpg,MED,App\Models\Hotels\Room,71,room-image,2026-08-06 10:05:41,2026-08-06 10:05:41
3807798,image,https://cdn.bookmepk.com/sky/assets/images/hotels/rooms/4b341c771d2d2422118158719036de0c.jpg,MED,App\Models\Hotels\Room,71,room-image,2026-08-06 10:05:41,2026-08-06 10:05:41
3807799,image,https://cdn.bookmepk.com/sky/assets/images/hotels/rooms/95566e35db34b1c58f6afc8f19b42f74.jpg,MED,App\Models\Hotels\Room,71,room-image,2026-08-06 10:05:41,2026-08-06 10:05:41
3807800,image,https://cdn.bookmepk.com/sky/assets/images/hotels/rooms/ec5cc88020b98ba1f5c46f84e336b880.jpg,MED,App\Models\Hotels\Room,72,room-image,2026-08-06 10:05:42,2026-08-06 10:05:42
3807801,image,https://cdn.bookmepk.com/sky/assets/images/hotels/rooms/88e5cf9a6b9284c986ee08ebbe428c3f.jpg,MED,App\Models\Hotels\Room,72,room-image,2026-08-06 10:05:42,2026-08-06 10:05:42
3807802,image,https://cdn.bookmepk.com/sky/assets/images/hotels/rooms/2395103b5a0d28a8c6524f1f625cdce5.jpg,MED,App\Models\Hotels\Room,72,room-image,2026-08-06 10:05:42,2026-08-06 10:05:42
3807803,image,https://cdn.bookmepk.com/sky/assets/images/hotels/rooms/8a4b1d1ef34acbae440f2f45b6448b64.jpg,MED,App\Models\Hotels\Room,72,room-image,2026-08-06 10:05:43,2026-08-06 10:05:43
3807804,image,https://cdn.bookmepk.com/sky/assets/images/hotels/rooms/2c721e4fbe1f2d86e470373eb18c1561.jpg,MED,App\Models\Hotels\Room,72,room-image,2026-08-06 10:05:43,2026-08-06 10:05:43
3807805,image,https://cdn.bookmepk.com/sky/assets/images/hotels/rooms/5f50b7622d5b91e5dc92fcc779b271fb.jpg,MED,App\Models\Hotels\Room,73,room-image,2026-08-06 10:08:09,2026-08-06 10:08:09
3807806,image,https://cdn.bookmepk.com/sky/assets/images/hotels/rooms/0d918d412600d0150a5a8c372fb64613.jpg,MED,App\Models\Hotels\Room,73,room-image,2026-08-06 10:08:09,2026-08-06 10:08:09
3807807,image,https://cdn.bookmepk.com/sky/assets/images/hotels/rooms/dc77a5f2c3ca814ecc22855fbbc18e88.jpg,MED,App\Models\Hotels\Room,73,room-image,2026-08-06 10:08:09,2026-08-06 10:08:09
3807808,image,https://cdn.bookmepk.com/sky/assets/images/hotels/rooms/b2cdc655c5f4986083ec17d96b8f4ede.jpg,MED,App\Models\Hotels\Room,73,room-image,2026-08-06 10:08:09,2026-08-06 10:08:09
3807809,image,https://cdn.bookmepk.com/sky/assets/images/hotels/rooms/5f709fd844526656bfd46a6b674b9581.jpg,MED,App\Models\Hotels\Room,73,room-image,2026-08-06 10:08:09,2026-08-06 10:08:09
3807810,image,https://cdn.bookmepk.com/sky/assets/images/hotels/rooms/bead17508a63edf64d66b255a9f1b763.jpg,MED,App\Models\Hotels\Room,74,room-image,2026-08-06 10:08:09,2026-08-06 10:08:09
3807811,image,https://cdn.bookmepk.com/sky/assets/images/hotels/rooms/0d918d412600d0150a5a8c372fb64613.jpg,MED,App\Models\Hotels\Room,74,room-image,2026-08-06 10:08:09,2026-08-06 10:08:09
3807812,image,https://cdn.bookmepk.com/sky/assets/images/hotels/rooms/9330db975335e64475c119301cc23149.jpg,MED,App\Models\Hotels\Room,74,room-image,2026-08-06 10:08:09,2026-08-06 10:08:09
3807813,image,https://cdn.bookmepk.com/sky/assets/images/hotels/rooms/840669e37fc8ae24f7a12b8bccd518b1.jpg,MED,App\Models\Hotels\Room,74,room-image,2026-08-06 10:08:09,2026-08-06 10:08:09
3807814,image,https://cdn.bookmepk.com/sky/assets/images/hotels/rooms/5c82dc3dcfab911d7fe3f4daba2b33e2.jpg,MED,App\Models\Hotels\Room,74,room-image,2026-08-06 10:08:09,2026-08-06 10:08:09
3807815,image,https://cdn.bookmepk.com/sky/assets/images/hotels/rooms/6e6aa374fe24d4dccad6625a0420b7b7.jpg,MED,App\Models\Hotels\Room,75,room-image,2026-08-06 10:08:10,2026-08-06 10:08:10
3807816,image,https://cdn.bookmepk.com/sky/assets/images/hotels/rooms/0d918d412600d0150a5a8c372fb64613.jpg,MED,App\Models\Hotels\Room,75,room-image,2026-08-06 10:08:10,2026-08-06 10:08:10
3807817,image,https://cdn.bookmepk.com/sky/assets/images/hotels/rooms/c2364fdd30a65d03934d05d88fe14732.jpg,MED,App\Models\Hotels\Room,75,room-image,2026-08-06 10:08:10,2026-08-06 10:08:10
3807818,image,https://cdn.bookmepk.com/sky/assets/images/hotels/rooms/dc77a5f2c3ca814ecc22855fbbc18e88.jpg,MED,App\Models\Hotels\Room,75,room-image,2026-08-06 10:08:10,2026-08-06 10:08:10
3807819,image,https://cdn.bookmepk.com/sky/assets/images/hotels/rooms/8d258c292eb563c37b535cffd3a9a7c9.jpg,MED,App\Models\Hotels\Room,75,room-image,2026-08-06 10:08:10,2026-08-06 10:08:10
3807820,image,https://cdn.bookmepk.com/sky/assets/images/hotels/rooms/d335a7fac171683b35f67bf3ba66c09c.jpg,MED,App\Models\Hotels\Room,76,room-image,2026-08-06 10:08:10,2026-08-06 10:08:10
3807821,image,https://cdn.bookmepk.com/sky/assets/images/hotels/rooms/0d918d412600d0150a5a8c372fb64613.jpg,MED,App\Models\Hotels\Room,76,room-image,2026-08-06 10:08:10,2026-08-06 10:08:10
3807822,image,https://cdn.bookmepk.com/sky/assets/images/hotels/rooms/edd5ef4b3e3bd869ad3dbfecfdc044be.jpg,MED,App\Models\Hotels\Room,76,room-image,2026-08-06 10:08:10,2026-08-06 10:08:10
3807823,image,https://cdn.bookmepk.com/sky/assets/images/hotels/rooms/93cd1e416181bca2fd413de610fcb046.jpg,MED,App\Models\Hotels\Room,76,room-image,2026-08-06 10:08:11,2026-08-06 10:08:11
3807824,image,https://cdn.bookmepk.com/sky/assets/images/hotels/rooms/cee754dc6b07858c236003ab0c81c109.jpg,MED,App\Models\Hotels\Room,76,room-image,2026-08-06 10:08:11,2026-08-06 10:08:11
3807825,image,https://cdn.bookmepk.com/sky/assets/images/hotels/rooms/6e6aa374fe24d4dccad6625a0420b7b7.jpg,MED,App\Models\Hotels\Room,77,room-image,2026-08-06 10:08:11,2026-08-06 10:08:11
3807826,image,https://cdn.bookmepk.com/sky/assets/images/hotels/rooms/0d918d412600d0150a5a8c372fb64613.jpg,MED,App\Models\Hotels\Room,77,room-image,2026-08-06 10:08:11,2026-08-06 10:08:11
3807827,image,https://cdn.bookmepk.com/sky/assets/images/hotels/rooms/edd5ef4b3e3bd869ad3dbfecfdc044be.jpg,MED,App\Models\Hotels\Room,77,room-image,2026-08-06 10:08:11,2026-08-06 10:08:11
3807828,image,https://cdn.bookmepk.com/sky/assets/images/hotels/rooms/bead17508a63edf64d66b255a9f1b763.jpg,MED,App\Models\Hotels\Room,77,room-image,2026-08-06 10:08:11,2026-08-06 10:08:11
3807829,image,https://cdn.bookmepk.com/sky/assets/images/hotels/rooms/7113f09cbeabf1a0e3102d5152523627.jpg,MED,App\Models\Hotels\Room,77,room-image,2026-08-06 10:08:11,2026-08-06 10:08:11
3807830,image,https://cdn.bookmepk.com/sky/assets/images/hotels/rooms/5f50b7622d5b91e5dc92fcc779b271fb.jpg,MED,App\Models\Hotels\Room,78,room-image,2026-08-06 10:08:11,2026-08-06 10:08:11
3807831,image,https://cdn.bookmepk.com/sky/assets/images/hotels/rooms/0d918d412600d0150a5a8c372fb64613.jpg,MED,App\Models\Hotels\Room,78,room-image,2026-08-06 10:08:12,2026-08-06 10:08:12
3807832,image,https://cdn.bookmepk.com/sky/assets/images/hotels/rooms/0f1bc505fc07be4e758409795704290d.jpg,MED,App\Models\Hotels\Room,78,room-image,2026-08-06 10:08:12,2026-08-06 10:08:12
3807833,image,https://cdn.bookmepk.com/sky/assets/images/hotels/rooms/cee754dc6b07858c236003ab0c81c109.jpg,MED,App\Models\Hotels\Room,78,room-image,2026-08-06 10:08:12,2026-08-06 10:08:12
3807834,image,https://cdn.bookmepk.com/sky/assets/images/hotels/rooms/59ca34ed2bce612d2feee511d6421cb7.jpg,MED,App\Models\Hotels\Room,78,room-image,2026-08-06 10:08:12,2026-08-06 10:08:12
3807835,image,https://cdn.bookmepk.com/sky/assets/images/hotels/rooms/6e6aa374fe24d4dccad6625a0420b7b7.jpg,MED,App\Models\Hotels\Room,79,room-image,2026-08-06 10:08:12,2026-08-06 10:08:12
3807836,image,https://cdn.bookmepk.com/sky/assets/images/hotels/rooms/1c960aeae861d69b2ea92fcf1f4648aa.jpg,MED,App\Models\Hotels\Room,79,room-image,2026-08-06 10:08:12,2026-08-06 10:08:12
3807837,image,https://cdn.bookmepk.com/sky/assets/images/hotels/rooms/1cbf7ae9ef2822b16ca6ec4f96a7ddb2.jpg,MED,App\Models\Hotels\Room,79,room-image,2026-08-06 10:08:12,2026-08-06 10:08:12
3807838,image,https://cdn.bookmepk.com/sky/assets/images/hotels/rooms/cee754dc6b07858c236003ab0c81c109.jpg,MED,App\Models\Hotels\Room,79,room-image,2026-08-06 10:08:12,2026-08-06 10:08:12
3807839,image,https://cdn.bookmepk.com/sky/assets/images/hotels/rooms/59ca34ed2bce612d2feee511d6421cb7.jpg,MED,App\Models\Hotels\Room,79,room-image,2026-08-06 10:08:12,2026-08-06 10:08:12
3807840,image,https://cdn.bookmepk.com/sky/assets/images/hotels/rooms/22e9f8ec0dccfb8191dd49133bb40ddd.jpg,MED,App\Models\Hotels\Room,80,room-image,2026-08-06 10:08:13,2026-08-06 10:08:13
3807841,image,https://cdn.bookmepk.com/sky/assets/images/hotels/rooms/209b0af41a5061d79ee65785c3495b4d.jpg,MED,App\Models\Hotels\Room,80,room-image,2026-08-06 10:08:13,2026-08-06 10:08:13
3807842,image,https://cdn.bookmepk.com/sky/assets/images/hotels/rooms/22a9bf72bf58dfcfd1cf71b039bdff26.jpg,MED,App\Models\Hotels\Room,80,room-image,2026-08-06 10:08:13,2026-08-06 10:08:13
3807843,image,https://cdn.bookmepk.com/sky/assets/images/hotels/rooms/42ea1860c8916735266029d0ef5f5c3e.jpg,MED,App\Models\Hotels\Room,80,room-image,2026-08-06 10:08:13,2026-08-06 10:08:13
3807844,image,https://cdn.bookmepk.com/sky/assets/images/hotels/rooms/202f48a7fd6b0cdff06fa6b9a2e7d465.jpg,MED,App\Models\Hotels\Room,80,room-image,2026-08-06 10:08:13,2026-08-06 10:08:13
3807845,image,https://cdn.bookmepk.com/sky/assets/images/hotels/rooms/22e9f8ec0dccfb8191dd49133bb40ddd.jpg,MED,App\Models\Hotels\Room,81,room-image,2026-08-06 10:08:13,2026-08-06 10:08:13
3807846,image,https://cdn.bookmepk.com/sky/assets/images/hotels/rooms/209b0af41a5061d79ee65785c3495b4d.jpg,MED,App\Models\Hotels\Room,81,room-image,2026-08-06 10:08:13,2026-08-06 10:08:13
3807847,image,https://cdn.bookmepk.com/sky/assets/images/hotels/rooms/c2364fdd30a65d03934d05d88fe14732.jpg,MED,App\Models\Hotels\Room,81,room-image,2026-08-06 10:08:13,2026-08-06 10:08:13
3807848,image,https://cdn.bookmepk.com/sky/assets/images/hotels/rooms/092c40b2a385db52b48f1634708eb46b.jpg,MED,App\Models\Hotels\Room,81,room-image,2026-08-06 10:08:14,2026-08-06 10:08:14
3807849,image,https://cdn.bookmepk.com/sky/assets/images/hotels/rooms/59a3ce81dc3d32cc67829b3d4508e5af.jpg,MED,App\Models\Hotels\Room,81,room-image,2026-08-06 10:08:14,2026-08-06 10:08:14
3807850,image,https://cdn.bookmepk.com/sky/assets/images/hotels/rooms/5e6c0c2ff13320ed4664101cd949430a.jpg,MED,App\Models\Hotels\Room,82,room-image,2026-08-06 10:08:14,2026-08-06 10:08:14
3807851,image,https://cdn.bookmepk.com/sky/assets/images/hotels/rooms/5e0a57773def9ef0e5c5006fe6fbbd85.jpg,MED,App\Models\Hotels\Room,82,room-image,2026-08-06 10:08:14,2026-08-06 10:08:14
3807852,image,https://cdn.bookmepk.com/sky/assets/images/hotels/rooms/8b4cc01a884a44612cd4babda34590d7.jpg,MED,App\Models\Hotels\Room,82,room-image,2026-08-06 10:08:14,2026-08-06 10:08:14
3807853,image,https://cdn.bookmepk.com/sky/assets/images/hotels/rooms/ac0a79521777babc2cde3dff96e65aed.jpg,MED,App\Models\Hotels\Room,82,room-image,2026-08-06 10:08:14,2026-08-06 10:08:14
3807854,image,https://cdn.bookmepk.com/sky/assets/images/hotels/rooms/0b8e3c1515bbe8c18d400f93e5a34ebd.jpg,MED,App\Models\Hotels\Room,82,room-image,2026-08-06 10:08:14,2026-08-06 10:08:14
3807855,image,https://cdn.bookmepk.com/sky/assets/images/hotels/rooms/5e6c0c2ff13320ed4664101cd949430a.jpg,MED,App\Models\Hotels\Room,83,room-image,2026-08-06 10:08:14,2026-08-06 10:08:14
3807856,image,https://cdn.bookmepk.com/sky/assets/images/hotels/rooms/aeb7177769d8f0660b7c4565ef2d9e18.jpg,MED,App\Models\Hotels\Room,83,room-image,2026-08-06 10:08:15,2026-08-06 10:08:15
3807857,image,https://cdn.bookmepk.com/sky/assets/images/hotels/rooms/6a336fc8f09aa05d90670fdcd607aaf4.jpg,MED,App\Models\Hotels\Room,83,room-image,2026-08-06 10:08:15,2026-08-06 10:08:15
3807858,image,https://cdn.bookmepk.com/sky/assets/images/hotels/rooms/1f0f107cf02e3ccdfe5ba6691eaf013e.jpg,MED,App\Models\Hotels\Room,83,room-image,2026-08-06 10:08:15,2026-08-06 10:08:15
3807859,image,https://cdn.bookmepk.com/sky/assets/images/hotels/rooms/3adb6bfda79873111d34420603899f66.jpg,MED,App\Models\Hotels\Room,83,room-image,2026-08-06 10:08:15,2026-08-06 10:08:15
3807860,image,https://cdn.bookmepk.com/sky/assets/images/hotels/rooms/5e6c0c2ff13320ed4664101cd949430a.jpg,MED,App\Models\Hotels\Room,84,room-image,2026-08-06 10:08:15,2026-08-06 10:08:15
3807861,image,https://cdn.bookmepk.com/sky/assets/images/hotels/rooms/209b0af41a5061d79ee65785c3495b4d.jpg,MED,App\Models\Hotels\Room,84,room-image,2026-08-06 10:08:15,2026-08-06 10:08:15
3807862,image,https://cdn.bookmepk.com/sky/assets/images/hotels/rooms/c2364fdd30a65d03934d05d88fe14732.jpg,MED,App\Models\Hotels\Room,84,room-image,2026-08-06 10:08:15,2026-08-06 10:08:15
3807863,image,https://cdn.bookmepk.com/sky/assets/images/hotels/rooms/14c1fa2033eb4cd13c9db260b0712b68.jpg,MED,App\Models\Hotels\Room,84,room-image,2026-08-06 10:08:15,2026-08-06 10:08:15
3807864,image,https://cdn.bookmepk.com/sky/assets/images/hotels/rooms/dc77a5f2c3ca814ecc22855fbbc18e88.jpg,MED,App\Models\Hotels\Room,84,room-image,2026-08-06 10:08:16,2026-08-06 10:08:16
3807865,image,https://cdn.bookmepk.com/sky/assets/images/hotels/rooms/5e6c0c2ff13320ed4664101cd949430a.jpg,MED,App\Models\Hotels\Room,85,room-image,2026-08-06 10:08:16,2026-08-06 10:08:16
3807866,image,https://cdn.bookmepk.com/sky/assets/images/hotels/rooms/209b0af41a5061d79ee65785c3495b4d.jpg,MED,App\Models\Hotels\Room,85,room-image,2026-08-06 10:08:16,2026-08-06 10:08:16
3807867,image,https://cdn.bookmepk.com/sky/assets/images/hotels/rooms/9e082f9a6d9d28c804757cc0f5973825.jpg,MED,App\Models\Hotels\Room,85,room-image,2026-08-06 10:08:16,2026-08-06 10:08:16
3807868,image,https://cdn.bookmepk.com/sky/assets/images/hotels/rooms/c2364fdd30a65d03934d05d88fe14732.jpg,MED,App\Models\Hotels\Room,85,room-image,2026-08-06 10:08:16,2026-08-06 10:08:16
3807869,image,https://cdn.bookmepk.com/sky/assets/images/hotels/rooms/a6dfb01d0a064f07afd43c71a2794209.jpg,MED,App\Models\Hotels\Room,85,room-image,2026-08-06 10:08:16,2026-08-06 10:08:16
3807870,image,https://cdn.bookmepk.com/sky/assets/images/hotels/rooms/5e6c0c2ff13320ed4664101cd949430a.jpg,MED,App\Models\Hotels\Room,86,room-image,2026-08-06 10:08:17,2026-08-06 10:08:17
3807871,image,https://cdn.bookmepk.com/sky/assets/images/hotels/rooms/54c1f8413b0c2682e4c2c550a96b155e.jpg,MED,App\Models\Hotels\Room,86,room-image,2026-08-06 10:08:17,2026-08-06 10:08:17
3807872,image,https://cdn.bookmepk.com/sky/assets/images/hotels/rooms/33a9d31ad0600cbebe41fa4c8c94d1b0.jpg,MED,App\Models\Hotels\Room,86,room-image,2026-08-06 10:08:17,2026-08-06 10:08:17
3807873,image,https://cdn.bookmepk.com/sky/assets/images/hotels/rooms/91db89a16b519bfbde55b3353dd135af.jpg,MED,App\Models\Hotels\Room,86,room-image,2026-08-06 10:08:17,2026-08-06 10:08:17
3807874,image,https://cdn.bookmepk.com/sky/assets/images/hotels/rooms/73cc187622bcfaa12df99650d5541933.jpg,MED,App\Models\Hotels\Room,86,room-image,2026-08-06 10:08:17,2026-08-06 10:08:17
3807875,image,https://cdn.bookmepk.com/sky/assets/images/hotels/rooms/7e00b2eb7c76d47b863c212df7703ccb.jpg,MED,App\Models\Hotels\Room,87,room-image,2026-08-06 10:08:17,2026-08-06 10:08:17
3807876,image,https://cdn.bookmepk.com/sky/assets/images/hotels/rooms/54c1f8413b0c2682e4c2c550a96b155e.jpg,MED,App\Models\Hotels\Room,87,room-image,2026-08-06 10:08:17,2026-08-06 10:08:17
3807877,image,https://cdn.bookmepk.com/sky/assets/images/hotels/rooms/412e6af8776af1c9fb75454ca7096062.jpg,MED,App\Models\Hotels\Room,87,room-image,2026-08-06 10:08:17,2026-08-06 10:08:17
3807878,image,https://cdn.bookmepk.com/sky/assets/images/hotels/rooms/17756b65d496b06bab6dd2c381b9e73c.jpg,MED,App\Models\Hotels\Room,87,room-image,2026-08-06 10:08:17,2026-08-06 10:08:17
3807879,image,https://cdn.bookmepk.com/sky/assets/images/hotels/rooms/934bfee31f00523eb15f25ae7d5cf3ee.jpg,MED,App\Models\Hotels\Room,87,room-image,2026-08-06 10:08:17,2026-08-06 10:08:17
3807880,image,https://cdn.bookmepk.com/sky/assets/images/hotels/rooms/2a557da2d363856e59308c2b4d04d8c6.jpg,MED,App\Models\Hotels\Room,88,room-image,2026-08-06 10:09:33,2026-08-06 10:09:33
3807881,image,https://cdn.bookmepk.com/sky/assets/images/hotels/rooms/15304cbbedf39ad7f2b07fb99ffe2d35.jpg,MED,App\Models\Hotels\Room,88,room-image,2026-08-06 10:09:33,2026-08-06 10:09:33
3807882,image,https://cdn.bookmepk.com/sky/assets/images/hotels/rooms/cf6c325474af3e4b1dcc28b14a8c394d.jpg,MED,App\Models\Hotels\Room,88,room-image,2026-08-06 10:09:33,2026-08-06 10:09:33
3807883,image,https://cdn.bookmepk.com/sky/assets/images/hotels/rooms/3d79d26caec53c3951a5929e09c79694.jpg,MED,App\Models\Hotels\Room,88,room-image,2026-08-06 10:09:33,2026-08-06 10:09:33
3807884,image,https://cdn.bookmepk.com/sky/assets/images/hotels/rooms/ed48cb1b860f7492843de838e4184cfd.jpg,MED,App\Models\Hotels\Room,88,room-image,2026-08-06 10:09:33,2026-08-06 10:09:33
3807885,image,https://cdn.bookmepk.com/sky/assets/images/hotels/rooms/8b4a970d0d35dc321c0c3aef31ea6aca.jpg,MED,App\Models\Hotels\Room,89,room-image,2026-08-06 10:09:33,2026-08-06 10:09:33
3807886,image,https://cdn.bookmepk.com/sky/assets/images/hotels/rooms/401a86b28e8f3dee76653946e33caf3e.jpg,MED,App\Models\Hotels\Room,89,room-image,2026-08-06 10:09:34,2026-08-06 10:09:34
3807887,image,https://cdn.bookmepk.com/sky/assets/images/hotels/rooms/1946f92ee145a7c996e077be7752b542.jpg,MED,App\Models\Hotels\Room,89,room-image,2026-08-06 10:09:34,2026-08-06 10:09:34
3807888,image,https://cdn.bookmepk.com/sky/assets/images/hotels/rooms/e21790ae480ac546be15c805893f82e2.jpg,MED,App\Models\Hotels\Room,89,room-image,2026-08-06 10:09:34,2026-08-06 10:09:34
3807889,image,https://cdn.bookmepk.com/sky/assets/images/hotels/rooms/bc09f28aa7581843890bfd402d347c47.jpg,MED,App\Models\Hotels\Room,89,room-image,2026-08-06 10:09:34,2026-08-06 10:09:34
3807890,image,https://cdn.bookmepk.com/sky/assets/images/hotels/rooms/68d43551f4dc357e922ec45d025cd646.jpg,MED,App\Models\Hotels\Room,90,room-image,2026-08-06 10:09:34,2026-08-06 10:09:34
3807891,image,https://cdn.bookmepk.com/sky/assets/images/hotels/rooms/b004b0b18b2f666f07d37d2a3a7df9b0.jpg,MED,App\Models\Hotels\Room,90,room-image,2026-08-06 10:09:34,2026-08-06 10:09:34
3807892,image,https://cdn.bookmepk.com/sky/assets/images/hotels/rooms/15304cbbedf39ad7f2b07fb99ffe2d35.jpg,MED,App\Models\Hotels\Room,90,room-image,2026-08-06 10:09:34,2026-08-06 10:09:34
3807893,image,https://cdn.bookmepk.com/sky/assets/images/hotels/rooms/3d79d26caec53c3951a5929e09c79694.jpg,MED,App\Models\Hotels\Room,90,room-image,2026-08-06 10:09:34,2026-08-06 10:09:34
3807894,image,https://cdn.bookmepk.com/sky/assets/images/hotels/rooms/a4e5b63340cd596acca212f21f4c1eb6.jpg,MED,App\Models\Hotels\Room,90,room-image,2026-08-06 10:09:34,2026-08-06 10:09:34
3807895,image,https://cdn.bookmepk.com/sky/assets/images/hotels/rooms/e21790ae480ac546be15c805893f82e2.jpg,MED,App\Models\Hotels\Room,91,room-image,2026-08-06 10:09:35,2026-08-06 10:09:35
3807896,image,https://cdn.bookmepk.com/sky/assets/images/hotels/rooms/b004b0b18b2f666f07d37d2a3a7df9b0.jpg,MED,App\Models\Hotels\Room,91,room-image,2026-08-06 10:09:35,2026-08-06 10:09:35
3807897,image,https://cdn.bookmepk.com/sky/assets/images/hotels/rooms/bc09f28aa7581843890bfd402d347c47.jpg,MED,App\Models\Hotels\Room,91,room-image,2026-08-06 10:09:35,2026-08-06 10:09:35
3807898,image,https://cdn.bookmepk.com/sky/assets/images/hotels/rooms/15304cbbedf39ad7f2b07fb99ffe2d35.jpg,MED,App\Models\Hotels\Room,91,room-image,2026-08-06 10:09:35,2026-08-06 10:09:35
3807899,image,https://cdn.bookmepk.com/sky/assets/images/hotels/rooms/120b15d3c5ac49b33cd0f63b74c8b8f7.jpg,MED,App\Models\Hotels\Room,91,room-image,2026-08-06 10:09:35,2026-08-06 10:09:35
3807900,image,https://cdn.bookmepk.com/sky/assets/images/hotels/rooms/97b89d75ddc758b1b605755c254f75aa.jpg,MED,App\Models\Hotels\Room,92,room-image,2026-08-06 10:09:35,2026-08-06 10:09:35
3807901,image,https://cdn.bookmepk.com/sky/assets/images/hotels/rooms/15304cbbedf39ad7f2b07fb99ffe2d35.jpg,MED,App\Models\Hotels\Room,92,room-image,2026-08-06 10:09:35,2026-08-06 10:09:35
3807902,image,https://cdn.bookmepk.com/sky/assets/images/hotels/rooms/68d43551f4dc357e922ec45d025cd646.jpg,MED,App\Models\Hotels\Room,92,room-image,2026-08-06 10:09:35,2026-08-06 10:09:35
3807903,image,https://cdn.bookmepk.com/sky/assets/images/hotels/rooms/3d79d26caec53c3951a5929e09c79694.jpg,MED,App\Models\Hotels\Room,92,room-image,2026-08-06 10:09:36,2026-08-06 10:09:36
3807904,image,https://cdn.bookmepk.com/sky/assets/images/hotels/rooms/ed48cb1b860f7492843de838e4184cfd.jpg,MED,App\Models\Hotels\Room,92,room-image,2026-08-06 10:09:36,2026-08-06 10:09:36
3807905,image,https://cdn.bookmepk.com/sky/assets/images/hotels/rooms/47fdba29b9f3eafff1336345ac51de4c.jpg,MED,App\Models\Hotels\Room,93,room-image,2026-08-06 10:09:36,2026-08-06 10:09:36
3807906,image,https://cdn.bookmepk.com/sky/assets/images/hotels/rooms/ed48cb1b860f7492843de838e4184cfd.jpg,MED,App\Models\Hotels\Room,93,room-image,2026-08-06 10:09:36,2026-08-06 10:09:36
3807907,image,https://cdn.bookmepk.com/sky/assets/images/hotels/rooms/e21790ae480ac546be15c805893f82e2.jpg,MED,App\Models\Hotels\Room,93,room-image,2026-08-06 10:09:36,2026-08-06 10:09:36
3807908,image,https://cdn.bookmepk.com/sky/assets/images/hotels/rooms/bc09f28aa7581843890bfd402d347c47.jpg,MED,App\Models\Hotels\Room,93,room-image,2026-08-06 10:09:36,2026-08-06 10:09:36
3807909,image,https://cdn.bookmepk.com/sky/assets/images/hotels/rooms/120b15d3c5ac49b33cd0f63b74c8b8f7.jpg,MED,App\Models\Hotels\Room,93,room-image,2026-08-06 10:09:36,2026-08-06 10:09:36
3807910,image,https://cdn.bookmepk.com/sky/assets/images/hotels/rooms/cf6c325474af3e4b1dcc28b14a8c394d.jpg,MED,App\Models\Hotels\Room,94,room-image,2026-08-06 10:09:36,2026-08-06 10:09:36
3807911,image,https://cdn.bookmepk.com/sky/assets/images/hotels/rooms/15304cbbedf39ad7f2b07fb99ffe2d35.jpg,MED,App\Models\Hotels\Room,94,room-image,2026-08-06 10:09:37,2026-08-06 10:09:37
3807912,image,https://cdn.bookmepk.com/sky/assets/images/hotels/rooms/a988019196a28a87e4d9e2749735082b.jpg,MED,App\Models\Hotels\Room,94,room-image,2026-08-06 10:09:37,2026-08-06 10:09:37
3807913,image,https://cdn.bookmepk.com/sky/assets/images/hotels/rooms/68d43551f4dc357e922ec45d025cd646.jpg,MED,App\Models\Hotels\Room,94,room-image,2026-08-06 10:09:37,2026-08-06 10:09:37
3807914,image,https://cdn.bookmepk.com/sky/assets/images/hotels/rooms/df0edd78f1be8a306bdda3d89aa5a1d3.jpg,MED,App\Models\Hotels\Room,94,room-image,2026-08-06 10:09:37,2026-08-06 10:09:37
3807915,image,https://cdn.bookmepk.com/sky/assets/images/hotels/rooms/8b4a970d0d35dc321c0c3aef31ea6aca.jpg,MED,App\Models\Hotels\Room,95,room-image,2026-08-06 10:09:37,2026-08-06 10:09:37
3807916,image,https://cdn.bookmepk.com/sky/assets/images/hotels/rooms/ed48cb1b860f7492843de838e4184cfd.jpg,MED,App\Models\Hotels\Room,95,room-image,2026-08-06 10:09:37,2026-08-06 10:09:37
3807917,image,https://cdn.bookmepk.com/sky/assets/images/hotels/rooms/a988019196a28a87e4d9e2749735082b.jpg,MED,App\Models\Hotels\Room,95,room-image,2026-08-06 10:09:37,2026-08-06 10:09:37
3807918,image,https://cdn.bookmepk.com/sky/assets/images/hotels/rooms/c6271343bb3fe244d3afaa460ca9825a.jpg,MED,App\Models\Hotels\Room,95,room-image,2026-08-06 10:09:37,2026-08-06 10:09:37
3807919,image,https://cdn.bookmepk.com/sky/assets/images/hotels/rooms/e21790ae480ac546be15c805893f82e2.jpg,MED,App\Models\Hotels\Room,95,room-image,2026-08-06 10:09:37,2026-08-06 10:09:37
3807920,image,https://cdn.bookmepk.com/sky/assets/images/hotels/rooms/2ecbb91cc1a47c080f6c72c61bed513e.jpg,MED,App\Models\Hotels\Room,96,room-image,2026-08-06 10:09:38,2026-08-06 10:09:38
3807921,image,https://cdn.bookmepk.com/sky/assets/images/hotels/rooms/bc3a265aa35501410903b78c68866104.jpg,MED,App\Models\Hotels\Room,96,room-image,2026-08-06 10:09:38,2026-08-06 10:09:38
3807922,image,https://cdn.bookmepk.com/sky/assets/images/hotels/rooms/d376506663107041f498accfc129dee0.jpg,MED,App\Models\Hotels\Room,96,room-image,2026-08-06 10:09:38,2026-08-06 10:09:38
3807923,image,https://cdn.bookmepk.com/sky/assets/images/hotels/rooms/8d56ac4a2e59013689faa0d1de627bb4.jpg,MED,App\Models\Hotels\Room,96,room-image,2026-08-06 10:09:38,2026-08-06 10:09:38
3807924,image,https://cdn.bookmepk.com/sky/assets/images/hotels/rooms/65a12f0297fd5eb0f65551b8271a40a4.jpg,MED,App\Models\Hotels\Room,96,room-image,2026-08-06 10:09:38,2026-08-06 10:09:38
3807925,image,https://cdn.bookmepk.com/sky/assets/images/hotels/rooms/3129e3769e3b0a43ef3f659baa7d7bb2.jpg,MED,App\Models\Hotels\Room,97,room-image,2026-08-06 10:09:38,2026-08-06 10:09:38
3807926,image,https://cdn.bookmepk.com/sky/assets/images/hotels/rooms/11518b0473ae780cf0a75174d24ed9a1.jpg,MED,App\Models\Hotels\Room,97,room-image,2026-08-06 10:09:38,2026-08-06 10:09:38
3807927,image,https://cdn.bookmepk.com/sky/assets/images/hotels/rooms/cae15b1b9c40e5a9e4e670f2a5b522d4.jpg,MED,App\Models\Hotels\Room,97,room-image,2026-08-06 10:09:38,2026-08-06 10:09:38
3807928,image,https://cdn.bookmepk.com/sky/assets/images/hotels/rooms/4e7420716a415877d626c0bb946e1405.jpg,MED,App\Models\Hotels\Room,97,room-image,2026-08-06 10:09:39,2026-08-06 10:09:39
3807929,image,https://cdn.bookmepk.com/sky/assets/images/hotels/rooms/8d56ac4a2e59013689faa0d1de627bb4.jpg,MED,App\Models\Hotels\Room,97,room-image,2026-08-06 10:09:39,2026-08-06 10:09:39
3807930,image,https://cdn.bookmepk.com/sky/assets/images/hotels/rooms/5b95cf3f9f8c4916219de651810fa3ff.jpg,MED,App\Models\Hotels\Room,98,room-image,2026-08-06 10:09:39,2026-08-06 10:09:39
3807931,image,https://cdn.bookmepk.com/sky/assets/images/hotels/rooms/15304cbbedf39ad7f2b07fb99ffe2d35.jpg,MED,App\Models\Hotels\Room,98,room-image,2026-08-06 10:09:39,2026-08-06 10:09:39
3807932,image,https://cdn.bookmepk.com/sky/assets/images/hotels/rooms/409c750d92669224011831dfda0f3ec9.jpg,MED,App\Models\Hotels\Room,98,room-image,2026-08-06 10:09:39,2026-08-06 10:09:39
3807933,image,https://cdn.bookmepk.com/sky/assets/images/hotels/rooms/347596c6a9a0c10e71aa3548545b64a0.jpg,MED,App\Models\Hotels\Room,98,room-image,2026-08-06 10:09:39,2026-08-06 10:09:39
3807934,image,https://cdn.bookmepk.com/sky/assets/images/hotels/rooms/1946f92ee145a7c996e077be7752b542.jpg,MED,App\Models\Hotels\Room,98,room-image,2026-08-06 10:09:39,2026-08-06 10:09:39
3807935,image,https://cdn.bookmepk.com/sky/assets/images/hotels/rooms/20813c7a8bd3cc6b61c1cdeb2f78bfc3.jpg,MED,App\Models\Hotels\Room,99,room-image,2026-08-06 10:09:39,2026-08-06 10:09:39
3807936,image,https://cdn.bookmepk.com/sky/assets/images/hotels/rooms/bc3a265aa35501410903b78c68866104.jpg,MED,App\Models\Hotels\Room,99,room-image,2026-08-06 10:09:39,2026-08-06 10:09:39
3807937,image,https://cdn.bookmepk.com/sky/assets/images/hotels/rooms/4e7420716a415877d626c0bb946e1405.jpg,MED,App\Models\Hotels\Room,99,room-image,2026-08-06 10:09:40,2026-08-06 10:09:40
3807938,image,https://cdn.bookmepk.com/sky/assets/images/hotels/rooms/cf6c325474af3e4b1dcc28b14a8c394d.jpg,MED,App\Models\Hotels\Room,99,room-image,2026-08-06 10:09:40,2026-08-06 10:09:40
3807939,image,https://cdn.bookmepk.com/sky/assets/images/hotels/rooms/0f88f171282130e0c63fe14e8349c023.jpg,MED,App\Models\Hotels\Room,99,room-image,2026-08-06 10:09:40,2026-08-06 10:09:40
3807940,image,https://cdn.bookmepk.com/sky/assets/images/hotels/rooms/347596c6a9a0c10e71aa3548545b64a0.jpg,MED,App\Models\Hotels\Room,100,room-image,2026-08-06 10:09:40,2026-08-06 10:09:40
3807941,image,https://cdn.bookmepk.com/sky/assets/images/hotels/rooms/bc3a265aa35501410903b78c68866104.jpg,MED,App\Models\Hotels\Room,100,room-image,2026-08-06 10:09:40,2026-08-06 10:09:40
3807942,image,https://cdn.bookmepk.com/sky/assets/images/hotels/rooms/4ac7b0e43b31bbe9ce67669381b0509f.jpg,MED,App\Models\Hotels\Room,100,room-image,2026-08-06 10:09:40,2026-08-06 10:09:40
3807943,image,https://cdn.bookmepk.com/sky/assets/images/hotels/rooms/e1e4eb74638ba002890f70b5a47bf9f2.jpg,MED,App\Models\Hotels\Room,100,room-image,2026-08-06 10:09:40,2026-08-06 10:09:40
3807944,image,https://cdn.bookmepk.com/sky/assets/images/hotels/rooms/cf6c325474af3e4b1dcc28b14a8c394d.jpg,MED,App\Models\Hotels\Room,100,room-image,2026-08-06 10:09:40,2026-08-06 10:09:40
3807945,image,https://cdn.bookmepk.com/sky/assets/images/hotels/rooms/40ef667fdadd0a3ee66ef1fe77807dbb.jpg,MED,App\Models\Hotels\Room,101,room-image,2026-08-06 10:09:40,2026-08-06 10:09:40
3807946,image,https://cdn.bookmepk.com/sky/assets/images/hotels/rooms/50565bfbc13af2db55dac23ca11af2e9.jpg,MED,App\Models\Hotels\Room,101,room-image,2026-08-06 10:09:41,2026-08-06 10:09:41
3807947,image,https://cdn.bookmepk.com/sky/assets/images/hotels/rooms/125c7e556cd2262581a59cd0ad508e3b.jpg,MED,App\Models\Hotels\Room,101,room-image,2026-08-06 10:09:41,2026-08-06 10:09:41
3807948,image,https://cdn.bookmepk.com/sky/assets/images/hotels/rooms/b8ec28baf99a8ad9d1e007e10e53292f.jpg,MED,App\Models\Hotels\Room,101,room-image,2026-08-06 10:09:41,2026-08-06 10:09:41
3807949,image,https://cdn.bookmepk.com/sky/assets/images/hotels/rooms/8d56ac4a2e59013689faa0d1de627bb4.jpg,MED,App\Models\Hotels\Room,101,room-image,2026-08-06 10:09:41,2026-08-06 10:09:41
3807950,image,https://cdn.bookmepk.com/sky/assets/images/hotels/rooms/aa15bbbac07f42aef3116b0b6f806e96.jpg,MED,App\Models\Hotels\Room,103,room-image,2026-08-06 11:43:02,2026-08-06 11:43:02
3807951,image,https://cdn.bookmepk.com/sky/assets/images/hotels/rooms/3a7d5aa139bf3276a13e2dabda0826cc.jpg,MED,App\Models\Hotels\Room,103,room-image,2026-08-06 11:43:02,2026-08-06 11:43:02
3807952,image,https://cdn.bookmepk.com/sky/assets/images/hotels/rooms/f30e7833541b487b707b0ae871811960.jpg,MED,App\Models\Hotels\Room,103,room-image,2026-08-06 11:43:02,2026-08-06 11:43:02
3807953,image,https://cdn.bookmepk.com/sky/assets/images/hotels/rooms/be22e877470203c8612d7da5272eab52.jpg,MED,App\Models\Hotels\Room,103,room-image,2026-08-06 11:43:02,2026-08-06 11:43:02
3807954,image,https://cdn.bookmepk.com/sky/assets/images/hotels/rooms/aa15bbbac07f42aef3116b0b6f806e96.jpg,MED,App\Models\Hotels\Room,104,room-image,2026-08-06 11:43:03,2026-08-06 11:43:03
3807955,image,https://cdn.bookmepk.com/sky/assets/images/hotels/rooms/3a7d5aa139bf3276a13e2dabda0826cc.jpg,MED,App\Models\Hotels\Room,104,room-image,2026-08-06 11:43:03,2026-08-06 11:43:03
3807956,image,https://cdn.bookmepk.com/sky/assets/images/hotels/rooms/f30e7833541b487b707b0ae871811960.jpg,MED,App\Models\Hotels\Room,104,room-image,2026-08-06 11:43:04,2026-08-06 11:43:04
3807957,image,https://cdn.bookmepk.com/sky/assets/images/hotels/rooms/be22e877470203c8612d7da5272eab52.jpg,MED,App\Models\Hotels\Room,104,room-image,2026-08-06 11:43:04,2026-08-06 11:43:04
3807958,image,https://cdn.bookmepk.com/sky/assets/images/hotels/rooms/c865ce00c9e2db2c4932c9c3ac0c35bc.jpg,MED,App\Models\Hotels\Room,105,room-image,2026-08-06 11:43:04,2026-08-06 11:43:04
3807959,image,https://cdn.bookmepk.com/sky/assets/images/hotels/rooms/3a7d5aa139bf3276a13e2dabda0826cc.jpg,MED,App\Models\Hotels\Room,105,room-image,2026-08-06 11:43:05,2026-08-06 11:43:05
3807960,image,https://cdn.bookmepk.com/sky/assets/images/hotels/rooms/f30e7833541b487b707b0ae871811960.jpg,MED,App\Models\Hotels\Room,105,room-image,2026-08-06 11:43:05,2026-08-06 11:43:05
3807961,image,https://cdn.bookmepk.com/sky/assets/images/hotels/rooms/c073c7f2a5e3efef583d652730706b55.jpg,MED,App\Models\Hotels\Room,105,room-image,2026-08-06 11:43:05,2026-08-06 11:43:05
3807962,image,https://cdn.bookmepk.com/sky/assets/images/hotels/rooms/be22e877470203c8612d7da5272eab52.jpg,MED,App\Models\Hotels\Room,105,room-image,2026-08-06 11:43:05,2026-08-06 11:43:05
3807963,image,https://cdn.bookmepk.com/sky/assets/images/hotels/rooms/06cdc12b0d90616c0c890893898c85e7.jpg,MED,App\Models\Hotels\Room,106,room-image,2026-08-06 11:43:06,2026-08-06 11:43:06
3807964,image,https://cdn.bookmepk.com/sky/assets/images/hotels/rooms/d8f06b40dfaba5c01e929503c38cc205.jpg,MED,App\Models\Hotels\Room,106,room-image,2026-08-06 11:43:06,2026-08-06 11:43:06
3807965,image,https://cdn.bookmepk.com/sky/assets/images/hotels/rooms/03fdf697e7f88a9667beb61bb90be49f.jpg,MED,App\Models\Hotels\Room,106,room-image,2026-08-06 11:43:06,2026-08-06 11:43:06
3807966,image,https://cdn.bookmepk.com/sky/assets/images/hotels/rooms/f30e7833541b487b707b0ae871811960.jpg,MED,App\Models\Hotels\Room,106,room-image,2026-08-06 11:43:06,2026-08-06 11:43:06
3807967,image,https://cdn.bookmepk.com/sky/assets/images/hotels/rooms/be22e877470203c8612d7da5272eab52.jpg,MED,App\Models\Hotels\Room,106,room-image,2026-08-06 11:43:06,2026-08-06 11:43:06
3807968,image,https://cdn.bookmepk.com/sky/assets/images/hotels/rooms/de50ab51d1f433b5a18d511a49111e05.jpg,MED,App\Models\Hotels\Room,107,room-image,2026-08-06 11:44:16,2026-08-06 11:44:16
3807969,image,https://cdn.bookmepk.com/sky/assets/images/hotels/rooms/f813e50b65c9ec4885ac2051a3424cd6.jpg,MED,App\Models\Hotels\Room,107,room-image,2026-08-06 11:44:16,2026-08-06 11:44:16
3807970,image,https://cdn.bookmepk.com/sky/assets/images/hotels/rooms/4ed819252fb3e2b090b92aad3f94c14a.jpg,MED,App\Models\Hotels\Room,107,room-image,2026-08-06 11:44:16,2026-08-06 11:44:16
3807971,image,https://cdn.bookmepk.com/sky/assets/images/hotels/rooms/898e903c69dd0ee6ff4bfbbe8d3d8756.jpg,MED,App\Models\Hotels\Room,107,room-image,2026-08-06 11:44:16,2026-08-06 11:44:16
3807972,image,https://cdn.bookmepk.com/sky/assets/images/hotels/rooms/23948ff28da8dc83ba0c374c3e170c02.jpg,MED,App\Models\Hotels\Room,107,room-image,2026-08-06 11:44:17,2026-08-06 11:44:17
3807973,image,https://cdn.bookmepk.com/sky/assets/images/hotels/rooms/2d46d065ef21b107edfd1e14bacc9948.jpg,MED,App\Models\Hotels\Room,108,room-image,2026-08-06 11:44:17,2026-08-06 11:44:17
3807974,image,https://cdn.bookmepk.com/sky/assets/images/hotels/rooms/f813e50b65c9ec4885ac2051a3424cd6.jpg,MED,App\Models\Hotels\Room,108,room-image,2026-08-06 11:44:17,2026-08-06 11:44:17
3807975,image,https://cdn.bookmepk.com/sky/assets/images/hotels/rooms/441251a80d1613aadba23f22bb2d19cb.jpg,MED,App\Models\Hotels\Room,108,room-image,2026-08-06 11:44:17,2026-08-06 11:44:17
3807976,image,https://cdn.bookmepk.com/sky/assets/images/hotels/rooms/a6a18891320aefefe28d1ab5b7081f8e.jpg,MED,App\Models\Hotels\Room,108,room-image,2026-08-06 11:44:18,2026-08-06 11:44:18
3807977,image,https://cdn.bookmepk.com/sky/assets/images/hotels/rooms/f003f53d071711ef770469c6459bcc2e.jpg,MED,App\Models\Hotels\Room,108,room-image,2026-08-06 11:44:18,2026-08-06 11:44:18
3807978,image,https://cdn.bookmepk.com/sky/assets/images/hotels/rooms/f460f462fbd8c28e9e6499798840b555.jpg,MED,App\Models\Hotels\Room,109,room-image,2026-08-06 11:44:18,2026-08-06 11:44:18
3807979,image,https://cdn.bookmepk.com/sky/assets/images/hotels/rooms/fa5af6568e4c6ead3c5e2aee9e099f25.jpg,MED,App\Models\Hotels\Room,109,room-image,2026-08-06 11:44:18,2026-08-06 11:44:18
3807980,image,https://cdn.bookmepk.com/sky/assets/images/hotels/rooms/0b95a698bdda6d0d7756f160fdda5f4e.jpg,MED,App\Models\Hotels\Room,109,room-image,2026-08-06 11:44:19,2026-08-06 11:44:19
3807981,image,https://cdn.bookmepk.com/sky/assets/images/hotels/rooms/9acaa19bf1eaaa3947dece6edac76d0c.jpg,MED,App\Models\Hotels\Room,109,room-image,2026-08-06 11:44:19,2026-08-06 11:44:19
3807982,image,https://cdn.bookmepk.com/sky/assets/images/hotels/rooms/a5909528716206bd49fa2a9a1aa4e825.jpg,MED,App\Models\Hotels\Room,109,room-image,2026-08-06 11:44:19,2026-08-06 11:44:19
3807983,image,https://cdn.bookmepk.com/sky/assets/images/hotels/rooms/d3620b9d57abd6c3f4a79757ef9ad053.jpg,MED,App\Models\Hotels\Room,110,room-image,2026-08-06 11:44:19,2026-08-06 11:44:19
3807984,image,https://cdn.bookmepk.com/sky/assets/images/hotels/rooms/fa5af6568e4c6ead3c5e2aee9e099f25.jpg,MED,App\Models\Hotels\Room,110,room-image,2026-08-06 11:44:20,2026-08-06 11:44:20
3807985,image,https://cdn.bookmepk.com/sky/assets/images/hotels/rooms/e3570e1e74396d1335b9e2bbc5962d21.jpg,MED,App\Models\Hotels\Room,110,room-image,2026-08-06 11:44:20,2026-08-06 11:44:20
3807986,image,https://cdn.bookmepk.com/sky/assets/images/hotels/rooms/8cfc5cfa6ce135964a376574e9b8d49c.jpg,MED,App\Models\Hotels\Room,110,room-image,2026-08-06 11:44:20,2026-08-06 11:44:20
3807987,image,https://cdn.bookmepk.com/sky/assets/images/hotels/rooms/7b39c01fb572070f0216200293207b18.jpg,MED,App\Models\Hotels\Room,110,room-image,2026-08-06 11:44:20,2026-08-06 11:44:20
3807988,image,https://cdn.bookmepk.com/sky/assets/images/hotels/rooms/3a87fa46163ffb6b6813abe88e947edc.jpg,MED,App\Models\Hotels\Room,111,room-image,2026-08-06 11:44:21,2026-08-06 11:44:21
3807989,image,https://cdn.bookmepk.com/sky/assets/images/hotels/rooms/fa5af6568e4c6ead3c5e2aee9e099f25.jpg,MED,App\Models\Hotels\Room,111,room-image,2026-08-06 11:44:21,2026-08-06 11:44:21
3807990,image,https://cdn.bookmepk.com/sky/assets/images/hotels/rooms/8e4a325425dec22e3b700be23194097c.jpg,MED,App\Models\Hotels\Room,111,room-image,2026-08-06 11:44:21,2026-08-06 11:44:21
3807991,image,https://cdn.bookmepk.com/sky/assets/images/hotels/rooms/0b95a698bdda6d0d7756f160fdda5f4e.jpg,MED,App\Models\Hotels\Room,111,room-image,2026-08-06 11:44:21,2026-08-06 11:44:21
3807992,image,https://cdn.bookmepk.com/sky/assets/images/hotels/rooms/2a59306c02123c98e3bd44c1ef2e79da.jpg,MED,App\Models\Hotels\Room,111,room-image,2026-08-06 11:44:21,2026-08-06 11:44:21
3807993,image,https://cdn.bookmepk.com/sky/assets/images/hotels/rooms/de50ab51d1f433b5a18d511a49111e05.jpg,MED,App\Models\Hotels\Room,112,room-image,2026-08-06 11:44:22,2026-08-06 11:44:22
3807994,image,https://cdn.bookmepk.com/sky/assets/images/hotels/rooms/e54e28139abdffccdd116c52605b5af0.jpg,MED,App\Models\Hotels\Room,112,room-image,2026-08-06 11:44:22,2026-08-06 11:44:22
3807995,image,https://cdn.bookmepk.com/sky/assets/images/hotels/rooms/a671cf34abe8b9f7727f83572ac8956a.jpg,MED,App\Models\Hotels\Room,112,room-image,2026-08-06 11:44:22,2026-08-06 11:44:22
3807996,image,https://cdn.bookmepk.com/sky/assets/images/hotels/rooms/7b39c01fb572070f0216200293207b18.jpg,MED,App\Models\Hotels\Room,112,room-image,2026-08-06 11:44:22,2026-08-06 11:44:22
3807997,image,https://cdn.bookmepk.com/sky/assets/images/hotels/rooms/e7cb9c7cc0e34fc8cd575e778930ad11.jpg,MED,App\Models\Hotels\Room,112,room-image,2026-08-06 11:44:22,2026-08-06 11:44:22
3807998,image,https://cdn.bookmepk.com/sky/assets/images/hotels/rooms/81cd192cd25def2642b043d370c7bba1.jpg,MED,App\Models\Hotels\Room,113,room-image,2026-08-06 11:45:49,2026-08-06 11:45:49
3807999,image,https://cdn.bookmepk.com/sky/assets/images/hotels/rooms/871e3c6214fc4ef6e9a1b06715c692b9.jpg,MED,App\Models\Hotels\Room,113,room-image,2026-08-06 11:45:49,2026-08-06 11:45:49
3808000,image,https://cdn.bookmepk.com/sky/assets/images/hotels/rooms/a15a1753e0a1d99361fd64187a39e4a8.jpg,MED,App\Models\Hotels\Room,113,room-image,2026-08-06 11:45:50,2026-08-06 11:45:50
3808001,image,https://cdn.bookmepk.com/sky/assets/images/hotels/rooms/b589b1d99a79550f7edd18142fb31ca4.jpg,MED,App\Models\Hotels\Room,114,room-image,2026-08-06 11:45:50,2026-08-06 11:45:50
3808002,image,https://cdn.bookmepk.com/sky/assets/images/hotels/rooms/a00ef8ca5620606b6563bd8929dd3018.jpg,MED,App\Models\Hotels\Room,114,room-image,2026-08-06 11:45:50,2026-08-06 11:45:50
3808003,image,https://cdn.bookmepk.com/sky/assets/images/hotels/rooms/f06fe6dd351cb00dd6fe87e79f7d1455.jpg,MED,App\Models\Hotels\Room,114,room-image,2026-08-06 11:45:50,2026-08-06 11:45:50
3808004,image,https://cdn.bookmepk.com/sky/assets/images/hotels/rooms/a3f523766224fa136fcd9c3083317288.jpg,MED,App\Models\Hotels\Room,114,room-image,2026-08-06 11:45:51,2026-08-06 11:45:51
3808005,image,https://cdn.bookmepk.com/sky/assets/images/hotels/rooms/511e9064ea80ab25db7c08e753102ae5.jpg,MED,App\Models\Hotels\Room,114,room-image,2026-08-06 11:45:51,2026-08-06 11:45:51
3808006,image,https://cdn.bookmepk.com/sky/assets/images/hotels/rooms/b589b1d99a79550f7edd18142fb31ca4.jpg,MED,App\Models\Hotels\Room,115,room-image,2026-08-06 11:45:51,2026-08-06 11:45:51
3808007,image,https://cdn.bookmepk.com/sky/assets/images/hotels/rooms/871e3c6214fc4ef6e9a1b06715c692b9.jpg,MED,App\Models\Hotels\Room,115,room-image,2026-08-06 11:45:51,2026-08-06 11:45:51
3808008,image,https://cdn.bookmepk.com/sky/assets/images/hotels/rooms/ad3de4e655813c979bda3fc9404c4ec4.jpg,MED,App\Models\Hotels\Room,115,room-image,2026-08-06 11:45:52,2026-08-06 11:45:52
3808009,image,https://cdn.bookmepk.com/sky/assets/images/hotels/rooms/21f1f67ebcbfdbd9df0d24fa73fb27da.jpg,MED,App\Models\Hotels\Room,115,room-image,2026-08-06 11:45:52,2026-08-06 11:45:52
3808010,image,https://cdn.bookmepk.com/sky/assets/images/hotels/rooms/5e97993cb7f13f657de76066b5ade141.jpg,MED,App\Models\Hotels\Room,115,room-image,2026-08-06 11:45:52,2026-08-06 11:45:52
3808011,image,https://cdn.bookmepk.com/sky/assets/images/hotels/rooms/5585b7d33e7afd15017d75d6696c1ff0.jpg,MED,App\Models\Hotels\Room,116,room-image,2026-08-06 11:45:53,2026-08-06 11:45:53
3808012,image,https://cdn.bookmepk.com/sky/assets/images/hotels/rooms/e46f6e5739e94b6972feb60c197de740.jpg,MED,App\Models\Hotels\Room,116,room-image,2026-08-06 11:45:53,2026-08-06 11:45:53
3808013,image,https://cdn.bookmepk.com/sky/assets/images/hotels/rooms/c0e71d763c47033669770f867dd059fd.jpg,MED,App\Models\Hotels\Room,116,room-image,2026-08-06 11:45:53,2026-08-06 11:45:53
3808014,image,https://cdn.bookmepk.com/sky/assets/images/hotels/rooms/d9fbb45551bb553e7745717641bd1351.jpg,MED,App\Models\Hotels\Room,116,room-image,2026-08-06 11:45:53,2026-08-06 11:45:53
3808015,image,https://cdn.bookmepk.com/sky/assets/images/hotels/rooms/71801ba5e6f483cc96b647825566d551.jpg,MED,App\Models\Hotels\Room,116,room-image,2026-08-06 11:45:54,2026-08-06 11:45:54
3808016,image,https://cdn.bookmepk.com/sky/assets/images/hotels/rooms/273a810363a909bf9382e9a52d160bdb.jpg,MED,App\Models\Hotels\Room,117,room-image,2026-08-06 11:45:54,2026-08-06 11:45:54
3808017,image,https://cdn.bookmepk.com/sky/assets/images/hotels/rooms/871e3c6214fc4ef6e9a1b06715c692b9.jpg,MED,App\Models\Hotels\Room,117,room-image,2026-08-06 11:45:54,2026-08-06 11:45:54
3808018,image,https://cdn.bookmepk.com/sky/assets/images/hotels/rooms/da350bb7d2102988117fc0be743cdd89.jpg,MED,App\Models\Hotels\Room,117,room-image,2026-08-06 11:45:54,2026-08-06 11:45:54
3808019,image,https://cdn.bookmepk.com/sky/assets/images/hotels/rooms/79c8eb835fac2b4c8bd3c59aac539c19.jpg,MED,App\Models\Hotels\Room,117,room-image,2026-08-06 11:45:55,2026-08-06 11:45:55
3808020,image,https://cdn.bookmepk.com/sky/assets/images/hotels/rooms/9eb8813ce7c0695fcb4a4b302694e5a3.jpg,MED,App\Models\Hotels\Room,117,room-image,2026-08-06 11:45:55,2026-08-06 11:45:55
3808021,image,https://cdn.bookmepk.com/sky/assets/images/hotels/rooms/620dd4256d01a0a1c761c0906371ea7d.jpg,MED,App\Models\Hotels\Room,118,room-image,2026-08-06 11:45:55,2026-08-06 11:45:55
3808022,image,https://cdn.bookmepk.com/sky/assets/images/hotels/rooms/871e3c6214fc4ef6e9a1b06715c692b9.jpg,MED,App\Models\Hotels\Room,118,room-image,2026-08-06 11:45:55,2026-08-06 11:45:55
3808023,image,https://cdn.bookmepk.com/sky/assets/images/hotels/rooms/d2e948a6a275d81fe61530fd2ec4b7cb.jpg,MED,App\Models\Hotels\Room,118,room-image,2026-08-06 11:45:56,2026-08-06 11:45:56
3808024,image,https://cdn.bookmepk.com/sky/assets/images/hotels/rooms/a80cac90f2e254f5c6de9f7fa720048c.jpg,MED,App\Models\Hotels\Room,119,room-image,2026-08-06 11:45:56,2026-08-06 11:45:56
3808025,image,https://cdn.bookmepk.com/sky/assets/images/hotels/rooms/871e3c6214fc4ef6e9a1b06715c692b9.jpg,MED,App\Models\Hotels\Room,119,room-image,2026-08-06 11:45:56,2026-08-06 11:45:56
3808026,image,https://cdn.bookmepk.com/sky/assets/images/hotels/rooms/e03a7ba7fcd4bdd241a5ba9266c78d87.jpg,MED,App\Models\Hotels\Room,119,room-image,2026-08-06 11:45:57,2026-08-06 11:45:57
3808027,image,https://cdn.bookmepk.com/sky/assets/images/hotels/rooms/d8676732101f85866ae06babdd7cca09.jpg,MED,App\Models\Hotels\Room,121,room-image,2026-08-06 12:34:43,2026-08-06 12:34:43
3808028,image,https://cdn.bookmepk.com/sky/assets/images/hotels/rooms/67e1654db04d51d05f662ea4a25a57fe.jpg,MED,App\Models\Hotels\Room,121,room-image,2026-08-06 12:34:44,2026-08-06 12:34:44
3808029,image,https://cdn.bookmepk.com/sky/assets/images/hotels/rooms/8e86a2093069ce0aa7a7fdc9224bad2a.jpg,MED,App\Models\Hotels\Room,121,room-image,2026-08-06 12:34:44,2026-08-06 12:34:44
3808030,image,https://cdn.bookmepk.com/sky/assets/images/hotels/rooms/5601d7ea202049e6565f78945fbd28f6.jpg,MED,App\Models\Hotels\Room,121,room-image,2026-08-06 12:34:44,2026-08-06 12:34:44
3808031,image,https://cdn.bookmepk.com/sky/assets/images/hotels/rooms/4fc2eba1f5f7f7498d042cb5c0af554d.jpg,MED,App\Models\Hotels\Room,121,room-image,2026-08-06 12:34:44,2026-08-06 12:34:44
3808032,image,https://cdn.bookmepk.com/sky/assets/images/hotels/rooms/e7078cab955b7cd0f24be832f3446340.jpg,MED,App\Models\Hotels\Room,122,room-image,2026-08-06 12:34:45,2026-08-06 12:34:45
3808033,image,https://cdn.bookmepk.com/sky/assets/images/hotels/rooms/67e1654db04d51d05f662ea4a25a57fe.jpg,MED,App\Models\Hotels\Room,122,room-image,2026-08-06 12:34:45,2026-08-06 12:34:45
3808034,image,https://cdn.bookmepk.com/sky/assets/images/hotels/rooms/ee5a4b9a531c8a4dc7511cfb52b4ba36.jpg,MED,App\Models\Hotels\Room,122,room-image,2026-08-06 12:34:46,2026-08-06 12:34:46
3808035,image,https://cdn.bookmepk.com/sky/assets/images/hotels/rooms/95270d533964c8e224a1b7075efc62bd.jpg,MED,App\Models\Hotels\Room,122,room-image,2026-08-06 12:34:46,2026-08-06 12:34:46
3808036,image,https://cdn.bookmepk.com/sky/assets/images/hotels/rooms/4fc2eba1f5f7f7498d042cb5c0af554d.jpg,MED,App\Models\Hotels\Room,122,room-image,2026-08-06 12:34:46,2026-08-06 12:34:46
3808037,image,https://cdn.bookmepk.com/sky/assets/images/hotels/rooms/e7078cab955b7cd0f24be832f3446340.jpg,MED,App\Models\Hotels\Room,123,room-image,2026-08-06 12:34:47,2026-08-06 12:34:47
3808038,image,https://cdn.bookmepk.com/sky/assets/images/hotels/rooms/67e1654db04d51d05f662ea4a25a57fe.jpg,MED,App\Models\Hotels\Room,123,room-image,2026-08-06 12:34:47,2026-08-06 12:34:47
3808039,image,https://cdn.bookmepk.com/sky/assets/images/hotels/rooms/ee5a4b9a531c8a4dc7511cfb52b4ba36.jpg,MED,App\Models\Hotels\Room,123,room-image,2026-08-06 12:34:47,2026-08-06 12:34:47
3808040,image,https://cdn.bookmepk.com/sky/assets/images/hotels/rooms/95270d533964c8e224a1b7075efc62bd.jpg,MED,App\Models\Hotels\Room,123,room-image,2026-08-06 12:34:47,2026-08-06 12:34:47
3808041,image,https://cdn.bookmepk.com/sky/assets/images/hotels/rooms/4fc2eba1f5f7f7498d042cb5c0af554d.jpg,MED,App\Models\Hotels\Room,123,room-image,2026-08-06 12:34:48,2026-08-06 12:34:48
3808042,image,https://cdn.bookmepk.com/sky/assets/images/hotels/rooms/d8676732101f85866ae06babdd7cca09.jpg,MED,App\Models\Hotels\Room,125,room-image,2026-08-06 12:34:48,2026-08-06 12:34:48
3808043,image,https://cdn.bookmepk.com/sky/assets/images/hotels/rooms/67e1654db04d51d05f662ea4a25a57fe.jpg,MED,App\Models\Hotels\Room,125,room-image,2026-08-06 12:34:49,2026-08-06 12:34:49
3808044,image,https://cdn.bookmepk.com/sky/assets/images/hotels/rooms/8e86a2093069ce0aa7a7fdc9224bad2a.jpg,MED,App\Models\Hotels\Room,125,room-image,2026-08-06 12:34:49,2026-08-06 12:34:49
3808045,image,https://cdn.bookmepk.com/sky/assets/images/hotels/rooms/5601d7ea202049e6565f78945fbd28f6.jpg,MED,App\Models\Hotels\Room,125,room-image,2026-08-06 12:34:49,2026-08-06 12:34:49
3808046,image,https://cdn.bookmepk.com/sky/assets/images/hotels/rooms/4fc2eba1f5f7f7498d042cb5c0af554d.jpg,MED,App\Models\Hotels\Room,125,room-image,2026-08-06 12:34:49,2026-08-06 12:34:49
3808047,image,https://cdn.bookmepk.com/sky/assets/images/hotels/rooms/d8676732101f85866ae06babdd7cca09.jpg,MED,App\Models\Hotels\Room,127,room-image,2026-08-06 12:34:50,2026-08-06 12:34:50
3808048,image,https://cdn.bookmepk.com/sky/assets/images/hotels/rooms/67e1654db04d51d05f662ea4a25a57fe.jpg,MED,App\Models\Hotels\Room,127,room-image,2026-08-06 12:34:51,2026-08-06 12:34:51
3808049,image,https://cdn.bookmepk.com/sky/assets/images/hotels/rooms/8e86a2093069ce0aa7a7fdc9224bad2a.jpg,MED,App\Models\Hotels\Room,127,room-image,2026-08-06 12:34:51,2026-08-06 12:34:51
3808050,image,https://cdn.bookmepk.com/sky/assets/images/hotels/rooms/5601d7ea202049e6565f78945fbd28f6.jpg,MED,App\Models\Hotels\Room,127,room-image,2026-08-06 12:34:51,2026-08-06 12:34:51
3808051,image,https://cdn.bookmepk.com/sky/assets/images/hotels/rooms/4fc2eba1f5f7f7498d042cb5c0af554d.jpg,MED,App\Models\Hotels\Room,127,room-image,2026-08-06 12:34:51,2026-08-06 12:34:51
3808052,image,https://cdn.bookmepk.com/sky/assets/images/hotels/rooms/d8676732101f85866ae06babdd7cca09.jpg,MED,App\Models\Hotels\Room,128,room-image,2026-08-06 12:34:52,2026-08-06 12:34:52
3808053,image,https://cdn.bookmepk.com/sky/assets/images/hotels/rooms/09f84739ca7e5e46f71d5a32b884c75d.jpg,MED,App\Models\Hotels\Room,128,room-image,2026-08-06 12:34:52,2026-08-06 12:34:52
3808054,image,https://cdn.bookmepk.com/sky/assets/images/hotels/rooms/8e86a2093069ce0aa7a7fdc9224bad2a.jpg,MED,App\Models\Hotels\Room,128,room-image,2026-08-06 12:34:52,2026-08-06 12:34:52
3808055,image,https://cdn.bookmepk.com/sky/assets/images/hotels/rooms/6384550af7570f60e2fbd1bcc2fe51c7.jpg,MED,App\Models\Hotels\Room,128,room-image,2026-08-06 12:34:53,2026-08-06 12:34:53
3808056,image,https://cdn.bookmepk.com/sky/assets/images/hotels/rooms/4fc2eba1f5f7f7498d042cb5c0af554d.jpg,MED,App\Models\Hotels\Room,128,room-image,2026-08-06 12:34:53,2026-08-06 12:34:53
3808057,image,https://cdn.bookmepk.com/sky/assets/images/hotels/rooms/4a88f651dd812e915c00e7c7d8d0cab4.jpg,MED,App\Models\Hotels\Room,129,room-image,2026-08-06 12:34:53,2026-08-06 12:34:53
3808058,image,https://cdn.bookmepk.com/sky/assets/images/hotels/rooms/67e1654db04d51d05f662ea4a25a57fe.jpg,MED,App\Models\Hotels\Room,129,room-image,2026-08-06 12:34:53,2026-08-06 12:34:53
3808059,image,https://cdn.bookmepk.com/sky/assets/images/hotels/rooms/8d983b6f98bc6d493d6acd25bfe91d30.jpg,MED,App\Models\Hotels\Room,129,room-image,2026-08-06 12:34:54,2026-08-06 12:34:54
3808060,image,https://cdn.bookmepk.com/sky/assets/images/hotels/rooms/f906b6a0a8dd28ff0b89d4c2c42c20bb.jpg,MED,App\Models\Hotels\Room,129,room-image,2026-08-06 12:34:54,2026-08-06 12:34:54
3808061,image,https://cdn.bookmepk.com/sky/assets/images/hotels/rooms/d8676732101f85866ae06babdd7cca09.jpg,MED,App\Models\Hotels\Room,129,room-image,2026-08-06 12:34:54,2026-08-06 12:34:54
3808062,image,https://cdn.bookmepk.com/sky/assets/images/hotels/rooms/d8676732101f85866ae06babdd7cca09.jpg,MED,App\Models\Hotels\Room,130,room-image,2026-08-06 12:34:54,2026-08-06 12:34:54
3808063,image,https://cdn.bookmepk.com/sky/assets/images/hotels/rooms/67e1654db04d51d05f662ea4a25a57fe.jpg,MED,App\Models\Hotels\Room,130,room-image,2026-08-06 12:34:55,2026-08-06 12:34:55
3808064,image,https://cdn.bookmepk.com/sky/assets/images/hotels/rooms/5601d7ea202049e6565f78945fbd28f6.jpg,MED,App\Models\Hotels\Room,130,room-image,2026-08-06 12:34:55,2026-08-06 12:34:55
3808065,image,https://cdn.bookmepk.com/sky/assets/images/hotels/rooms/9571da9fb97ac6d685387059228c0abf.jpg,MED,App\Models\Hotels\Room,130,room-image,2026-08-06 12:34:55,2026-08-06 12:34:55
3808066,image,https://cdn.bookmepk.com/sky/assets/images/hotels/rooms/08ec2801ca35ff0c233c4a448e1c69ac.jpg,MED,App\Models\Hotels\Room,130,room-image,2026-08-06 12:34:55,2026-08-06 12:34:55
3808067,image,https://cdn.bookmepk.com/sky/assets/images/hotels/rooms/4a88f651dd812e915c00e7c7d8d0cab4.jpg,MED,App\Models\Hotels\Room,132,room-image,2026-08-06 12:34:56,2026-08-06 12:34:56
3808068,image,https://cdn.bookmepk.com/sky/assets/images/hotels/rooms/67e1654db04d51d05f662ea4a25a57fe.jpg,MED,App\Models\Hotels\Room,132,room-image,2026-08-06 12:34:57,2026-08-06 12:34:57
3808069,image,https://cdn.bookmepk.com/sky/assets/images/hotels/rooms/8d983b6f98bc6d493d6acd25bfe91d30.jpg,MED,App\Models\Hotels\Room,132,room-image,2026-08-06 12:34:57,2026-08-06 12:34:57
3808070,image,https://cdn.bookmepk.com/sky/assets/images/hotels/rooms/f906b6a0a8dd28ff0b89d4c2c42c20bb.jpg,MED,App\Models\Hotels\Room,132,room-image,2026-08-06 12:34:57,2026-08-06 12:34:57
3808071,image,https://cdn.bookmepk.com/sky/assets/images/hotels/rooms/d8676732101f85866ae06babdd7cca09.jpg,MED,App\Models\Hotels\Room,132,room-image,2026-08-06 12:34:57,2026-08-06 12:34:57
3808072,image,https://cdn.bookmepk.com/sky/assets/images/hotels/rooms/e7078cab955b7cd0f24be832f3446340.jpg,MED,App\Models\Hotels\Room,134,room-image,2026-08-06 12:34:58,2026-08-06 12:34:58
3808073,image,https://cdn.bookmepk.com/sky/assets/images/hotels/rooms/67e1654db04d51d05f662ea4a25a57fe.jpg,MED,App\Models\Hotels\Room,134,room-image,2026-08-06 12:34:58,2026-08-06 12:34:58
3808074,image,https://cdn.bookmepk.com/sky/assets/images/hotels/rooms/ee5a4b9a531c8a4dc7511cfb52b4ba36.jpg,MED,App\Models\Hotels\Room,134,room-image,2026-08-06 12:34:58,2026-08-06 12:34:58
3808075,image,https://cdn.bookmepk.com/sky/assets/images/hotels/rooms/95270d533964c8e224a1b7075efc62bd.jpg,MED,App\Models\Hotels\Room,134,room-image,2026-08-06 12:34:59,2026-08-06 12:34:59
3808076,image,https://cdn.bookmepk.com/sky/assets/images/hotels/rooms/4fc2eba1f5f7f7498d042cb5c0af554d.jpg,MED,App\Models\Hotels\Room,134,room-image,2026-08-06 12:34:59,2026-08-06 12:34:59
3808077,image,https://cdn.bookmepk.com/sky/assets/images/hotels/rooms/4a88f651dd812e915c00e7c7d8d0cab4.jpg,MED,App\Models\Hotels\Room,135,room-image,2026-08-06 12:34:59,2026-08-06 12:34:59
3808078,image,https://cdn.bookmepk.com/sky/assets/images/hotels/rooms/67e1654db04d51d05f662ea4a25a57fe.jpg,MED,App\Models\Hotels\Room,135,room-image,2026-08-06 12:35:00,2026-08-06 12:35:00
3808079,image,https://cdn.bookmepk.com/sky/assets/images/hotels/rooms/8d983b6f98bc6d493d6acd25bfe91d30.jpg,MED,App\Models\Hotels\Room,135,room-image,2026-08-06 12:35:00,2026-08-06 12:35:00
3808080,image,https://cdn.bookmepk.com/sky/assets/images/hotels/rooms/f906b6a0a8dd28ff0b89d4c2c42c20bb.jpg,MED,App\Models\Hotels\Room,135,room-image,2026-08-06 12:35:00,2026-08-06 12:35:00
3808081,image,https://cdn.bookmepk.com/sky/assets/images/hotels/rooms/d8676732101f85866ae06babdd7cca09.jpg,MED,App\Models\Hotels\Room,135,room-image,2026-08-06 12:35:00,2026-08-06 12:35:00
3808082,image,https://cdn.bookmepk.com/sky/assets/images/hotels/rooms/d8676732101f85866ae06babdd7cca09.jpg,MED,App\Models\Hotels\Room,136,room-image,2026-08-06 12:35:01,2026-08-06 12:35:01
3808083,image,https://cdn.bookmepk.com/sky/assets/images/hotels/rooms/67e1654db04d51d05f662ea4a25a57fe.jpg,MED,App\Models\Hotels\Room,136,room-image,2026-08-06 12:35:01,2026-08-06 12:35:01
3808084,image,https://cdn.bookmepk.com/sky/assets/images/hotels/rooms/5601d7ea202049e6565f78945fbd28f6.jpg,MED,App\Models\Hotels\Room,136,room-image,2026-08-06 12:35:01,2026-08-06 12:35:01
3808085,image,https://cdn.bookmepk.com/sky/assets/images/hotels/rooms/9571da9fb97ac6d685387059228c0abf.jpg,MED,App\Models\Hotels\Room,136,room-image,2026-08-06 12:35:01,2026-08-06 12:35:01
3808086,image,https://cdn.bookmepk.com/sky/assets/images/hotels/rooms/08ec2801ca35ff0c233c4a448e1c69ac.jpg,MED,App\Models\Hotels\Room,136,room-image,2026-08-06 12:35:02,2026-08-06 12:35:02
3808087,image,https://cdn.bookmepk.com/sky/assets/images/hotels/rooms/d8676732101f85866ae06babdd7cca09.jpg,MED,App\Models\Hotels\Room,137,room-image,2026-08-06 12:35:02,2026-08-06 12:35:02
3808088,image,https://cdn.bookmepk.com/sky/assets/images/hotels/rooms/67e1654db04d51d05f662ea4a25a57fe.jpg,MED,App\Models\Hotels\Room,137,room-image,2026-08-06 12:35:03,2026-08-06 12:35:03
3808089,image,https://cdn.bookmepk.com/sky/assets/images/hotels/rooms/8e86a2093069ce0aa7a7fdc9224bad2a.jpg,MED,App\Models\Hotels\Room,137,room-image,2026-08-06 12:35:03,2026-08-06 12:35:03
3808090,image,https://cdn.bookmepk.com/sky/assets/images/hotels/rooms/5601d7ea202049e6565f78945fbd28f6.jpg,MED,App\Models\Hotels\Room,137,room-image,2026-08-06 12:35:03,2026-08-06 12:35:03
3808091,image,https://cdn.bookmepk.com/sky/assets/images/hotels/rooms/4fc2eba1f5f7f7498d042cb5c0af554d.jpg,MED,App\Models\Hotels\Room,137,room-image,2026-08-06 12:35:03,2026-08-06 12:35:03
3808092,image,https://cdn.bookmepk.com/sky/assets/images/hotels/rooms/e7078cab955b7cd0f24be832f3446340.jpg,MED,App\Models\Hotels\Room,138,room-image,2026-08-06 12:35:04,2026-08-06 12:35:04
3808093,image,https://cdn.bookmepk.com/sky/assets/images/hotels/rooms/67e1654db04d51d05f662ea4a25a57fe.jpg,MED,App\Models\Hotels\Room,138,room-image,2026-08-06 12:35:04,2026-08-06 12:35:04
3808094,image,https://cdn.bookmepk.com/sky/assets/images/hotels/rooms/ee5a4b9a531c8a4dc7511cfb52b4ba36.jpg,MED,App\Models\Hotels\Room,138,room-image,2026-08-06 12:35:04,2026-08-06 12:35:04
3808095,image,https://cdn.bookmepk.com/sky/assets/images/hotels/rooms/95270d533964c8e224a1b7075efc62bd.jpg,MED,App\Models\Hotels\Room,138,room-image,2026-08-06 12:35:04,2026-08-06 12:35:04
3808096,image,https://cdn.bookmepk.com/sky/assets/images/hotels/rooms/4fc2eba1f5f7f7498d042cb5c0af554d.jpg,MED,App\Models\Hotels\Room,138,room-image,2026-08-06 12:35:05,2026-08-06 12:35:05
3808097,image,https://cdn.bookmepk.com/sky/assets/images/hotels/rooms/d8676732101f85866ae06babdd7cca09.jpg,MED,App\Models\Hotels\Room,140,room-image,2026-08-06 12:35:05,2026-08-06 12:35:05
3808098,image,https://cdn.bookmepk.com/sky/assets/images/hotels/rooms/09f84739ca7e5e46f71d5a32b884c75d.jpg,MED,App\Models\Hotels\Room,140,room-image,2026-08-06 12:35:05,2026-08-06 12:35:05
3808099,image,https://cdn.bookmepk.com/sky/assets/images/hotels/rooms/8e86a2093069ce0aa7a7fdc9224bad2a.jpg,MED,App\Models\Hotels\Room,140,room-image,2026-08-06 12:35:06,2026-08-06 12:35:06
3808100,image,https://cdn.bookmepk.com/sky/assets/images/hotels/rooms/6384550af7570f60e2fbd1bcc2fe51c7.jpg,MED,App\Models\Hotels\Room,140,room-image,2026-08-06 12:35:06,2026-08-06 12:35:06
3808101,image,https://cdn.bookmepk.com/sky/assets/images/hotels/rooms/4fc2eba1f5f7f7498d042cb5c0af554d.jpg,MED,App\Models\Hotels\Room,140,room-image,2026-08-06 12:35:06,2026-08-06 12:35:06
3808102,image,https://cdn.bookmepk.com/sky/assets/images/hotels/rooms/d8676732101f85866ae06babdd7cca09.jpg,MED,App\Models\Hotels\Room,141,room-image,2026-08-06 12:35:07,2026-08-06 12:35:07
3808103,image,https://cdn.bookmepk.com/sky/assets/images/hotels/rooms/67e1654db04d51d05f662ea4a25a57fe.jpg,MED,App\Models\Hotels\Room,141,room-image,2026-08-06 12:35:07,2026-08-06 12:35:07
3808104,image,https://cdn.bookmepk.com/sky/assets/images/hotels/rooms/8e86a2093069ce0aa7a7fdc9224bad2a.jpg,MED,App\Models\Hotels\Room,141,room-image,2026-08-06 12:35:07,2026-08-06 12:35:07
3808105,image,https://cdn.bookmepk.com/sky/assets/images/hotels/rooms/5601d7ea202049e6565f78945fbd28f6.jpg,MED,App\Models\Hotels\Room,141,room-image,2026-08-06 12:35:07,2026-08-06 12:35:07
3808106,image,https://cdn.bookmepk.com/sky/assets/images/hotels/rooms/4fc2eba1f5f7f7498d042cb5c0af554d.jpg,MED,App\Models\Hotels\Room,141,room-image,2026-08-06 12:35:07,2026-08-06 12:35:07
3808107,image,https://cdn.bookmepk.com/sky/assets/images/hotels/rooms/e7078cab955b7cd0f24be832f3446340.jpg,MED,App\Models\Hotels\Room,143,room-image,2026-08-06 12:35:08,2026-08-06 12:35:08
3808108,image,https://cdn.bookmepk.com/sky/assets/images/hotels/rooms/67e1654db04d51d05f662ea4a25a57fe.jpg,MED,App\Models\Hotels\Room,143,room-image,2026-08-06 12:35:08,2026-08-06 12:35:08
3808109,image,https://cdn.bookmepk.com/sky/assets/images/hotels/rooms/ee5a4b9a531c8a4dc7511cfb52b4ba36.jpg,MED,App\Models\Hotels\Room,143,room-image,2026-08-06 12:35:09,2026-08-06 12:35:09
3808110,image,https://cdn.bookmepk.com/sky/assets/images/hotels/rooms/95270d533964c8e224a1b7075efc62bd.jpg,MED,App\Models\Hotels\Room,143,room-image,2026-08-06 12:35:09,2026-08-06 12:35:09
3808111,image,https://cdn.bookmepk.com/sky/assets/images/hotels/rooms/4fc2eba1f5f7f7498d042cb5c0af554d.jpg,MED,App\Models\Hotels\Room,143,room-image,2026-08-06 12:35:09,2026-08-06 12:35:09
3808112,image,https://cdn.bookmepk.com/sky/assets/images/hotels/rooms/4a88f651dd812e915c00e7c7d8d0cab4.jpg,MED,App\Models\Hotels\Room,146,room-image,2026-08-06 12:35:10,2026-08-06 12:35:10
3808113,image,https://cdn.bookmepk.com/sky/assets/images/hotels/rooms/67e1654db04d51d05f662ea4a25a57fe.jpg,MED,App\Models\Hotels\Room,146,room-image,2026-08-06 12:35:10,2026-08-06 12:35:10
3808114,image,https://cdn.bookmepk.com/sky/assets/images/hotels/rooms/8d983b6f98bc6d493d6acd25bfe91d30.jpg,MED,App\Models\Hotels\Room,146,room-image,2026-08-06 12:35:10,2026-08-06 12:35:10
3808115,image,https://cdn.bookmepk.com/sky/assets/images/hotels/rooms/f906b6a0a8dd28ff0b89d4c2c42c20bb.jpg,MED,App\Models\Hotels\Room,146,room-image,2026-08-06 12:35:11,2026-08-06 12:35:11
3808116,image,https://cdn.bookmepk.com/sky/assets/images/hotels/rooms/d8676732101f85866ae06babdd7cca09.jpg,MED,App\Models\Hotels\Room,146,room-image,2026-08-06 12:35:11,2026-08-06 12:35:11
3808117,image,https://cdn.bookmepk.com/sky/assets/images/hotels/rooms/d8676732101f85866ae06babdd7cca09.jpg,MED,App\Models\Hotels\Room,147,room-image,2026-08-06 12:35:11,2026-08-06 12:35:11
3808118,image,https://cdn.bookmepk.com/sky/assets/images/hotels/rooms/67e1654db04d51d05f662ea4a25a57fe.jpg,MED,App\Models\Hotels\Room,147,room-image,2026-08-06 12:35:11,2026-08-06 12:35:11
3808119,image,https://cdn.bookmepk.com/sky/assets/images/hotels/rooms/8e86a2093069ce0aa7a7fdc9224bad2a.jpg,MED,App\Models\Hotels\Room,147,room-image,2026-08-06 12:35:12,2026-08-06 12:35:12
3808120,image,https://cdn.bookmepk.com/sky/assets/images/hotels/rooms/5601d7ea202049e6565f78945fbd28f6.jpg,MED,App\Models\Hotels\Room,147,room-image,2026-08-06 12:35:12,2026-08-06 12:35:12
3808121,image,https://cdn.bookmepk.com/sky/assets/images/hotels/rooms/4fc2eba1f5f7f7498d042cb5c0af554d.jpg,MED,App\Models\Hotels\Room,147,room-image,2026-08-06 12:35:12,2026-08-06 12:35:12
3808122,image,https://cdn.bookmepk.com/sky/assets/images/hotels/rooms/d8676732101f85866ae06babdd7cca09.jpg,MED,App\Models\Hotels\Room,150,room-image,2026-08-06 12:35:13,2026-08-06 12:35:13
3808123,image,https://cdn.bookmepk.com/sky/assets/images/hotels/rooms/67e1654db04d51d05f662ea4a25a57fe.jpg,MED,App\Models\Hotels\Room,150,room-image,2026-08-06 12:35:13,2026-08-06 12:35:13
3808124,image,https://cdn.bookmepk.com/sky/assets/images/hotels/rooms/8e86a2093069ce0aa7a7fdc9224bad2a.jpg,MED,App\Models\Hotels\Room,150,room-image,2026-08-06 12:35:13,2026-08-06 12:35:13
3808125,image,https://cdn.bookmepk.com/sky/assets/images/hotels/rooms/5601d7ea202049e6565f78945fbd28f6.jpg,MED,App\Models\Hotels\Room,150,room-image,2026-08-06 12:35:14,2026-08-06 12:35:14
3808126,image,https://cdn.bookmepk.com/sky/assets/images/hotels/rooms/4fc2eba1f5f7f7498d042cb5c0af554d.jpg,MED,App\Models\Hotels\Room,150,room-image,2026-08-06 12:35:14,2026-08-06 12:35:14
3808127,image,https://cdn.bookmepk.com/sky/assets/images/hotels/rooms/4a88f651dd812e915c00e7c7d8d0cab4.jpg,MED,App\Models\Hotels\Room,152,room-image,2026-08-06 12:35:14,2026-08-06 12:35:14
3808128,image,https://cdn.bookmepk.com/sky/assets/images/hotels/rooms/67e1654db04d51d05f662ea4a25a57fe.jpg,MED,App\Models\Hotels\Room,152,room-image,2026-08-06 12:35:15,2026-08-06 12:35:15
3808129,image,https://cdn.bookmepk.com/sky/assets/images/hotels/rooms/8d983b6f98bc6d493d6acd25bfe91d30.jpg,MED,App\Models\Hotels\Room,152,room-image,2026-08-06 12:35:15,2026-08-06 12:35:15
3808130,image,https://cdn.bookmepk.com/sky/assets/images/hotels/rooms/f906b6a0a8dd28ff0b89d4c2c42c20bb.jpg,MED,App\Models\Hotels\Room,152,room-image,2026-08-06 12:35:15,2026-08-06 12:35:15
3808131,image,https://cdn.bookmepk.com/sky/assets/images/hotels/rooms/d8676732101f85866ae06babdd7cca09.jpg,MED,App\Models\Hotels\Room,152,room-image,2026-08-06 12:35:15,2026-08-06 12:35:15
3808132,image,https://cdn.bookmepk.com/sky/assets/images/hotels/rooms/e7078cab955b7cd0f24be832f3446340.jpg,MED,App\Models\Hotels\Room,153,room-image,2026-08-06 12:35:16,2026-08-06 12:35:16
3808133,image,https://cdn.bookmepk.com/sky/assets/images/hotels/rooms/67e1654db04d51d05f662ea4a25a57fe.jpg,MED,App\Models\Hotels\Room,153,room-image,2026-08-06 12:35:16,2026-08-06 12:35:16
3808134,image,https://cdn.bookmepk.com/sky/assets/images/hotels/rooms/ee5a4b9a531c8a4dc7511cfb52b4ba36.jpg,MED,App\Models\Hotels\Room,153,room-image,2026-08-06 12:35:16,2026-08-06 12:35:16
3808135,image,https://cdn.bookmepk.com/sky/assets/images/hotels/rooms/95270d533964c8e224a1b7075efc62bd.jpg,MED,App\Models\Hotels\Room,153,room-image,2026-08-06 12:35:17,2026-08-06 12:35:17
3808136,image,https://cdn.bookmepk.com/sky/assets/images/hotels/rooms/4fc2eba1f5f7f7498d042cb5c0af554d.jpg,MED,App\Models\Hotels\Room,153,room-image,2026-08-06 12:35:17,2026-08-06 12:35:17
3808137,image,https://cdn.bookmepk.com/sky/assets/images/hotels/rooms/e7078cab955b7cd0f24be832f3446340.jpg,MED,App\Models\Hotels\Room,154,room-image,2026-08-06 12:35:17,2026-08-06 12:35:17
3808138,image,https://cdn.bookmepk.com/sky/assets/images/hotels/rooms/67e1654db04d51d05f662ea4a25a57fe.jpg,MED,App\Models\Hotels\Room,154,room-image,2026-08-06 12:35:17,2026-08-06 12:35:17
3808139,image,https://cdn.bookmepk.com/sky/assets/images/hotels/rooms/ee5a4b9a531c8a4dc7511cfb52b4ba36.jpg,MED,App\Models\Hotels\Room,154,room-image,2026-08-06 12:35:18,2026-08-06 12:35:18
3808140,image,https://cdn.bookmepk.com/sky/assets/images/hotels/rooms/95270d533964c8e224a1b7075efc62bd.jpg,MED,App\Models\Hotels\Room,154,room-image,2026-08-06 12:35:18,2026-08-06 12:35:18
3808141,image,https://cdn.bookmepk.com/sky/assets/images/hotels/rooms/4fc2eba1f5f7f7498d042cb5c0af554d.jpg,MED,App\Models\Hotels\Room,154,room-image,2026-08-06 12:35:18,2026-08-06 12:35:18
3808142,image,https://cdn.bookmepk.com/sky/assets/images/hotels/rooms/e7078cab955b7cd0f24be832f3446340.jpg,MED,App\Models\Hotels\Room,156,room-image,2026-08-06 12:35:19,2026-08-06 12:35:19
3808143,image,https://cdn.bookmepk.com/sky/assets/images/hotels/rooms/67e1654db04d51d05f662ea4a25a57fe.jpg,MED,App\Models\Hotels\Room,156,room-image,2026-08-06 12:35:19,2026-08-06 12:35:19
3808144,image,https://cdn.bookmepk.com/sky/assets/images/hotels/rooms/ee5a4b9a531c8a4dc7511cfb52b4ba36.jpg,MED,App\Models\Hotels\Room,156,room-image,2026-08-06 12:35:20,2026-08-06 12:35:20
3808145,image,https://cdn.bookmepk.com/sky/assets/images/hotels/rooms/95270d533964c8e224a1b7075efc62bd.jpg,MED,App\Models\Hotels\Room,156,room-image,2026-08-06 12:35:20,2026-08-06 12:35:20
3808146,image,https://cdn.bookmepk.com/sky/assets/images/hotels/rooms/4fc2eba1f5f7f7498d042cb5c0af554d.jpg,MED,App\Models\Hotels\Room,156,room-image,2026-08-06 12:35:20,2026-08-06 12:35:20
3808147,image,https://cdn.bookmepk.com/sky/assets/images/hotels/rooms/d8676732101f85866ae06babdd7cca09.jpg,MED,App\Models\Hotels\Room,157,room-image,2026-08-06 12:35:20,2026-08-06 12:35:20
3808148,image,https://cdn.bookmepk.com/sky/assets/images/hotels/rooms/67e1654db04d51d05f662ea4a25a57fe.jpg,MED,App\Models\Hotels\Room,157,room-image,2026-08-06 12:35:21,2026-08-06 12:35:21
3808149,image,https://cdn.bookmepk.com/sky/assets/images/hotels/rooms/5601d7ea202049e6565f78945fbd28f6.jpg,MED,App\Models\Hotels\Room,157,room-image,2026-08-06 12:35:21,2026-08-06 12:35:21
3808150,image,https://cdn.bookmepk.com/sky/assets/images/hotels/rooms/9571da9fb97ac6d685387059228c0abf.jpg,MED,App\Models\Hotels\Room,157,room-image,2026-08-06 12:35:21,2026-08-06 12:35:21
3808151,image,https://cdn.bookmepk.com/sky/assets/images/hotels/rooms/08ec2801ca35ff0c233c4a448e1c69ac.jpg,MED,App\Models\Hotels\Room,157,room-image,2026-08-06 12:35:22,2026-08-06 12:35:22
3808152,image,https://cdn.bookmepk.com/sky/assets/images/hotels/rooms/2eb0df209a1456f695dc02225d3faea9.jpg,MED,App\Models\Hotels\Room,158,room-image,2026-08-06 12:35:55,2026-08-06 12:35:55
3808153,image,https://cdn.bookmepk.com/sky/assets/images/hotels/rooms/7554d2a9a3176c91a75c2b9caf8b96ac.jpg,MED,App\Models\Hotels\Room,159,room-image,2026-08-06 12:35:56,2026-08-06 12:35:56
3808154,image,https://cdn.bookmepk.com/sky/assets/images/hotels/rooms/165dd6ef687e35cbbbc02b095990d3b6.jpg,MED,App\Models\Hotels\Room,159,room-image,2026-08-06 12:35:56,2026-08-06 12:35:56
3808155,image,https://cdn.bookmepk.com/sky/assets/images/hotels/rooms/327ffef2a0cbaaa273638aa1f3d5f47b.jpg,MED,App\Models\Hotels\Room,159,room-image,2026-08-06 12:35:56,2026-08-06 12:35:56
3808156,image,https://cdn.bookmepk.com/sky/assets/images/hotels/rooms/2da575cc17ac84844689e62ed40ffa2a.jpg,MED,App\Models\Hotels\Room,159,room-image,2026-08-06 12:35:56,2026-08-06 12:35:56
3808157,image,https://cdn.bookmepk.com/sky/assets/images/hotels/rooms/ff539395fcb852771f914612c848002c.jpg,MED,App\Models\Hotels\Room,159,room-image,2026-08-06 12:35:56,2026-08-06 12:35:56
3808158,image,https://cdn.bookmepk.com/sky/assets/images/hotels/rooms/2da575cc17ac84844689e62ed40ffa2a.jpg,MED,App\Models\Hotels\Room,160,room-image,2026-08-06 12:35:57,2026-08-06 12:35:57
3808159,image,https://cdn.bookmepk.com/sky/assets/images/hotels/rooms/7af26534250306bb35c781f0920b3169.jpg,MED,App\Models\Hotels\Room,160,room-image,2026-08-06 12:35:57,2026-08-06 12:35:57
3808160,image,https://cdn.bookmepk.com/sky/assets/images/hotels/rooms/5720129ba612a8d93f6bed006794cd21.jpg,MED,App\Models\Hotels\Room,160,room-image,2026-08-06 12:35:57,2026-08-06 12:35:57
3808161,image,https://cdn.bookmepk.com/sky/assets/images/hotels/rooms/6e168f28af51c1dccb93a9c683aa156a.jpg,MED,App\Models\Hotels\Room,161,room-image,2026-08-06 12:35:58,2026-08-06 12:35:58
3808162,image,https://cdn.bookmepk.com/sky/assets/images/hotels/rooms/72f0c5cd43945f910184b4db5e09b3bd.jpg,MED,App\Models\Hotels\Room,161,room-image,2026-08-06 12:35:58,2026-08-06 12:35:58
3808163,image,https://cdn.bookmepk.com/sky/assets/images/hotels/rooms/3795ab080e8635c9da2c7b0708dad5b2.jpg,MED,App\Models\Hotels\Room,161,room-image,2026-08-06 12:35:59,2026-08-06 12:35:59
3808164,image,https://cdn.bookmepk.com/sky/assets/images/hotels/rooms/684e987ac40efeef360350f11b403443.jpg,MED,App\Models\Hotels\Room,161,room-image,2026-08-06 12:35:59,2026-08-06 12:35:59
3808165,image,https://cdn.bookmepk.com/sky/assets/images/hotels/rooms/a26d1bbc4e85b8baf31ad88611576836.jpg,MED,App\Models\Hotels\Room,161,room-image,2026-08-06 12:35:59,2026-08-06 12:35:59
3808166,image,https://cdn.bookmepk.com/sky/assets/images/hotels/rooms/1bbbbe1a375caca7d14859f0b14694a5.jpg,MED,App\Models\Hotels\Room,162,room-image,2026-08-06 12:35:59,2026-08-06 12:35:59
3808167,image,https://cdn.bookmepk.com/sky/assets/images/hotels/rooms/0f5eca21e14f82c2399ba1a76844d1ba.jpg,MED,App\Models\Hotels\Room,162,room-image,2026-08-06 12:36:00,2026-08-06 12:36:00
3808168,image,https://cdn.bookmepk.com/sky/assets/images/hotels/rooms/a1dbdf67de57ff7ccc760b30c7d9beca.jpg,MED,App\Models\Hotels\Room,162,room-image,2026-08-06 12:36:00,2026-08-06 12:36:00
3808169,image,https://cdn.bookmepk.com/sky/assets/images/hotels/rooms/0b2e1b70e2cf3f355c1dc65374ee51d3.jpg,MED,App\Models\Hotels\Room,162,room-image,2026-08-06 12:36:00,2026-08-06 12:36:00
3808170,image,https://cdn.bookmepk.com/sky/assets/images/hotels/rooms/ab55859e8611ff9ab00086d973ee8dcd.jpg,MED,App\Models\Hotels\Room,162,room-image,2026-08-06 12:36:00,2026-08-06 12:36:00
3808171,image,https://cdn.bookmepk.com/sky/assets/images/hotels/rooms/a3ca2b971cfe4a3ada13b3f1d5708508.jpg,MED,App\Models\Hotels\Room,163,room-image,2026-08-06 12:36:01,2026-08-06 12:36:01
3808172,image,https://cdn.bookmepk.com/sky/assets/images/hotels/rooms/c48533ed51861f6b2ff8cb28361bb233.jpg,MED,App\Models\Hotels\Room,163,room-image,2026-08-06 12:36:01,2026-08-06 12:36:01
3808173,image,https://cdn.bookmepk.com/sky/assets/images/hotels/rooms/bdbb4d6c2c126db4280b252ab38ba731.jpg,MED,App\Models\Hotels\Room,163,room-image,2026-08-06 12:36:01,2026-08-06 12:36:01
3808174,image,https://cdn.bookmepk.com/sky/assets/images/hotels/rooms/66fad0ec14e907c8197b758d592022c2.jpg,MED,App\Models\Hotels\Room,164,room-image,2026-08-06 12:36:02,2026-08-06 12:36:02
3808175,image,https://cdn.bookmepk.com/sky/assets/images/hotels/rooms/91a00574025dd481e7276cfc875729ab.jpg,MED,App\Models\Hotels\Room,164,room-image,2026-08-06 12:36:02,2026-08-06 12:36:02
3808176,image,https://cdn.bookmepk.com/sky/assets/images/hotels/rooms/da99a3fd58559d18aeaaea059cd8eb70.jpg,MED,App\Models\Hotels\Room,164,room-image,2026-08-06 12:36:02,2026-08-06 12:36:02
3808177,image,https://cdn.bookmepk.com/sky/assets/images/hotels/rooms/e7355cf563390224966bee60f0751585.jpg,MED,App\Models\Hotels\Room,164,room-image,2026-08-06 12:36:02,2026-08-06 12:36:02
3808178,image,https://cdn.bookmepk.com/sky/assets/images/hotels/rooms/3f39af37de373e4fb412041123b471ed.jpg,MED,App\Models\Hotels\Room,164,room-image,2026-08-06 12:36:02,2026-08-06 12:36:02
3808179,image,https://cdn.bookmepk.com/sky/assets/images/hotels/rooms/a560d774f5424b33f733ee5f74f8c68d.jpg,MED,App\Models\Hotels\Room,165,room-image,2026-08-06 12:36:03,2026-08-06 12:36:03
3808180,image,https://cdn.bookmepk.com/sky/assets/images/hotels/rooms/24792a312aec21ddeb73c8003dad5309.jpg,MED,App\Models\Hotels\Room,165,room-image,2026-08-06 12:36:03,2026-08-06 12:36:03
3808181,image,https://cdn.bookmepk.com/sky/assets/images/hotels/rooms/c5563d4f63a514e53a579e6f7c6160b9.jpg,MED,App\Models\Hotels\Room,165,room-image,2026-08-06 12:36:03,2026-08-06 12:36:03
3808182,image,https://cdn.bookmepk.com/sky/assets/images/hotels/rooms/d16cb9b8c33f7a129cf04e42f4084b31.jpg,MED,App\Models\Hotels\Room,166,room-image,2026-08-06 12:36:04,2026-08-06 12:36:04
3808183,image,https://cdn.bookmepk.com/sky/assets/images/hotels/rooms/55654630c832e94fd15e8ac9b916b389.jpg,MED,App\Models\Hotels\Room,166,room-image,2026-08-06 12:36:04,2026-08-06 12:36:04
3808184,image,https://cdn.bookmepk.com/sky/assets/images/hotels/rooms/5ab8769c8472f8dd0fca4e742965f211.jpg,MED,App\Models\Hotels\Room,167,room-image,2026-08-06 12:36:23,2026-08-06 12:36:23
3808185,image,https://cdn.bookmepk.com/sky/assets/images/hotels/rooms/19712ebb3b4f0f356139ee54398d218b.jpg,MED,App\Models\Hotels\Room,167,room-image,2026-08-06 12:36:23,2026-08-06 12:36:23
3808186,image,https://cdn.bookmepk.com/sky/assets/images/hotels/rooms/62e40a981c1d47c40e377d6f3d264deb.jpg,MED,App\Models\Hotels\Room,167,room-image,2026-08-06 12:36:24,2026-08-06 12:36:24
3808187,image,https://cdn.bookmepk.com/sky/assets/images/hotels/rooms/a4de6d0e66b0b595239de96cb6d682b9.jpg,MED,App\Models\Hotels\Room,167,room-image,2026-08-06 12:36:24,2026-08-06 12:36:24
3808188,image,https://cdn.bookmepk.com/sky/assets/images/hotels/rooms/eb0a1bd371ef9e7469ba5070d169d134.jpg,MED,App\Models\Hotels\Room,167,room-image,2026-08-06 12:36:24,2026-08-06 12:36:24
3808189,image,https://cdn.bookmepk.com/sky/assets/images/hotels/rooms/c192c5d13a9600137729d1cc345f64c4.jpg,MED,App\Models\Hotels\Room,168,room-image,2026-08-06 12:36:24,2026-08-06 12:36:24
3808190,image,https://cdn.bookmepk.com/sky/assets/images/hotels/rooms/c71c8bf88fc04b90c959543d944a7bad.jpg,MED,App\Models\Hotels\Room,168,room-image,2026-08-06 12:36:25,2026-08-06 12:36:25
3808191,image,https://cdn.bookmepk.com/sky/assets/images/hotels/rooms/fcea08e599749a5fc6891d381f0f6428.jpg,MED,App\Models\Hotels\Room,168,room-image,2026-08-06 12:36:25,2026-08-06 12:36:25
3808192,image,https://cdn.bookmepk.com/sky/assets/images/hotels/rooms/df284ff6fbe35da944cf09cd491fdfd9.jpg,MED,App\Models\Hotels\Room,168,room-image,2026-08-06 12:36:25,2026-08-06 12:36:25
3808193,image,https://cdn.bookmepk.com/sky/assets/images/hotels/rooms/b8cb3a289eb187365fca37dabf700657.jpg,MED,App\Models\Hotels\Room,168,room-image,2026-08-06 12:36:25,2026-08-06 12:36:25
3808194,image,https://cdn.bookmepk.com/sky/assets/images/hotels/rooms/c192c5d13a9600137729d1cc345f64c4.jpg,MED,App\Models\Hotels\Room,169,room-image,2026-08-06 12:36:26,2026-08-06 12:36:26
3808195,image,https://cdn.bookmepk.com/sky/assets/images/hotels/rooms/c71c8bf88fc04b90c959543d944a7bad.jpg,MED,App\Models\Hotels\Room,169,room-image,2026-08-06 12:36:26,2026-08-06 12:36:26
3808196,image,https://cdn.bookmepk.com/sky/assets/images/hotels/rooms/0f32bf41a04974c809c79beb6e9d5d70.jpg,MED,App\Models\Hotels\Room,169,room-image,2026-08-06 12:36:26,2026-08-06 12:36:26
3808197,image,https://cdn.bookmepk.com/sky/assets/images/hotels/rooms/fcea08e599749a5fc6891d381f0f6428.jpg,MED,App\Models\Hotels\Room,169,room-image,2026-08-06 12:36:26,2026-08-06 12:36:26
3808198,image,https://cdn.bookmepk.com/sky/assets/images/hotels/rooms/df284ff6fbe35da944cf09cd491fdfd9.jpg,MED,App\Models\Hotels\Room,169,room-image,2026-08-06 12:36:26,2026-08-06 12:36:26
3808199,image,https://cdn.bookmepk.com/sky/assets/images/hotels/rooms/406995d90b991e7c1c5835ed587764c3.jpg,MED,App\Models\Hotels\Room,170,room-image,2026-08-06 12:37:01,2026-08-06 12:37:01
3808200,image,https://cdn.bookmepk.com/sky/assets/images/hotels/rooms/dcbe5541a919a749d43439e0c18ce226.jpg,MED,App\Models\Hotels\Room,170,room-image,2026-08-06 12:37:02,2026-08-06 12:37:02
3808201,image,https://cdn.bookmepk.com/sky/assets/images/hotels/rooms/08860bceb8a8f4f6c2027c10950d13ae.jpg,MED,App\Models\Hotels\Room,170,room-image,2026-08-06 12:37:02,2026-08-06 12:37:02
3808202,image,https://cdn.bookmepk.com/sky/assets/images/hotels/rooms/81c0cabe79803aeb7b4ad425995f3ffe.jpg,MED,App\Models\Hotels\Room,170,room-image,2026-08-06 12:37:02,2026-08-06 12:37:02
3808203,image,https://cdn.bookmepk.com/sky/assets/images/hotels/rooms/8bc2e0122afcf39c76de8ced10001c6b.jpg,MED,App\Models\Hotels\Room,170,room-image,2026-08-06 12:37:02,2026-08-06 12:37:02
3808204,image,https://cdn.bookmepk.com/sky/assets/images/hotels/rooms/406995d90b991e7c1c5835ed587764c3.jpg,MED,App\Models\Hotels\Room,171,room-image,2026-08-06 12:37:03,2026-08-06 12:37:03
3808205,image,https://cdn.bookmepk.com/sky/assets/images/hotels/rooms/dcbe5541a919a749d43439e0c18ce226.jpg,MED,App\Models\Hotels\Room,171,room-image,2026-08-06 12:37:03,2026-08-06 12:37:03
3808206,image,https://cdn.bookmepk.com/sky/assets/images/hotels/rooms/7901eb111e0ca86a6f688d01cc8eb558.jpg,MED,App\Models\Hotels\Room,171,room-image,2026-08-06 12:37:03,2026-08-06 12:37:03
3808207,image,https://cdn.bookmepk.com/sky/assets/images/hotels/rooms/34b13a0aaff679a04313a1888cbb5fc6.jpg,MED,App\Models\Hotels\Room,171,room-image,2026-08-06 12:37:03,2026-08-06 12:37:03
3808208,image,https://cdn.bookmepk.com/sky/assets/images/hotels/rooms/d629a9a6354a0d70c1667e67be86385a.jpg,MED,App\Models\Hotels\Room,171,room-image,2026-08-06 12:37:04,2026-08-06 12:37:04
3808209,image,https://cdn.bookmepk.com/sky/assets/images/hotels/rooms/406995d90b991e7c1c5835ed587764c3.jpg,MED,App\Models\Hotels\Room,172,room-image,2026-08-06 12:37:04,2026-08-06 12:37:04
3808210,image,https://cdn.bookmepk.com/sky/assets/images/hotels/rooms/dcbe5541a919a749d43439e0c18ce226.jpg,MED,App\Models\Hotels\Room,172,room-image,2026-08-06 12:37:04,2026-08-06 12:37:04
3808211,image,https://cdn.bookmepk.com/sky/assets/images/hotels/rooms/7840589d9b434abfb9e86d7a35a0d7c0.jpg,MED,App\Models\Hotels\Room,172,room-image,2026-08-06 12:37:05,2026-08-06 12:37:05
3808212,image,https://cdn.bookmepk.com/sky/assets/images/hotels/rooms/7901eb111e0ca86a6f688d01cc8eb558.jpg,MED,App\Models\Hotels\Room,172,room-image,2026-08-06 12:37:05,2026-08-06 12:37:05
3808213,image,https://cdn.bookmepk.com/sky/assets/images/hotels/rooms/08860bceb8a8f4f6c2027c10950d13ae.jpg,MED,App\Models\Hotels\Room,172,room-image,2026-08-06 12:37:05,2026-08-06 12:37:05
3808214,image,https://cdn.bookmepk.com/sky/assets/images/hotels/rooms/e712a88424ad6e896e49a1aa9e98e6be.jpg,MED,App\Models\Hotels\Room,173,room-image,2026-08-06 12:37:05,2026-08-06 12:37:05
3808215,image,https://cdn.bookmepk.com/sky/assets/images/hotels/rooms/dcbe5541a919a749d43439e0c18ce226.jpg,MED,App\Models\Hotels\Room,173,room-image,2026-08-06 12:37:06,2026-08-06 12:37:06
3808216,image,https://cdn.bookmepk.com/sky/assets/images/hotels/rooms/110e57ffb2f4716e11f033b19aa4004a.jpg,MED,App\Models\Hotels\Room,173,room-image,2026-08-06 12:37:06,2026-08-06 12:37:06
3808217,image,https://cdn.bookmepk.com/sky/assets/images/hotels/rooms/f9df5359d961f945a6b8aaa22dc93d56.jpg,MED,App\Models\Hotels\Room,173,room-image,2026-08-06 12:37:06,2026-08-06 12:37:06
3808218,image,https://cdn.bookmepk.com/sky/assets/images/hotels/rooms/16686d156afa00faa307e18b56d786e4.jpg,MED,App\Models\Hotels\Room,173,room-image,2026-08-06 12:37:06,2026-08-06 12:37:06
3808219,image,https://cdn.bookmepk.com/sky/assets/images/hotels/rooms/7dfccbd8666fec92cb701f167bae884d.jpg,MED,App\Models\Hotels\Room,174,room-image,2026-08-06 12:37:07,2026-08-06 12:37:07
3808220,image,https://cdn.bookmepk.com/sky/assets/images/hotels/rooms/9bc1d2eb46313145fd9a9e2e775bbf13.jpg,MED,App\Models\Hotels\Room,174,room-image,2026-08-06 12:37:07,2026-08-06 12:37:07
3808221,image,https://cdn.bookmepk.com/sky/assets/images/hotels/rooms/d8b0c67f3e967624540c048662f8a647.jpg,MED,App\Models\Hotels\Room,174,room-image,2026-08-06 12:37:07,2026-08-06 12:37:07
3808222,image,https://cdn.bookmepk.com/sky/assets/images/hotels/rooms/08860bceb8a8f4f6c2027c10950d13ae.jpg,MED,App\Models\Hotels\Room,174,room-image,2026-08-06 12:37:07,2026-08-06 12:37:07
3808223,image,https://cdn.bookmepk.com/sky/assets/images/hotels/rooms/f10901040bb52254bc0eb28e380d1211.jpg,MED,App\Models\Hotels\Room,174,room-image,2026-08-06 12:37:08,2026-08-06 12:37:08
3808224,image,https://cdn.bookmepk.com/sky/assets/images/hotels/rooms/179541c4899c12fdd053fa53129a4d62.jpg,MED,App\Models\Hotels\Room,175,room-image,2026-08-06 12:37:08,2026-08-06 12:37:08
3808225,image,https://cdn.bookmepk.com/sky/assets/images/hotels/rooms/dcbe5541a919a749d43439e0c18ce226.jpg,MED,App\Models\Hotels\Room,175,room-image,2026-08-06 12:37:09,2026-08-06 12:37:09
3808226,image,https://cdn.bookmepk.com/sky/assets/images/hotels/rooms/54ebc29453ef47bdf8cfdad4e0fc5966.jpg,MED,App\Models\Hotels\Room,175,room-image,2026-08-06 12:37:09,2026-08-06 12:37:09
3808227,image,https://cdn.bookmepk.com/sky/assets/images/hotels/rooms/51fd0a6f7a47bd91a970c06c4e68726f.jpg,MED,App\Models\Hotels\Room,175,room-image,2026-08-06 12:37:09,2026-08-06 12:37:09
3808228,image,https://cdn.bookmepk.com/sky/assets/images/hotels/rooms/7933c57541d5437b85189dc433a77a0c.jpg,MED,App\Models\Hotels\Room,175,room-image,2026-08-06 12:37:09,2026-08-06 12:37:09
3808229,image,https://cdn.bookmepk.com/sky/assets/images/hotels/rooms/3f26e6c9d2fbb6477777f9be5d3132c8.jpg,MED,App\Models\Hotels\Room,176,room-image,2026-08-06 12:37:10,2026-08-06 12:37:10
3808230,image,https://cdn.bookmepk.com/sky/assets/images/hotels/rooms/dcbe5541a919a749d43439e0c18ce226.jpg,MED,App\Models\Hotels\Room,176,room-image,2026-08-06 12:37:10,2026-08-06 12:37:10
3808231,image,https://cdn.bookmepk.com/sky/assets/images/hotels/rooms/08860bceb8a8f4f6c2027c10950d13ae.jpg,MED,App\Models\Hotels\Room,176,room-image,2026-08-06 12:37:10,2026-08-06 12:37:10
3808232,image,https://cdn.bookmepk.com/sky/assets/images/hotels/rooms/7f6b7dda6c89a3448ab1b567ecc16b40.jpg,MED,App\Models\Hotels\Room,176,room-image,2026-08-06 12:37:10,2026-08-06 12:37:10
3808233,image,https://cdn.bookmepk.com/sky/assets/images/hotels/rooms/62e0a265ae6af03579564f3241e82843.jpg,MED,App\Models\Hotels\Room,176,room-image,2026-08-06 12:37:11,2026-08-06 12:37:11
3808234,image,https://cdn.bookmepk.com/sky/assets/images/hotels/rooms/990b95daef6816ea46d53324cf297cfa.jpg,MED,App\Models\Hotels\Room,177,room-image,2026-08-06 12:37:44,2026-08-06 12:37:44
3808235,image,https://cdn.bookmepk.com/sky/assets/images/hotels/rooms/f9acd6db5a9e9c00cc4a2e1d7bb92bdf.jpg,MED,App\Models\Hotels\Room,177,room-image,2026-08-06 12:37:44,2026-08-06 12:37:44
3808236,image,https://cdn.bookmepk.com/sky/assets/images/hotels/rooms/8c23e45b8e3de11a6f497417f4407066.jpg,MED,App\Models\Hotels\Room,177,room-image,2026-08-06 12:37:45,2026-08-06 12:37:45
3808237,image,https://cdn.bookmepk.com/sky/assets/images/hotels/rooms/044ac75fe408c389e91e722e3ae72797.jpg,MED,App\Models\Hotels\Room,177,room-image,2026-08-06 12:37:45,2026-08-06 12:37:45
3808238,image,https://cdn.bookmepk.com/sky/assets/images/hotels/rooms/d6a634193a1634761ab7e6d94cf87e23.jpg,MED,App\Models\Hotels\Room,177,room-image,2026-08-06 12:37:45,2026-08-06 12:37:45
3808239,image,https://cdn.bookmepk.com/sky/assets/images/hotels/rooms/ba8000337b069dad6e34839f9bbe33d2.jpg,MED,App\Models\Hotels\Room,178,room-image,2026-08-06 12:37:46,2026-08-06 12:37:46
3808240,image,https://cdn.bookmepk.com/sky/assets/images/hotels/rooms/6159a127f5adbe0397bda38acc307704.jpg,MED,App\Models\Hotels\Room,178,room-image,2026-08-06 12:37:46,2026-08-06 12:37:46
3808241,image,https://cdn.bookmepk.com/sky/assets/images/hotels/rooms/9503b91e4e087a7974e8b6467854acf2.jpg,MED,App\Models\Hotels\Room,178,room-image,2026-08-06 12:37:46,2026-08-06 12:37:46
3808242,image,https://cdn.bookmepk.com/sky/assets/images/hotels/rooms/42fb8ac7cdb1d52cfbc43911289e9daf.jpg,MED,App\Models\Hotels\Room,178,room-image,2026-08-06 12:37:46,2026-08-06 12:37:46
3808243,image,https://cdn.bookmepk.com/sky/assets/images/hotels/rooms/07aa3b031bd37b094201e6e01cc89f6c.jpg,MED,App\Models\Hotels\Room,178,room-image,2026-08-06 12:37:47,2026-08-06 12:37:47
3808244,image,https://cdn.bookmepk.com/sky/assets/images/hotels/rooms/aa82500405eb21b46477c7dee68b286c.jpg,MED,App\Models\Hotels\Room,179,room-image,2026-08-06 12:37:47,2026-08-06 12:37:47
3808245,image,https://cdn.bookmepk.com/sky/assets/images/hotels/rooms/df154cd69aeaacb911c0d9c428b5143a.jpg,MED,App\Models\Hotels\Room,179,room-image,2026-08-06 12:37:47,2026-08-06 12:37:47
3808246,image,https://cdn.bookmepk.com/sky/assets/images/hotels/rooms/982749d53ea134a20145951b3470e729.jpg,MED,App\Models\Hotels\Room,179,room-image,2026-08-06 12:37:48,2026-08-06 12:37:48
3808247,image,https://cdn.bookmepk.com/sky/assets/images/hotels/rooms/d51a54d1fd028a3f25eb4721d5414aa1.jpg,MED,App\Models\Hotels\Room,179,room-image,2026-08-06 12:37:48,2026-08-06 12:37:48
3808248,image,https://cdn.bookmepk.com/sky/assets/images/hotels/rooms/9306395f7f692fe111913840e2634c5b.jpg,MED,App\Models\Hotels\Room,179,room-image,2026-08-06 12:37:48,2026-08-06 12:37:48
3808249,image,https://cdn.bookmepk.com/sky/assets/images/hotels/rooms/6eb97a5ce22c92497be3097f1252b59e.jpg,MED,App\Models\Hotels\Room,180,room-image,2026-08-06 12:37:48,2026-08-06 12:37:48
3808250,image,https://cdn.bookmepk.com/sky/assets/images/hotels/rooms/f9acd6db5a9e9c00cc4a2e1d7bb92bdf.jpg,MED,App\Models\Hotels\Room,180,room-image,2026-08-06 12:37:49,2026-08-06 12:37:49
3808251,image,https://cdn.bookmepk.com/sky/assets/images/hotels/rooms/89b955b58b28b344badd15da7ad6e3de.jpg,MED,App\Models\Hotels\Room,180,room-image,2026-08-06 12:37:49,2026-08-06 12:37:49
3808252,image,https://cdn.bookmepk.com/sky/assets/images/hotels/rooms/aa2271b1fb0de2bbe219f9e7e09e1f77.jpg,MED,App\Models\Hotels\Room,180,room-image,2026-08-06 12:37:49,2026-08-06 12:37:49
3808253,image,https://cdn.bookmepk.com/sky/assets/images/hotels/rooms/21016be73262747cfa121216983ea6dd.jpg,MED,App\Models\Hotels\Room,180,room-image,2026-08-06 12:37:49,2026-08-06 12:37:49
3808254,image,https://cdn.bookmepk.com/sky/assets/images/hotels/rooms/00ee6214816b1602713e9957e6235306.jpg,MED,App\Models\Hotels\Room,181,room-image,2026-08-06 12:37:50,2026-08-06 12:37:50
3808255,image,https://cdn.bookmepk.com/sky/assets/images/hotels/rooms/df154cd69aeaacb911c0d9c428b5143a.jpg,MED,App\Models\Hotels\Room,181,room-image,2026-08-06 12:37:50,2026-08-06 12:37:50
3808256,image,https://cdn.bookmepk.com/sky/assets/images/hotels/rooms/133a5e0b9098a96cb1e5507e41ddf8c7.jpg,MED,App\Models\Hotels\Room,181,room-image,2026-08-06 12:37:50,2026-08-06 12:37:50
3808257,image,https://cdn.bookmepk.com/sky/assets/images/hotels/rooms/d18a1e310149ab6ba78ee00a6f0422b5.jpg,MED,App\Models\Hotels\Room,181,room-image,2026-08-06 12:37:51,2026-08-06 12:37:51
3808258,image,https://cdn.bookmepk.com/sky/assets/images/hotels/rooms/204a0e8925e49e38eeb0e521a3aea904.jpg,MED,App\Models\Hotels\Room,181,room-image,2026-08-06 12:37:51,2026-08-06 12:37:51
3808259,image,https://cdn.bookmepk.com/sky/assets/images/hotels/rooms/e963834c367d1603119063bf34715504.jpg,MED,App\Models\Hotels\Room,182,room-image,2026-08-06 12:37:51,2026-08-06 12:37:51
3808260,image,https://cdn.bookmepk.com/sky/assets/images/hotels/rooms/b0cbf7aad80ad1ec00fd91f7434e17b3.jpg,MED,App\Models\Hotels\Room,183,room-image,2026-08-06 12:37:52,2026-08-06 12:37:52
3808261,image,https://cdn.bookmepk.com/sky/assets/images/hotels/rooms/6159a127f5adbe0397bda38acc307704.jpg,MED,App\Models\Hotels\Room,183,room-image,2026-08-06 12:37:52,2026-08-06 12:37:52
3808262,image,https://cdn.bookmepk.com/sky/assets/images/hotels/rooms/fab2d43886c92d0d42c352a3d5d9a5d5.jpg,MED,App\Models\Hotels\Room,183,room-image,2026-08-06 12:37:52,2026-08-06 12:37:52
3808263,image,https://cdn.bookmepk.com/sky/assets/images/hotels/rooms/69eafdd5cca4ffae1479eea3f93b32ee.jpg,MED,App\Models\Hotels\Room,183,room-image,2026-08-06 12:37:53,2026-08-06 12:37:53
3808264,image,https://cdn.bookmepk.com/sky/assets/images/hotels/rooms/81e1412799500d9319bc7b4c78c8a9e7.jpg,MED,App\Models\Hotels\Room,345,room-image,2026-08-10 20:43:40,2026-08-10 20:43:40
3808265,image,https://cdn.bookmepk.com/sky/assets/images/hotels/rooms/04afdf8eaef977a67532c956d2a5cce3.jpg,MED,App\Models\Hotels\Room,345,room-image,2026-08-10 20:43:40,2026-08-10 20:43:40
3808266,image,https://cdn.bookmepk.com/sky/assets/images/hotels/rooms/59e21698df46f38fc90fb6dd072b2750.jpg,MED,App\Models\Hotels\Room,345,room-image,2026-08-10 20:43:41,2026-08-10 20:43:41
3808267,image,https://cdn.bookmepk.com/sky/assets/images/hotels/rooms/a11e5f4d189cef4d4d0ee170e82e6e8e.jpg,MED,App\Models\Hotels\Room,345,room-image,2026-08-10 20:43:41,2026-08-10 20:43:41
3808268,image,https://cdn.bookmepk.com/sky/assets/images/hotels/rooms/9b92fd02b0235528e4ce5012c2558e1e.jpg,MED,App\Models\Hotels\Room,345,room-image,2026-08-10 20:43:41,2026-08-10 20:43:41
3808269,image,https://cdn.bookmepk.com/sky/assets/images/hotels/rooms/59e21698df46f38fc90fb6dd072b2750.jpg,MED,App\Models\Hotels\Room,346,room-image,2026-08-10 20:43:41,2026-08-10 20:43:41
3808270,image,https://cdn.bookmepk.com/sky/assets/images/hotels/rooms/04afdf8eaef977a67532c956d2a5cce3.jpg,MED,App\Models\Hotels\Room,346,room-image,2026-08-10 20:43:41,2026-08-10 20:43:41
3808271,image,https://cdn.bookmepk.com/sky/assets/images/hotels/rooms/a11e5f4d189cef4d4d0ee170e82e6e8e.jpg,MED,App\Models\Hotels\Room,346,room-image,2026-08-10 20:43:41,2026-08-10 20:43:41
3808272,image,https://cdn.bookmepk.com/sky/assets/images/hotels/rooms/fffa38f5d54f1801cbdbd48475ce4d3a.jpg,MED,App\Models\Hotels\Room,346,room-image,2026-08-10 20:43:42,2026-08-10 20:43:42
3808273,image,https://cdn.bookmepk.com/sky/assets/images/hotels/rooms/2ba4fb2ad462e3faa8083e050cbb3aa3.jpg,MED,App\Models\Hotels\Room,346,room-image,2026-08-10 20:43:42,2026-08-10 20:43:42
3808274,image,https://cdn.bookmepk.com/sky/assets/images/hotels/rooms/3b6724445ccf6aa72372d1b97a2e23f0.jpg,MED,App\Models\Hotels\Room,347,room-image,2026-08-10 20:44:13,2026-08-10 20:44:13
3808275,image,https://cdn.bookmepk.com/sky/assets/images/hotels/rooms/8cfc1e0a8d9f53f56bb3c9e88b004738.jpg,MED,App\Models\Hotels\Room,347,room-image,2026-08-10 20:44:13,2026-08-10 20:44:13
3808276,image,https://cdn.bookmepk.com/sky/assets/images/hotels/rooms/71c09d784270406d39ad12150ed2687e.jpg,MED,App\Models\Hotels\Room,347,room-image,2026-08-10 20:44:13,2026-08-10 20:44:13
3808277,image,https://cdn.bookmepk.com/sky/assets/images/hotels/rooms/b62c3d5d065d4dc1f4c77daac5bf1238.jpg,MED,App\Models\Hotels\Room,347,room-image,2026-08-10 20:44:13,2026-08-10 20:44:13
3808278,image,https://cdn.bookmepk.com/sky/assets/images/hotels/rooms/d4b6ec62a1a8fcb3de6f5074693be1b7.jpg,MED,App\Models\Hotels\Room,347,room-image,2026-08-10 20:44:13,2026-08-10 20:44:13
3808279,image,https://cdn.bookmepk.com/sky/assets/images/hotels/rooms/3b6724445ccf6aa72372d1b97a2e23f0.jpg,MED,App\Models\Hotels\Room,348,room-image,2026-08-10 20:44:14,2026-08-10 20:44:14
3808280,image,https://cdn.bookmepk.com/sky/assets/images/hotels/rooms/8cfc1e0a8d9f53f56bb3c9e88b004738.jpg,MED,App\Models\Hotels\Room,348,room-image,2026-08-10 20:44:14,2026-08-10 20:44:14
3808281,image,https://cdn.bookmepk.com/sky/assets/images/hotels/rooms/71c09d784270406d39ad12150ed2687e.jpg,MED,App\Models\Hotels\Room,348,room-image,2026-08-10 20:44:14,2026-08-10 20:44:14
3808282,image,https://cdn.bookmepk.com/sky/assets/images/hotels/rooms/b62c3d5d065d4dc1f4c77daac5bf1238.jpg,MED,App\Models\Hotels\Room,348,room-image,2026-08-10 20:44:14,2026-08-10 20:44:14
3808283,image,https://cdn.bookmepk.com/sky/assets/images/hotels/rooms/d4b6ec62a1a8fcb3de6f5074693be1b7.jpg,MED,App\Models\Hotels\Room,348,room-image,2026-08-10 20:44:14,2026-08-10 20:44:14
3808284,image,https://cdn.bookmepk.com/sky/assets/images/hotels/rooms/91cd033597169902e9ec91a4fe83df6f.jpg,MED,App\Models\Hotels\Room,349,room-image,2026-08-10 20:44:14,2026-08-10 20:44:14
3808285,image,https://cdn.bookmepk.com/sky/assets/images/hotels/rooms/b61c4a5a26c95401e88d4596ca8bed47.jpg,MED,App\Models\Hotels\Room,349,room-image,2026-08-10 20:44:15,2026-08-10 20:44:15
3808286,image,https://cdn.bookmepk.com/sky/assets/images/hotels/rooms/7ed472602e375a1ae958b06ad3b212fd.jpg,MED,App\Models\Hotels\Room,349,room-image,2026-08-10 20:44:15,2026-08-10 20:44:15
3808287,image,https://cdn.bookmepk.com/sky/assets/images/hotels/rooms/61ed2925ebc76654911d57384427be66.jpg,MED,App\Models\Hotels\Room,349,room-image,2026-08-10 20:44:15,2026-08-10 20:44:15
3808288,image,https://cdn.bookmepk.com/sky/assets/images/hotels/rooms/8a2a1b4781765a62d65ee339cc735ad2.jpg,MED,App\Models\Hotels\Room,349,room-image,2026-08-10 20:44:15,2026-08-10 20:44:15
3808289,image,https://cdn.bookmepk.com/sky/assets/images/hotels/rooms/3b6724445ccf6aa72372d1b97a2e23f0.jpg,MED,App\Models\Hotels\Room,350,room-image,2026-08-10 20:44:15,2026-08-10 20:44:15
3808290,image,https://cdn.bookmepk.com/sky/assets/images/hotels/rooms/8cfc1e0a8d9f53f56bb3c9e88b004738.jpg,MED,App\Models\Hotels\Room,350,room-image,2026-08-10 20:44:15,2026-08-10 20:44:15
3808291,image,https://cdn.bookmepk.com/sky/assets/images/hotels/rooms/71c09d784270406d39ad12150ed2687e.jpg,MED,App\Models\Hotels\Room,350,room-image,2026-08-10 20:44:16,2026-08-10 20:44:16
3808292,image,https://cdn.bookmepk.com/sky/assets/images/hotels/rooms/b62c3d5d065d4dc1f4c77daac5bf1238.jpg,MED,App\Models\Hotels\Room,350,room-image,2026-08-10 20:44:16,2026-08-10 20:44:16
3808293,image,https://cdn.bookmepk.com/sky/assets/images/hotels/rooms/d4b6ec62a1a8fcb3de6f5074693be1b7.jpg,MED,App\Models\Hotels\Room,350,room-image,2026-08-10 20:44:16,2026-08-10 20:44:16
3808294,image,https://cdn.bookmepk.com/sky/assets/images/hotels/rooms/3b6724445ccf6aa72372d1b97a2e23f0.jpg,MED,App\Models\Hotels\Room,351,room-image,2026-08-10 20:44:16,2026-08-10 20:44:16
3808295,image,https://cdn.bookmepk.com/sky/assets/images/hotels/rooms/8cfc1e0a8d9f53f56bb3c9e88b004738.jpg,MED,App\Models\Hotels\Room,351,room-image,2026-08-10 20:44:16,2026-08-10 20:44:16
3808296,image,https://cdn.bookmepk.com/sky/assets/images/hotels/rooms/71c09d784270406d39ad12150ed2687e.jpg,MED,App\Models\Hotels\Room,351,room-image,2026-08-10 20:44:16,2026-08-10 20:44:16
3808297,image,https://cdn.bookmepk.com/sky/assets/images/hotels/rooms/b62c3d5d065d4dc1f4c77daac5bf1238.jpg,MED,App\Models\Hotels\Room,351,room-image,2026-08-10 20:44:17,2026-08-10 20:44:17
3808298,image,https://cdn.bookmepk.com/sky/assets/images/hotels/rooms/d4b6ec62a1a8fcb3de6f5074693be1b7.jpg,MED,App\Models\Hotels\Room,351,room-image,2026-08-10 20:44:17,2026-08-10 20:44:17
3808299,image,https://cdn.bookmepk.com/sky/assets/images/hotels/rooms/3b6724445ccf6aa72372d1b97a2e23f0.jpg,MED,App\Models\Hotels\Room,352,room-image,2026-08-10 20:44:17,2026-08-10 20:44:17
3808300,image,https://cdn.bookmepk.com/sky/assets/images/hotels/rooms/8cfc1e0a8d9f53f56bb3c9e88b004738.jpg,MED,App\Models\Hotels\Room,352,room-image,2026-08-10 20:44:17,2026-08-10 20:44:17
3808301,image,https://cdn.bookmepk.com/sky/assets/images/hotels/rooms/71c09d784270406d39ad12150ed2687e.jpg,MED,App\Models\Hotels\Room,352,room-image,2026-08-10 20:44:17,2026-08-10 20:44:17
3808302,image,https://cdn.bookmepk.com/sky/assets/images/hotels/rooms/b62c3d5d065d4dc1f4c77daac5bf1238.jpg,MED,App\Models\Hotels\Room,352,room-image,2026-08-10 20:44:17,2026-08-10 20:44:17
3808303,image,https://cdn.bookmepk.com/sky/assets/images/hotels/rooms/d4b6ec62a1a8fcb3de6f5074693be1b7.jpg,MED,App\Models\Hotels\Room,352,room-image,2026-08-10 20:44:17,2026-08-10 20:44:17
3808304,image,https://cdn.bookmepk.com/sky/assets/images/hotels/rooms/3b6724445ccf6aa72372d1b97a2e23f0.jpg,MED,App\Models\Hotels\Room,353,room-image,2026-08-10 20:44:18,2026-08-10 20:44:18
3808305,image,https://cdn.bookmepk.com/sky/assets/images/hotels/rooms/8cfc1e0a8d9f53f56bb3c9e88b004738.jpg,MED,App\Models\Hotels\Room,353,room-image,2026-08-10 20:44:18,2026-08-10 20:44:18
3808306,image,https://cdn.bookmepk.com/sky/assets/images/hotels/rooms/71c09d784270406d39ad12150ed2687e.jpg,MED,App\Models\Hotels\Room,353,room-image,2026-08-10 20:44:18,2026-08-10 20:44:18
3808307,image,https://cdn.bookmepk.com/sky/assets/images/hotels/rooms/b62c3d5d065d4dc1f4c77daac5bf1238.jpg,MED,App\Models\Hotels\Room,353,room-image,2026-08-10 20:44:18,2026-08-10 20:44:18
3808308,image,https://cdn.bookmepk.com/sky/assets/images/hotels/rooms/d4b6ec62a1a8fcb3de6f5074693be1b7.jpg,MED,App\Models\Hotels\Room,353,room-image,2026-08-10 20:44:18,2026-08-10 20:44:18
3808309,image,https://cdn.bookmepk.com/sky/assets/images/hotels/rooms/3b6724445ccf6aa72372d1b97a2e23f0.jpg,MED,App\Models\Hotels\Room,354,room-image,2026-08-10 20:44:19,2026-08-10 20:44:19
3808310,image,https://cdn.bookmepk.com/sky/assets/images/hotels/rooms/8cfc1e0a8d9f53f56bb3c9e88b004738.jpg,MED,App\Models\Hotels\Room,354,room-image,2026-08-10 20:44:19,2026-08-10 20:44:19
3808311,image,https://cdn.bookmepk.com/sky/assets/images/hotels/rooms/71c09d784270406d39ad12150ed2687e.jpg,MED,App\Models\Hotels\Room,354,room-image,2026-08-10 20:44:19,2026-08-10 20:44:19
3808312,image,https://cdn.bookmepk.com/sky/assets/images/hotels/rooms/b62c3d5d065d4dc1f4c77daac5bf1238.jpg,MED,App\Models\Hotels\Room,354,room-image,2026-08-10 20:44:19,2026-08-10 20:44:19
3808313,image,https://cdn.bookmepk.com/sky/assets/images/hotels/rooms/d4b6ec62a1a8fcb3de6f5074693be1b7.jpg,MED,App\Models\Hotels\Room,354,room-image,2026-08-10 20:44:19,2026-08-10 20:44:19
3808314,image,https://cdn.bookmepk.com/sky/assets/images/hotels/rooms/3b6724445ccf6aa72372d1b97a2e23f0.jpg,MED,App\Models\Hotels\Room,355,room-image,2026-08-10 20:44:19,2026-08-10 20:44:19
3808315,image,https://cdn.bookmepk.com/sky/assets/images/hotels/rooms/8cfc1e0a8d9f53f56bb3c9e88b004738.jpg,MED,App\Models\Hotels\Room,355,room-image,2026-08-10 20:44:20,2026-08-10 20:44:20
3808316,image,https://cdn.bookmepk.com/sky/assets/images/hotels/rooms/71c09d784270406d39ad12150ed2687e.jpg,MED,App\Models\Hotels\Room,355,room-image,2026-08-10 20:44:20,2026-08-10 20:44:20
3808317,image,https://cdn.bookmepk.com/sky/assets/images/hotels/rooms/b62c3d5d065d4dc1f4c77daac5bf1238.jpg,MED,App\Models\Hotels\Room,355,room-image,2026-08-10 20:44:20,2026-08-10 20:44:20
3808318,image,https://cdn.bookmepk.com/sky/assets/images/hotels/rooms/d4b6ec62a1a8fcb3de6f5074693be1b7.jpg,MED,App\Models\Hotels\Room,355,room-image,2026-08-10 20:44:20,2026-08-10 20:44:20
3808319,image,https://cdn.bookmepk.com/sky/assets/images/hotels/rooms/3b6724445ccf6aa72372d1b97a2e23f0.jpg,MED,App\Models\Hotels\Room,356,room-image,2026-08-10 20:44:20,2026-08-10 20:44:20
3808320,image,https://cdn.bookmepk.com/sky/assets/images/hotels/rooms/8cfc1e0a8d9f53f56bb3c9e88b004738.jpg,MED,App\Models\Hotels\Room,356,room-image,2026-08-10 20:44:20,2026-08-10 20:44:20
3808321,image,https://cdn.bookmepk.com/sky/assets/images/hotels/rooms/71c09d784270406d39ad12150ed2687e.jpg,MED,App\Models\Hotels\Room,356,room-image,2026-08-10 20:44:20,2026-08-10 20:44:20
3808322,image,https://cdn.bookmepk.com/sky/assets/images/hotels/rooms/b62c3d5d065d4dc1f4c77daac5bf1238.jpg,MED,App\Models\Hotels\Room,356,room-image,2026-08-10 20:44:21,2026-08-10 20:44:21
3808323,image,https://cdn.bookmepk.com/sky/assets/images/hotels/rooms/d4b6ec62a1a8fcb3de6f5074693be1b7.jpg,MED,App\Models\Hotels\Room,356,room-image,2026-08-10 20:44:21,2026-08-10 20:44:21
3808324,image,https://cdn.bookmepk.com/sky/assets/images/hotels/rooms/92ae152c91215f4f6245cf6b7665444e.jpg,MED,App\Models\Hotels\Room,357,room-image,2026-08-10 20:44:21,2026-08-10 20:44:21
3808325,image,https://cdn.bookmepk.com/sky/assets/images/hotels/rooms/e4322d1a9db8eb8741b535a40b55257a.jpg,MED,App\Models\Hotels\Room,357,room-image,2026-08-10 20:44:21,2026-08-10 20:44:21
3808326,image,https://cdn.bookmepk.com/sky/assets/images/hotels/rooms/8e677d3f43c5ea1fb498314c72e8bfb5.jpg,MED,App\Models\Hotels\Room,357,room-image,2026-08-10 20:44:21,2026-08-10 20:44:21
3808327,image,https://cdn.bookmepk.com/sky/assets/images/hotels/rooms/3b6724445ccf6aa72372d1b97a2e23f0.jpg,MED,App\Models\Hotels\Room,358,room-image,2026-08-10 20:44:22,2026-08-10 20:44:22
3808328,image,https://cdn.bookmepk.com/sky/assets/images/hotels/rooms/8cfc1e0a8d9f53f56bb3c9e88b004738.jpg,MED,App\Models\Hotels\Room,358,room-image,2026-08-10 20:44:22,2026-08-10 20:44:22
3808329,image,https://cdn.bookmepk.com/sky/assets/images/hotels/rooms/71c09d784270406d39ad12150ed2687e.jpg,MED,App\Models\Hotels\Room,358,room-image,2026-08-10 20:44:22,2026-08-10 20:44:22
3808330,image,https://cdn.bookmepk.com/sky/assets/images/hotels/rooms/b62c3d5d065d4dc1f4c77daac5bf1238.jpg,MED,App\Models\Hotels\Room,358,room-image,2026-08-10 20:44:22,2026-08-10 20:44:22
3808331,image,https://cdn.bookmepk.com/sky/assets/images/hotels/rooms/d4b6ec62a1a8fcb3de6f5074693be1b7.jpg,MED,App\Models\Hotels\Room,358,room-image,2026-08-10 20:44:22,2026-08-10 20:44:22
3808332,image,https://cdn.bookmepk.com/sky/assets/images/hotels/rooms/3b6724445ccf6aa72372d1b97a2e23f0.jpg,MED,App\Models\Hotels\Room,360,room-image,2026-08-10 20:44:23,2026-08-10 20:44:23
3808333,image,https://cdn.bookmepk.com/sky/assets/images/hotels/rooms/8cfc1e0a8d9f53f56bb3c9e88b004738.jpg,MED,App\Models\Hotels\Room,360,room-image,2026-08-10 20:44:23,2026-08-10 20:44:23
3808334,image,https://cdn.bookmepk.com/sky/assets/images/hotels/rooms/71c09d784270406d39ad12150ed2687e.jpg,MED,App\Models\Hotels\Room,360,room-image,2026-08-10 20:44:23,2026-08-10 20:44:23
3808335,image,https://cdn.bookmepk.com/sky/assets/images/hotels/rooms/b62c3d5d065d4dc1f4c77daac5bf1238.jpg,MED,App\Models\Hotels\Room,360,room-image,2026-08-10 20:44:23,2026-08-10 20:44:23
3808336,image,https://cdn.bookmepk.com/sky/assets/images/hotels/rooms/d4b6ec62a1a8fcb3de6f5074693be1b7.jpg,MED,App\Models\Hotels\Room,360,room-image,2026-08-10 20:44:23,2026-08-10 20:44:23
3808337,image,https://cdn.bookmepk.com/sky/assets/images/hotels/rooms/3b6724445ccf6aa72372d1b97a2e23f0.jpg,MED,App\Models\Hotels\Room,361,room-image,2026-08-10 20:44:23,2026-08-10 20:44:23
3808338,image,https://cdn.bookmepk.com/sky/assets/images/hotels/rooms/8cfc1e0a8d9f53f56bb3c9e88b004738.jpg,MED,App\Models\Hotels\Room,361,room-image,2026-08-10 20:44:23,2026-08-10 20:44:23
3808339,image,https://cdn.bookmepk.com/sky/assets/images/hotels/rooms/71c09d784270406d39ad12150ed2687e.jpg,MED,App\Models\Hotels\Room,361,room-image,2026-08-10 20:44:24,2026-08-10 20:44:24
3808340,image,https://cdn.bookmepk.com/sky/assets/images/hotels/rooms/b62c3d5d065d4dc1f4c77daac5bf1238.jpg,MED,App\Models\Hotels\Room,361,room-image,2026-08-10 20:44:24,2026-08-10 20:44:24
3808341,image,https://cdn.bookmepk.com/sky/assets/images/hotels/rooms/d4b6ec62a1a8fcb3de6f5074693be1b7.jpg,MED,App\Models\Hotels\Room,361,room-image,2026-08-10 20:44:24,2026-08-10 20:44:24
3808342,image,https://cdn.bookmepk.com/sky/assets/images/hotels/rooms/3b6724445ccf6aa72372d1b97a2e23f0.jpg,MED,App\Models\Hotels\Room,362,room-image,2026-08-10 20:44:24,2026-08-10 20:44:24
3808343,image,https://cdn.bookmepk.com/sky/assets/images/hotels/rooms/8cfc1e0a8d9f53f56bb3c9e88b004738.jpg,MED,App\Models\Hotels\Room,362,room-image,2026-08-10 20:44:24,2026-08-10 20:44:24
3808344,image,https://cdn.bookmepk.com/sky/assets/images/hotels/rooms/71c09d784270406d39ad12150ed2687e.jpg,MED,App\Models\Hotels\Room,362,room-image,2026-08-10 20:44:24,2026-08-10 20:44:24
3808345,image,https://cdn.bookmepk.com/sky/assets/images/hotels/rooms/b62c3d5d065d4dc1f4c77daac5bf1238.jpg,MED,App\Models\Hotels\Room,362,room-image,2026-08-10 20:44:25,2026-08-10 20:44:25
3808346,image,https://cdn.bookmepk.com/sky/assets/images/hotels/rooms/d4b6ec62a1a8fcb3de6f5074693be1b7.jpg,MED,App\Models\Hotels\Room,362,room-image,2026-08-10 20:44:25,2026-08-10 20:44:25
3808347,image,https://cdn.bookmepk.com/sky/assets/images/hotels/rooms/3b6724445ccf6aa72372d1b97a2e23f0.jpg,MED,App\Models\Hotels\Room,363,room-image,2026-08-10 20:44:25,2026-08-10 20:44:25
3808348,image,https://cdn.bookmepk.com/sky/assets/images/hotels/rooms/8cfc1e0a8d9f53f56bb3c9e88b004738.jpg,MED,App\Models\Hotels\Room,363,room-image,2026-08-10 20:44:25,2026-08-10 20:44:25
3808349,image,https://cdn.bookmepk.com/sky/assets/images/hotels/rooms/71c09d784270406d39ad12150ed2687e.jpg,MED,App\Models\Hotels\Room,363,room-image,2026-08-10 20:44:25,2026-08-10 20:44:25
3808350,image,https://cdn.bookmepk.com/sky/assets/images/hotels/rooms/b62c3d5d065d4dc1f4c77daac5bf1238.jpg,MED,App\Models\Hotels\Room,363,room-image,2026-08-10 20:44:25,2026-08-10 20:44:25
3808351,image,https://cdn.bookmepk.com/sky/assets/images/hotels/rooms/d4b6ec62a1a8fcb3de6f5074693be1b7.jpg,MED,App\Models\Hotels\Room,363,room-image,2026-08-10 20:44:26,2026-08-10 20:44:26
3808352,image,https://cdn.bookmepk.com/sky/assets/images/hotels/rooms/3b6724445ccf6aa72372d1b97a2e23f0.jpg,MED,App\Models\Hotels\Room,364,room-image,2026-08-10 20:44:26,2026-08-10 20:44:26
3808353,image,https://cdn.bookmepk.com/sky/assets/images/hotels/rooms/8cfc1e0a8d9f53f56bb3c9e88b004738.jpg,MED,App\Models\Hotels\Room,364,room-image,2026-08-10 20:44:26,2026-08-10 20:44:26
3808354,image,https://cdn.bookmepk.com/sky/assets/images/hotels/rooms/71c09d784270406d39ad12150ed2687e.jpg,MED,App\Models\Hotels\Room,364,room-image,2026-08-10 20:44:26,2026-08-10 20:44:26
3808355,image,https://cdn.bookmepk.com/sky/assets/images/hotels/rooms/b62c3d5d065d4dc1f4c77daac5bf1238.jpg,MED,App\Models\Hotels\Room,364,room-image,2026-08-10 20:44:26,2026-08-10 20:44:26
3808356,image,https://cdn.bookmepk.com/sky/assets/images/hotels/rooms/d4b6ec62a1a8fcb3de6f5074693be1b7.jpg,MED,App\Models\Hotels\Room,364,room-image,2026-08-10 20:44:26,2026-08-10 20:44:26
3808357,image,https://cdn.bookmepk.com/sky/assets/images/hotels/rooms/91cd033597169902e9ec91a4fe83df6f.jpg,MED,App\Models\Hotels\Room,365,room-image,2026-08-10 20:44:27,2026-08-10 20:44:27
3808358,image,https://cdn.bookmepk.com/sky/assets/images/hotels/rooms/b61c4a5a26c95401e88d4596ca8bed47.jpg,MED,App\Models\Hotels\Room,365,room-image,2026-08-10 20:44:27,2026-08-10 20:44:27
3808359,image,https://cdn.bookmepk.com/sky/assets/images/hotels/rooms/7ed472602e375a1ae958b06ad3b212fd.jpg,MED,App\Models\Hotels\Room,365,room-image,2026-08-10 20:44:27,2026-08-10 20:44:27
3808360,image,https://cdn.bookmepk.com/sky/assets/images/hotels/rooms/61ed2925ebc76654911d57384427be66.jpg,MED,App\Models\Hotels\Room,365,room-image,2026-08-10 20:44:27,2026-08-10 20:44:27
3808361,image,https://cdn.bookmepk.com/sky/assets/images/hotels/rooms/8a2a1b4781765a62d65ee339cc735ad2.jpg,MED,App\Models\Hotels\Room,365,room-image,2026-08-10 20:44:27,2026-08-10 20:44:27
3808362,image,https://cdn.bookmepk.com/sky/assets/images/hotels/rooms/3b6724445ccf6aa72372d1b97a2e23f0.jpg,MED,App\Models\Hotels\Room,366,room-image,2026-08-10 20:44:27,2026-08-10 20:44:27
3808363,image,https://cdn.bookmepk.com/sky/assets/images/hotels/rooms/8cfc1e0a8d9f53f56bb3c9e88b004738.jpg,MED,App\Models\Hotels\Room,366,room-image,2026-08-10 20:44:28,2026-08-10 20:44:28
3808364,image,https://cdn.bookmepk.com/sky/assets/images/hotels/rooms/71c09d784270406d39ad12150ed2687e.jpg,MED,App\Models\Hotels\Room,366,room-image,2026-08-10 20:44:28,2026-08-10 20:44:28
3808365,image,https://cdn.bookmepk.com/sky/assets/images/hotels/rooms/b62c3d5d065d4dc1f4c77daac5bf1238.jpg,MED,App\Models\Hotels\Room,366,room-image,2026-08-10 20:44:28,2026-08-10 20:44:28
3808366,image,https://cdn.bookmepk.com/sky/assets/images/hotels/rooms/d4b6ec62a1a8fcb3de6f5074693be1b7.jpg,MED,App\Models\Hotels\Room,366,room-image,2026-08-10 20:44:28,2026-08-10 20:44:28
3808367,image,https://cdn.bookmepk.com/sky/assets/images/hotels/rooms/91cd033597169902e9ec91a4fe83df6f.jpg,MED,App\Models\Hotels\Room,367,room-image,2026-08-10 20:44:28,2026-08-10 20:44:28
3808368,image,https://cdn.bookmepk.com/sky/assets/images/hotels/rooms/b61c4a5a26c95401e88d4596ca8bed47.jpg,MED,App\Models\Hotels\Room,367,room-image,2026-08-10 20:44:28,2026-08-10 20:44:28
3808369,image,https://cdn.bookmepk.com/sky/assets/images/hotels/rooms/7ed472602e375a1ae958b06ad3b212fd.jpg,MED,App\Models\Hotels\Room,367,room-image,2026-08-10 20:44:29,2026-08-10 20:44:29
3808370,image,https://cdn.bookmepk.com/sky/assets/images/hotels/rooms/61ed2925ebc76654911d57384427be66.jpg,MED,App\Models\Hotels\Room,367,room-image,2026-08-10 20:44:29,2026-08-10 20:44:29
3808371,image,https://cdn.bookmepk.com/sky/assets/images/hotels/rooms/8a2a1b4781765a62d65ee339cc735ad2.jpg,MED,App\Models\Hotels\Room,367,room-image,2026-08-10 20:44:29,2026-08-10 20:44:29
3808372,image,https://cdn.bookmepk.com/sky/assets/images/hotels/rooms/91cd033597169902e9ec91a4fe83df6f.jpg,MED,App\Models\Hotels\Room,368,room-image,2026-08-10 20:44:29,2026-08-10 20:44:29
3808373,image,https://cdn.bookmepk.com/sky/assets/images/hotels/rooms/b61c4a5a26c95401e88d4596ca8bed47.jpg,MED,App\Models\Hotels\Room,368,room-image,2026-08-10 20:44:29,2026-08-10 20:44:29
3808374,image,https://cdn.bookmepk.com/sky/assets/images/hotels/rooms/7ed472602e375a1ae958b06ad3b212fd.jpg,MED,App\Models\Hotels\Room,368,room-image,2026-08-10 20:44:29,2026-08-10 20:44:29
3808375,image,https://cdn.bookmepk.com/sky/assets/images/hotels/rooms/61ed2925ebc76654911d57384427be66.jpg,MED,App\Models\Hotels\Room,368,room-image,2026-08-10 20:44:29,2026-08-10 20:44:29
3808376,image,https://cdn.bookmepk.com/sky/assets/images/hotels/rooms/8a2a1b4781765a62d65ee339cc735ad2.jpg,MED,App\Models\Hotels\Room,368,room-image,2026-08-10 20:44:30,2026-08-10 20:44:30
3808377,image,https://cdn.bookmepk.com/sky/assets/images/hotels/rooms/cf610dfea87b465c34781124074c3dca.jpg,MED,App\Models\Hotels\Room,369,room-image,2026-08-10 20:44:49,2026-08-10 20:44:49
3808378,image,https://cdn.bookmepk.com/sky/assets/images/hotels/rooms/59a64cc993a04a00c3e6e13d2275dd3e.jpg,MED,App\Models\Hotels\Room,369,room-image,2026-08-10 20:44:50,2026-08-10 20:44:50
3808379,image,https://cdn.bookmepk.com/sky/assets/images/hotels/rooms/24b51838174698b1f0a23d42e74c0782.jpg,MED,App\Models\Hotels\Room,369,room-image,2026-08-10 20:44:50,2026-08-10 20:44:50
3808380,image,https://cdn.bookmepk.com/sky/assets/images/hotels/rooms/51c779b76b7add3924af6a21709b1bbe.jpg,MED,App\Models\Hotels\Room,369,room-image,2026-08-10 20:44:50,2026-08-10 20:44:50
3808381,image,https://cdn.bookmepk.com/sky/assets/images/hotels/rooms/b44a385a8a378826d589391bc5f63daf.jpg,MED,App\Models\Hotels\Room,369,room-image,2026-08-10 20:44:50,2026-08-10 20:44:50
3808382,image,https://cdn.bookmepk.com/sky/assets/images/hotels/rooms/59a64cc993a04a00c3e6e13d2275dd3e.jpg,MED,App\Models\Hotels\Room,370,room-image,2026-08-10 20:44:50,2026-08-10 20:44:50
3808383,image,https://cdn.bookmepk.com/sky/assets/images/hotels/rooms/a02369739b8c92896b3e1be6afc315aa.jpg,MED,App\Models\Hotels\Room,370,room-image,2026-08-10 20:44:50,2026-08-10 20:44:50
3808384,image,https://cdn.bookmepk.com/sky/assets/images/hotels/rooms/b6951a514efc8ea6383ebcd6cc5e4209.jpg,MED,App\Models\Hotels\Room,370,room-image,2026-08-10 20:44:50,2026-08-10 20:44:50
3808385,image,https://cdn.bookmepk.com/sky/assets/images/hotels/rooms/a4753fb9fcfa5c51227b21bd6929071e.jpg,MED,App\Models\Hotels\Room,370,room-image,2026-08-10 20:44:51,2026-08-10 20:44:51
3808386,image,https://cdn.bookmepk.com/sky/assets/images/hotels/rooms/ff27bafb981c0a970c71a57c1b91c232.jpg,MED,App\Models\Hotels\Room,370,room-image,2026-08-10 20:44:51,2026-08-10 20:44:51
3808387,image,https://cdn.bookmepk.com/sky/assets/images/hotels/rooms/59a64cc993a04a00c3e6e13d2275dd3e.jpg,MED,App\Models\Hotels\Room,371,room-image,2026-08-10 20:44:51,2026-08-10 20:44:51
3808388,image,https://cdn.bookmepk.com/sky/assets/images/hotels/rooms/a02369739b8c92896b3e1be6afc315aa.jpg,MED,App\Models\Hotels\Room,371,room-image,2026-08-10 20:44:51,2026-08-10 20:44:51
3808389,image,https://cdn.bookmepk.com/sky/assets/images/hotels/rooms/b6951a514efc8ea6383ebcd6cc5e4209.jpg,MED,App\Models\Hotels\Room,371,room-image,2026-08-10 20:44:51,2026-08-10 20:44:51
3808390,image,https://cdn.bookmepk.com/sky/assets/images/hotels/rooms/a4753fb9fcfa5c51227b21bd6929071e.jpg,MED,App\Models\Hotels\Room,371,room-image,2026-08-10 20:44:51,2026-08-10 20:44:51
3808391,image,https://cdn.bookmepk.com/sky/assets/images/hotels/rooms/ff27bafb981c0a970c71a57c1b91c232.jpg,MED,App\Models\Hotels\Room,371,room-image,2026-08-10 20:44:52,2026-08-10 20:44:52
3808392,image,https://cdn.bookmepk.com/sky/assets/images/hotels/rooms/cf610dfea87b465c34781124074c3dca.jpg,MED,App\Models\Hotels\Room,372,room-image,2026-08-10 20:44:52,2026-08-10 20:44:52
3808393,image,https://cdn.bookmepk.com/sky/assets/images/hotels/rooms/59a64cc993a04a00c3e6e13d2275dd3e.jpg,MED,App\Models\Hotels\Room,372,room-image,2026-08-10 20:44:52,2026-08-10 20:44:52
3808394,image,https://cdn.bookmepk.com/sky/assets/images/hotels/rooms/24b51838174698b1f0a23d42e74c0782.jpg,MED,App\Models\Hotels\Room,372,room-image,2026-08-10 20:44:52,2026-08-10 20:44:52
3808395,image,https://cdn.bookmepk.com/sky/assets/images/hotels/rooms/51c779b76b7add3924af6a21709b1bbe.jpg,MED,App\Models\Hotels\Room,372,room-image,2026-08-10 20:44:52,2026-08-10 20:44:52
3808396,image,https://cdn.bookmepk.com/sky/assets/images/hotels/rooms/b44a385a8a378826d589391bc5f63daf.jpg,MED,App\Models\Hotels\Room,372,room-image,2026-08-10 20:44:52,2026-08-10 20:44:52
3808397,image,https://cdn.bookmepk.com/sky/assets/images/hotels/rooms/5c4f4ae9c631c6178806dde3c8db5b07.jpg,MED,App\Models\Hotels\Room,373,room-image,2026-08-10 20:44:53,2026-08-10 20:44:53
3808398,image,https://cdn.bookmepk.com/sky/assets/images/hotels/rooms/6d9da61cbf7a19bc9612cc8353312492.jpg,MED,App\Models\Hotels\Room,373,room-image,2026-08-10 20:44:53,2026-08-10 20:44:53
3808399,image,https://cdn.bookmepk.com/sky/assets/images/hotels/rooms/ded2895ef98bd67ffb470edc52dc7d7c.jpg,MED,App\Models\Hotels\Room,373,room-image,2026-08-10 20:44:53,2026-08-10 20:44:53
3808400,image,https://cdn.bookmepk.com/sky/assets/images/hotels/rooms/206ae74f6261a3e7dd4b0deba318a174.jpg,MED,App\Models\Hotels\Room,373,room-image,2026-08-10 20:44:53,2026-08-10 20:44:53
3808401,image,https://cdn.bookmepk.com/sky/assets/images/hotels/rooms/30a58605cafdac35ffbaf97e2ab2e2f2.jpg,MED,App\Models\Hotels\Room,373,room-image,2026-08-10 20:44:53,2026-08-10 20:44:53
3808402,image,https://cdn.bookmepk.com/sky/assets/images/hotels/rooms/0c720846e9f48bb374753cac4bf426d0.jpg,MED,App\Models\Hotels\Room,374,room-image,2026-08-10 20:44:53,2026-08-10 20:44:53
3808403,image,https://cdn.bookmepk.com/sky/assets/images/hotels/rooms/8df881fa175e6cdaf39c1e51735de861.jpg,MED,App\Models\Hotels\Room,374,room-image,2026-08-10 20:44:54,2026-08-10 20:44:54
3808404,image,https://cdn.bookmepk.com/sky/assets/images/hotels/rooms/d0abf906ae30496e182d3b2c5f2b3127.jpg,MED,App\Models\Hotels\Room,374,room-image,2026-08-10 20:44:54,2026-08-10 20:44:54
3808405,image,https://cdn.bookmepk.com/sky/assets/images/hotels/rooms/88680d3e6f37f6ec27360df9c77d7c1c.jpg,MED,App\Models\Hotels\Room,374,room-image,2026-08-10 20:44:54,2026-08-10 20:44:54
3808406,image,https://cdn.bookmepk.com/sky/assets/images/hotels/rooms/7999ea2f9563e1975f67e75a55fb86f9.jpg,MED,App\Models\Hotels\Room,374,room-image,2026-08-10 20:44:54,2026-08-10 20:44:54
3808407,image,https://cdn.bookmepk.com/sky/assets/images/hotels/rooms/24b51838174698b1f0a23d42e74c0782.jpg,MED,App\Models\Hotels\Room,375,room-image,2026-08-10 20:44:54,2026-08-10 20:44:54
3808408,image,https://cdn.bookmepk.com/sky/assets/images/hotels/rooms/529455d61fe4714b970391f385facefe.jpg,MED,App\Models\Hotels\Room,375,room-image,2026-08-10 20:44:54,2026-08-10 20:44:54
3808409,image,https://cdn.bookmepk.com/sky/assets/images/hotels/rooms/3139094c6e1ef3de241d77c876e50a81.jpg,MED,App\Models\Hotels\Room,375,room-image,2026-08-10 20:44:55,2026-08-10 20:44:55
3808410,image,https://cdn.bookmepk.com/sky/assets/images/hotels/rooms/85ed1145da7dc563c3729a194981e3be.jpg,MED,App\Models\Hotels\Room,375,room-image,2026-08-10 20:44:55,2026-08-10 20:44:55
3808411,image,https://cdn.bookmepk.com/sky/assets/images/hotels/rooms/b44a385a8a378826d589391bc5f63daf.jpg,MED,App\Models\Hotels\Room,375,room-image,2026-08-10 20:44:55,2026-08-10 20:44:55
3808412,image,https://cdn.bookmepk.com/sky/assets/images/hotels/rooms/bed6c11d7474df5130c17748c5198cf4.jpg,MED,App\Models\Hotels\Room,376,room-image,2026-08-10 21:04:04,2026-08-10 21:04:04
3808413,image,https://cdn.bookmepk.com/sky/assets/images/hotels/rooms/d53acbcd83128886f2c079150a254048.jpg,MED,App\Models\Hotels\Room,376,room-image,2026-08-10 21:04:04,2026-08-10 21:04:04
3808414,image,https://cdn.bookmepk.com/sky/assets/images/hotels/rooms/69624ef07388fb4f695af5f6c8131ea8.jpg,MED,App\Models\Hotels\Room,376,room-image,2026-08-10 21:04:04,2026-08-10 21:04:04
3808415,image,https://cdn.bookmepk.com/sky/assets/images/hotels/rooms/b6d35452a0792801d2b3c292ed214605.jpg,MED,App\Models\Hotels\Room,376,room-image,2026-08-10 21:04:04,2026-08-10 21:04:04
3808416,image,https://cdn.bookmepk.com/sky/assets/images/hotels/rooms/189300bb77e7c9e0785bc00fb2191088.jpg,MED,App\Models\Hotels\Room,376,room-image,2026-08-10 21:04:04,2026-08-10 21:04:04
3808417,image,https://cdn.bookmepk.com/sky/assets/images/hotels/rooms/753064b78de957a81c9458fde634d18d.jpg,MED,App\Models\Hotels\Room,377,room-image,2026-08-10 21:04:04,2026-08-10 21:04:04
3808418,image,https://cdn.bookmepk.com/sky/assets/images/hotels/rooms/8a5b64bbfb23a726097d79c36e52645c.jpg,MED,App\Models\Hotels\Room,377,room-image,2026-08-10 21:04:05,2026-08-10 21:04:05
3808419,image,https://cdn.bookmepk.com/sky/assets/images/hotels/rooms/3c7cb9d2eb65ac8fad1781aed7543de2.jpg,MED,App\Models\Hotels\Room,377,room-image,2026-08-10 21:04:05,2026-08-10 21:04:05
3808420,image,https://cdn.bookmepk.com/sky/assets/images/hotels/rooms/d4b3b88607778dd657d7e008d8e8531b.jpg,MED,App\Models\Hotels\Room,377,room-image,2026-08-10 21:04:05,2026-08-10 21:04:05
3808421,image,https://cdn.bookmepk.com/sky/assets/images/hotels/rooms/fef462ab532f03710a00223700e4ef53.jpg,MED,App\Models\Hotels\Room,377,room-image,2026-08-10 21:04:05,2026-08-10 21:04:05
3808422,image,https://cdn.bookmepk.com/sky/assets/images/hotels/rooms/bed6c11d7474df5130c17748c5198cf4.jpg,MED,App\Models\Hotels\Room,378,room-image,2026-08-10 21:04:05,2026-08-10 21:04:05
3808423,image,https://cdn.bookmepk.com/sky/assets/images/hotels/rooms/d53acbcd83128886f2c079150a254048.jpg,MED,App\Models\Hotels\Room,378,room-image,2026-08-10 21:04:05,2026-08-10 21:04:05
3808424,image,https://cdn.bookmepk.com/sky/assets/images/hotels/rooms/69624ef07388fb4f695af5f6c8131ea8.jpg,MED,App\Models\Hotels\Room,378,room-image,2026-08-10 21:04:06,2026-08-10 21:04:06
3808425,image,https://cdn.bookmepk.com/sky/assets/images/hotels/rooms/b6d35452a0792801d2b3c292ed214605.jpg,MED,App\Models\Hotels\Room,378,room-image,2026-08-10 21:04:06,2026-08-10 21:04:06
3808426,image,https://cdn.bookmepk.com/sky/assets/images/hotels/rooms/189300bb77e7c9e0785bc00fb2191088.jpg,MED,App\Models\Hotels\Room,378,room-image,2026-08-10 21:04:06,2026-08-10 21:04:06
3808427,image,https://cdn.bookmepk.com/sky/assets/images/hotels/rooms/46f485d6f278fe1a4181848995d84865.jpg,MED,App\Models\Hotels\Room,379,room-image,2026-08-10 21:04:06,2026-08-10 21:04:06
3808428,image,https://cdn.bookmepk.com/sky/assets/images/hotels/rooms/c4eb28d94f0631ecaf3bfcbc9f99a703.jpg,MED,App\Models\Hotels\Room,379,room-image,2026-08-10 21:04:06,2026-08-10 21:04:06
3808429,image,https://cdn.bookmepk.com/sky/assets/images/hotels/rooms/31a081206c8cc9674021a03181707ea8.jpg,MED,App\Models\Hotels\Room,379,room-image,2026-08-10 21:04:06,2026-08-10 21:04:06
3808430,image,https://cdn.bookmepk.com/sky/assets/images/hotels/rooms/6b4f51247dcd32d395cf5e84ef714933.jpg,MED,App\Models\Hotels\Room,379,room-image,2026-08-10 21:04:07,2026-08-10 21:04:07
3808431,image,https://cdn.bookmepk.com/sky/assets/images/hotels/rooms/b4f6c22487b921ab944710a208637547.jpg,MED,App\Models\Hotels\Room,379,room-image,2026-08-10 21:04:07,2026-08-10 21:04:07
3808432,image,https://cdn.bookmepk.com/sky/assets/images/hotels/rooms/b6d35452a0792801d2b3c292ed214605.jpg,MED,App\Models\Hotels\Room,380,room-image,2026-08-10 21:04:07,2026-08-10 21:04:07
3808433,image,https://cdn.bookmepk.com/sky/assets/images/hotels/rooms/c4eb28d94f0631ecaf3bfcbc9f99a703.jpg,MED,App\Models\Hotels\Room,380,room-image,2026-08-10 21:04:07,2026-08-10 21:04:07
3808434,image,https://cdn.bookmepk.com/sky/assets/images/hotels/rooms/9bf3dc819ee334820122b9dc8113c179.jpg,MED,App\Models\Hotels\Room,380,room-image,2026-08-10 21:04:07,2026-08-10 21:04:07
3808435,image,https://cdn.bookmepk.com/sky/assets/images/hotels/rooms/e2fb4592fb2abc0035d1bc383c2e5527.jpg,MED,App\Models\Hotels\Room,380,room-image,2026-08-10 21:04:07,2026-08-10 21:04:07
3808436,image,https://cdn.bookmepk.com/sky/assets/images/hotels/rooms/168f6d96323cfffa9b1b54a64a6dd27d.jpg,MED,App\Models\Hotels\Room,380,room-image,2026-08-10 21:04:07,2026-08-10 21:04:07
3808437,image,https://cdn.bookmepk.com/sky/assets/images/hotels/rooms/bed6c11d7474df5130c17748c5198cf4.jpg,MED,App\Models\Hotels\Room,381,room-image,2026-08-10 21:04:08,2026-08-10 21:04:08
3808438,image,https://cdn.bookmepk.com/sky/assets/images/hotels/rooms/d53acbcd83128886f2c079150a254048.jpg,MED,App\Models\Hotels\Room,381,room-image,2026-08-10 21:04:08,2026-08-10 21:04:08
3808439,image,https://cdn.bookmepk.com/sky/assets/images/hotels/rooms/b86defc8422dc7a08937e969cfbb11e9.jpg,MED,App\Models\Hotels\Room,381,room-image,2026-08-10 21:04:08,2026-08-10 21:04:08
3808440,image,https://cdn.bookmepk.com/sky/assets/images/hotels/rooms/a05a784225cb969b1604f5ee45553e38.jpg,MED,App\Models\Hotels\Room,381,room-image,2026-08-10 21:04:08,2026-08-10 21:04:08
3808441,image,https://cdn.bookmepk.com/sky/assets/images/hotels/rooms/0fea9238a9fa1bcd8e95450a863c2473.jpg,MED,App\Models\Hotels\Room,381,room-image,2026-08-10 21:04:08,2026-08-10 21:04:08
3808442,image,https://cdn.bookmepk.com/sky/assets/images/hotels/rooms/52f8b4c0f2a5a9471014358479b26724.jpg,MED,App\Models\Hotels\Room,382,room-image,2026-08-10 21:14:40,2026-08-10 21:14:40
3808443,image,https://cdn.bookmepk.com/sky/assets/images/hotels/rooms/ef19edbf2886e360baa2de7bc028b64b.jpg,MED,App\Models\Hotels\Room,382,room-image,2026-08-10 21:14:40,2026-08-10 21:14:40
3808444,image,https://cdn.bookmepk.com/sky/assets/images/hotels/rooms/ea01a515a9c8d36c6af613401b492228.jpg,MED,App\Models\Hotels\Room,382,room-image,2026-08-10 21:14:41,2026-08-10 21:14:41
3808445,image,https://cdn.bookmepk.com/sky/assets/images/hotels/rooms/4adf00d822251b5d218c5715a6d8f10d.jpg,MED,App\Models\Hotels\Room,382,room-image,2026-08-10 21:14:41,2026-08-10 21:14:41
3808446,image,https://cdn.bookmepk.com/sky/assets/images/hotels/rooms/bbad83e1368c32d70c2f244cf0ae74dc.jpg,MED,App\Models\Hotels\Room,382,room-image,2026-08-10 21:14:41,2026-08-10 21:14:41
3808447,image,https://cdn.bookmepk.com/sky/assets/images/hotels/rooms/b6a043ab50f605b4c5a4980c1823601b.jpg,MED,App\Models\Hotels\Room,383,room-image,2026-08-10 21:14:41,2026-08-10 21:14:41
3808448,image,https://cdn.bookmepk.com/sky/assets/images/hotels/rooms/ef19edbf2886e360baa2de7bc028b64b.jpg,MED,App\Models\Hotels\Room,383,room-image,2026-08-10 21:14:41,2026-08-10 21:14:41
3808449,image,https://cdn.bookmepk.com/sky/assets/images/hotels/rooms/32cdde2417a5016121875bb933ad962f.jpg,MED,App\Models\Hotels\Room,383,room-image,2026-08-10 21:14:41,2026-08-10 21:14:41
3808450,image,https://cdn.bookmepk.com/sky/assets/images/hotels/rooms/cd4bd3ae059583ca452c0fc7e328b6a1.jpg,MED,App\Models\Hotels\Room,383,room-image,2026-08-10 21:14:42,2026-08-10 21:14:42
3808451,image,https://cdn.bookmepk.com/sky/assets/images/hotels/rooms/46a635c73649bbee4c16a0e5d9feffc3.jpg,MED,App\Models\Hotels\Room,383,room-image,2026-08-10 21:14:42,2026-08-10 21:14:42
3808452,image,https://cdn.bookmepk.com/sky/assets/images/hotels/rooms/c19983e12ea90f20d0d98f2adfc0e265.jpg,MED,App\Models\Hotels\Room,384,room-image,2026-08-10 21:14:42,2026-08-10 21:14:42
3808453,image,https://cdn.bookmepk.com/sky/assets/images/hotels/rooms/ef19edbf2886e360baa2de7bc028b64b.jpg,MED,App\Models\Hotels\Room,384,room-image,2026-08-10 21:14:42,2026-08-10 21:14:42
3808454,image,https://cdn.bookmepk.com/sky/assets/images/hotels/rooms/4adf00d822251b5d218c5715a6d8f10d.jpg,MED,App\Models\Hotels\Room,384,room-image,2026-08-10 21:14:42,2026-08-10 21:14:42
3808455,image,https://cdn.bookmepk.com/sky/assets/images/hotels/rooms/bbad83e1368c32d70c2f244cf0ae74dc.jpg,MED,App\Models\Hotels\Room,384,room-image,2026-08-10 21:14:42,2026-08-10 21:14:42
3808456,image,https://cdn.bookmepk.com/sky/assets/images/hotels/rooms/313d69d4a9b7599d427cc9daf88d21da.jpg,MED,App\Models\Hotels\Room,384,room-image,2026-08-10 21:14:42,2026-08-10 21:14:42
3808457,image,https://cdn.bookmepk.com/sky/assets/images/hotels/rooms/841fd32582a70d33295e8203c1ae747a.jpg,MED,App\Models\Hotels\Room,385,room-image,2026-08-10 21:14:43,2026-08-10 21:14:43
3808458,image,https://cdn.bookmepk.com/sky/assets/images/hotels/rooms/ef19edbf2886e360baa2de7bc028b64b.jpg,MED,App\Models\Hotels\Room,385,room-image,2026-08-10 21:14:43,2026-08-10 21:14:43
3808459,image,https://cdn.bookmepk.com/sky/assets/images/hotels/rooms/2d610bde2b1128ed6953c609d68c9adb.jpg,MED,App\Models\Hotels\Room,385,room-image,2026-08-10 21:14:43,2026-08-10 21:14:43
3808460,image,https://cdn.bookmepk.com/sky/assets/images/hotels/rooms/3a3647dca64bc8464a99a13e1d912d8f.jpg,MED,App\Models\Hotels\Room,385,room-image,2026-08-10 21:14:43,2026-08-10 21:14:43
3808461,image,https://cdn.bookmepk.com/sky/assets/images/hotels/rooms/4adf00d822251b5d218c5715a6d8f10d.jpg,MED,App\Models\Hotels\Room,385,room-image,2026-08-10 21:14:43,2026-08-10 21:14:43
3808462,image,https://cdn.bookmepk.com/sky/assets/images/hotels/rooms/afe9a25d1da79432bf00fb6ccc207fab.jpg,MED,App\Models\Hotels\Room,387,room-image,2026-08-10 21:15:28,2026-08-10 21:15:28
3808463,image,https://cdn.bookmepk.com/sky/assets/images/hotels/rooms/83855f60fccea7016f7930f8e088d078.jpg,MED,App\Models\Hotels\Room,387,room-image,2026-08-10 21:15:28,2026-08-10 21:15:28
3808464,image,https://cdn.bookmepk.com/sky/assets/images/hotels/rooms/f0f542e9f223ccf8654f4470f738463d.jpg,MED,App\Models\Hotels\Room,387,room-image,2026-08-10 21:15:28,2026-08-10 21:15:28
3808465,image,https://cdn.bookmepk.com/sky/assets/images/hotels/rooms/e9c07b3a4c97bc76b87981493ef25a56.jpg,MED,App\Models\Hotels\Room,387,room-image,2026-08-10 21:15:29,2026-08-10 21:15:29
3808466,image,https://cdn.bookmepk.com/sky/assets/images/hotels/rooms/5f27f51ccc38bbf213e6fe12b420fb1e.jpg,MED,App\Models\Hotels\Room,388,room-image,2026-08-10 21:15:29,2026-08-10 21:15:29
3808467,image,https://cdn.bookmepk.com/sky/assets/images/hotels/rooms/bb601a047a526fda0850d7953f02ad66.jpg,MED,App\Models\Hotels\Room,388,room-image,2026-08-10 21:15:29,2026-08-10 21:15:29
3808468,image,https://cdn.bookmepk.com/sky/assets/images/hotels/rooms/2b6ecc85cda3033ce6ec173ac168491b.jpg,MED,App\Models\Hotels\Room,388,room-image,2026-08-10 21:15:29,2026-08-10 21:15:29
3808469,image,https://cdn.bookmepk.com/sky/assets/images/hotels/rooms/56e6ef79575bfc5a388dde4667852f5e.jpg,MED,App\Models\Hotels\Room,388,room-image,2026-08-10 21:15:29,2026-08-10 21:15:29
3808470,image,https://cdn.bookmepk.com/sky/assets/images/hotels/rooms/797f1ee8db26c219161225dad387df47.jpg,MED,App\Models\Hotels\Room,388,room-image,2026-08-10 21:15:29,2026-08-10 21:15:29
3808471,image,https://cdn.bookmepk.com/sky/assets/images/hotels/rooms/a556f06ec51b520ae9ef8ec84309523f.jpg,MED,App\Models\Hotels\Room,389,room-image,2026-08-10 21:15:30,2026-08-10 21:15:30
3808472,image,https://cdn.bookmepk.com/sky/assets/images/hotels/rooms/7acda3dbf27ae620873c12e036187c3c.jpg,MED,App\Models\Hotels\Room,389,room-image,2026-08-10 21:15:30,2026-08-10 21:15:30
3808473,image,https://cdn.bookmepk.com/sky/assets/images/hotels/rooms/ab5f21e050a7f71dc726c089ac597578.jpg,MED,App\Models\Hotels\Room,389,room-image,2026-08-10 21:15:30,2026-08-10 21:15:30
3808474,image,https://cdn.bookmepk.com/sky/assets/images/hotels/rooms/0b45f3511ac6d19f0945ba2b3c33b64c.jpg,MED,App\Models\Hotels\Room,389,room-image,2026-08-10 21:15:30,2026-08-10 21:15:30
3808475,image,https://cdn.bookmepk.com/sky/assets/images/hotels/rooms/fb3955db2df5b7e8fa51bc846f217b78.jpg,MED,App\Models\Hotels\Room,389,room-image,2026-08-10 21:15:30,2026-08-10 21:15:30
3808476,image,https://cdn.bookmepk.com/sky/assets/images/hotels/rooms/50d726bb2851a835413987ad1c0f2b7f.jpg,MED,App\Models\Hotels\Room,390,room-image,2026-08-10 21:15:31,2026-08-10 21:15:31
3808477,image,https://cdn.bookmepk.com/sky/assets/images/hotels/rooms/475d7e417e83a9b62d5ee11c03b4736f.jpg,MED,App\Models\Hotels\Room,390,room-image,2026-08-10 21:15:31,2026-08-10 21:15:31
3808478,image,https://cdn.bookmepk.com/sky/assets/images/hotels/rooms/ae0dee819862e4bd42e1d6ad121d3c00.jpg,MED,App\Models\Hotels\Room,390,room-image,2026-08-10 21:15:31,2026-08-10 21:15:31
3808479,image,https://cdn.bookmepk.com/sky/assets/images/hotels/rooms/797f1ee8db26c219161225dad387df47.jpg,MED,App\Models\Hotels\Room,390,room-image,2026-08-10 21:15:31,2026-08-10 21:15:31
3808480,image,https://cdn.bookmepk.com/sky/assets/images/hotels/rooms/cce2e6d918db4e009b8eedf4994ac594.jpg,MED,App\Models\Hotels\Room,391,room-image,2026-08-10 21:15:31,2026-08-10 21:15:31
3808481,image,https://cdn.bookmepk.com/sky/assets/images/hotels/rooms/ca274c797ac0d9370e33181382bf3160.jpg,MED,App\Models\Hotels\Room,391,room-image,2026-08-10 21:15:31,2026-08-10 21:15:31
3808482,image,https://cdn.bookmepk.com/sky/assets/images/hotels/rooms/d4a3beeae5d93c8cad4db78d5aea396a.jpg,MED,App\Models\Hotels\Room,391,room-image,2026-08-10 21:15:32,2026-08-10 21:15:32
3808483,image,https://cdn.bookmepk.com/sky/assets/images/hotels/rooms/c4b6b00766154b46cf3ae7f3a4c8a162.jpg,MED,App\Models\Hotels\Room,391,room-image,2026-08-10 21:15:32,2026-08-10 21:15:32
3808484,image,https://cdn.bookmepk.com/sky/assets/images/hotels/rooms/c192e693321a5c9ada73ef20fa49cba6.jpg,MED,App\Models\Hotels\Room,392,room-image,2026-08-10 21:15:49,2026-08-10 21:15:49
3808485,image,https://cdn.bookmepk.com/sky/assets/images/hotels/rooms/1c8e1b77f600f447fcddccb12e54f8a4.jpg,MED,App\Models\Hotels\Room,392,room-image,2026-08-10 21:15:49,2026-08-10 21:15:49
3808486,image,https://cdn.bookmepk.com/sky/assets/images/hotels/rooms/ba5ef1d7c05564ebdaad78004680aece.jpg,MED,App\Models\Hotels\Room,392,room-image,2026-08-10 21:15:49,2026-08-10 21:15:49
3808487,image,https://cdn.bookmepk.com/sky/assets/images/hotels/rooms/47b4da2009cfc47cdefaf414f1f5a303.jpg,MED,App\Models\Hotels\Room,393,room-image,2026-08-10 21:15:49,2026-08-10 21:15:49
3808488,image,https://cdn.bookmepk.com/sky/assets/images/hotels/rooms/0f4f5327e8c95123142da8f8165ac086.jpg,MED,App\Models\Hotels\Room,393,room-image,2026-08-10 21:15:49,2026-08-10 21:15:49
3808489,image,https://cdn.bookmepk.com/sky/assets/images/hotels/rooms/c758201e4839344ee42381c5dc8c66f4.jpg,MED,App\Models\Hotels\Room,393,room-image,2026-08-10 21:15:49,2026-08-10 21:15:49
3808490,image,https://cdn.bookmepk.com/sky/assets/images/hotels/rooms/5544ec9884de364d05a9090ab23b1adf.jpg,MED,App\Models\Hotels\Room,394,room-image,2026-08-10 21:15:50,2026-08-10 21:15:50
3808491,image,https://cdn.bookmepk.com/sky/assets/images/hotels/rooms/bcd6897399195b981016adde7a5e5c27.jpg,MED,App\Models\Hotels\Room,394,room-image,2026-08-10 21:15:50,2026-08-10 21:15:50
3808492,image,https://cdn.bookmepk.com/sky/assets/images/hotels/rooms/1c8e1b77f600f447fcddccb12e54f8a4.jpg,MED,App\Models\Hotels\Room,394,room-image,2026-08-10 21:15:50,2026-08-10 21:15:50
3808493,image,https://cdn.bookmepk.com/sky/assets/images/hotels/rooms/40a0fd4a4246efa350762fd3dc5842ff.jpg,MED,App\Models\Hotels\Room,394,room-image,2026-08-10 21:15:50,2026-08-10 21:15:50
3808494,image,https://cdn.bookmepk.com/sky/assets/images/hotels/rooms/0f4f5327e8c95123142da8f8165ac086.jpg,MED,App\Models\Hotels\Room,395,room-image,2026-08-10 21:15:50,2026-08-10 21:15:50
3808495,image,https://cdn.bookmepk.com/sky/assets/images/hotels/rooms/c758201e4839344ee42381c5dc8c66f4.jpg,MED,App\Models\Hotels\Room,395,room-image,2026-08-10 21:15:50,2026-08-10 21:15:50
3808496,image,https://cdn.bookmepk.com/sky/assets/images/hotels/rooms/c97a115ad51f2aa37b9562b0a58fe354.jpg,MED,App\Models\Hotels\Room,395,room-image,2026-08-10 21:15:51,2026-08-10 21:15:51
3808497,image,https://cdn.bookmepk.com/sky/assets/images/hotels/rooms/a3499b7229f6199e41fe69666be621b4.jpg,MED,App\Models\Hotels\Room,396,room-image,2026-08-10 21:21:59,2026-08-10 21:21:59
3808498,image,https://cdn.bookmepk.com/sky/assets/images/hotels/rooms/7422fb0f1ea2b23c8ad113c18fbb3e90.jpg,MED,App\Models\Hotels\Room,396,room-image,2026-08-10 21:21:59,2026-08-10 21:21:59
3808499,image,https://cdn.bookmepk.com/sky/assets/images/hotels/rooms/f98d2356fe7556ad216b120f9d7e68ab.jpg,MED,App\Models\Hotels\Room,396,room-image,2026-08-10 21:21:59,2026-08-10 21:21:59
3808500,image,https://cdn.bookmepk.com/sky/assets/images/hotels/rooms/1d674c67a34501da410f88a0b21fdbdc.jpg,MED,App\Models\Hotels\Room,396,room-image,2026-08-10 21:21:59,2026-08-10 21:21:59
3808501,image,https://cdn.bookmepk.com/sky/assets/images/hotels/rooms/8eddc53564c2aa38490def70c6d57fc6.jpg,MED,App\Models\Hotels\Room,396,room-image,2026-08-10 21:21:59,2026-08-10 21:21:59
3808502,image,https://cdn.bookmepk.com/sky/assets/images/hotels/rooms/d735427c560bffddd15313901edbbe30.jpg,MED,App\Models\Hotels\Room,397,room-image,2026-08-10 21:22:22,2026-08-10 21:22:22
3808503,image,https://cdn.bookmepk.com/sky/assets/images/hotels/rooms/d742e5296092e1ba48a78df2d03feab8.jpg,MED,App\Models\Hotels\Room,397,room-image,2026-08-10 21:22:22,2026-08-10 21:22:22
3808504,image,https://cdn.bookmepk.com/sky/assets/images/hotels/rooms/c5b1ec0de7faa05bac29ff62d729b0d2.jpg,MED,App\Models\Hotels\Room,397,room-image,2026-08-10 21:22:23,2026-08-10 21:22:23
3808505,image,https://cdn.bookmepk.com/sky/assets/images/hotels/rooms/b112e22e0480be23cb374074c1a74eba.jpg,MED,App\Models\Hotels\Room,397,room-image,2026-08-10 21:22:23,2026-08-10 21:22:23
3808506,image,https://cdn.bookmepk.com/sky/assets/images/hotels/rooms/3661f2a84d3f29ef0ee354cc635974df.jpg,MED,App\Models\Hotels\Room,397,room-image,2026-08-10 21:22:23,2026-08-10 21:22:23
3808507,image,https://cdn.bookmepk.com/sky/assets/images/hotels/rooms/10f4580982420534288b333d4b56ebd3.jpg,MED,App\Models\Hotels\Room,398,room-image,2026-08-10 21:22:23,2026-08-10 21:22:23
3808508,image,https://cdn.bookmepk.com/sky/assets/images/hotels/rooms/a50bb37af95c543a82ab33da6010c269.jpg,MED,App\Models\Hotels\Room,398,room-image,2026-08-10 21:22:23,2026-08-10 21:22:23
3808509,image,https://cdn.bookmepk.com/sky/assets/images/hotels/rooms/f61801f08a5c89b8d7664e833d9de337.jpg,MED,App\Models\Hotels\Room,398,room-image,2026-08-10 21:22:23,2026-08-10 21:22:23
3808510,image,https://cdn.bookmepk.com/sky/assets/images/hotels/rooms/02fc5749b69b1325a5414d79542d7916.jpg,MED,App\Models\Hotels\Room,398,room-image,2026-08-10 21:22:24,2026-08-10 21:22:24
3808511,image,https://cdn.bookmepk.com/sky/assets/images/hotels/rooms/500ec901de081934b38b35f59fef8afd.jpg,MED,App\Models\Hotels\Room,398,room-image,2026-08-10 21:22:24,2026-08-10 21:22:24
3808512,image,https://cdn.bookmepk.com/sky/assets/images/hotels/rooms/14ce44584c53790a79b5bc60a9c8f17a.jpg,MED,App\Models\Hotels\Room,399,room-image,2026-08-10 21:22:24,2026-08-10 21:22:24
3808513,image,https://cdn.bookmepk.com/sky/assets/images/hotels/rooms/8fe492c072d42c7abf5ef8f8d24925bd.jpg,MED,App\Models\Hotels\Room,399,room-image,2026-08-10 21:22:24,2026-08-10 21:22:24
3808514,image,https://cdn.bookmepk.com/sky/assets/images/hotels/rooms/f61801f08a5c89b8d7664e833d9de337.jpg,MED,App\Models\Hotels\Room,399,room-image,2026-08-10 21:22:24,2026-08-10 21:22:24
3808515,image,https://cdn.bookmepk.com/sky/assets/images/hotels/rooms/10f4580982420534288b333d4b56ebd3.jpg,MED,App\Models\Hotels\Room,399,room-image,2026-08-10 21:22:25,2026-08-10 21:22:25
3808516,image,https://cdn.bookmepk.com/sky/assets/images/hotels/rooms/00664922f0f40f1b0c662f9a06151519.jpg,MED,App\Models\Hotels\Room,399,room-image,2026-08-10 21:22:25,2026-08-10 21:22:25
3808517,image,https://cdn.bookmepk.com/sky/assets/images/hotels/rooms/219c674ee54f3e46c293978b0a884a27.jpg,MED,App\Models\Hotels\Room,400,room-image,2026-08-10 21:22:25,2026-08-10 21:22:25
3808518,image,https://cdn.bookmepk.com/sky/assets/images/hotels/rooms/e6af8837345b7b1e76d6b6f30c67f3a9.jpg,MED,App\Models\Hotels\Room,400,room-image,2026-08-10 21:22:25,2026-08-10 21:22:25
3808519,image,https://cdn.bookmepk.com/sky/assets/images/hotels/rooms/8574cee24c1b5413e50b24e0d93888f4.jpg,MED,App\Models\Hotels\Room,400,room-image,2026-08-10 21:22:25,2026-08-10 21:22:25
3808520,image,https://cdn.bookmepk.com/sky/assets/images/hotels/rooms/72af96e521dbb2dfd43113e50c1289a5.jpg,MED,App\Models\Hotels\Room,400,room-image,2026-08-10 21:22:25,2026-08-10 21:22:25
3808521,image,https://cdn.bookmepk.com/sky/assets/images/hotels/rooms/ab06567b98801852bcc6d2bf7b15b5a7.jpg,MED,App\Models\Hotels\Room,400,room-image,2026-08-10 21:22:26,2026-08-10 21:22:26
3808522,image,https://cdn.bookmepk.com/sky/assets/images/hotels/rooms/40a1e6e603b7dc05d529acbe5f14d36d.jpg,MED,App\Models\Hotels\Room,402,room-image,2026-08-10 21:22:54,2026-08-10 21:22:54
3808523,image,https://cdn.bookmepk.com/sky/assets/images/hotels/rooms/d215efb6fca6ee3d992da96b6c08dbfa.jpg,MED,App\Models\Hotels\Room,402,room-image,2026-08-10 21:22:54,2026-08-10 21:22:54
3808524,image,https://cdn.bookmepk.com/sky/assets/images/hotels/rooms/3ec531b1cd6f1baced35c1c186f0f128.jpg,MED,App\Models\Hotels\Room,402,room-image,2026-08-10 21:22:54,2026-08-10 21:22:54
3808525,image,https://cdn.bookmepk.com/sky/assets/images/hotels/rooms/badc44552ea06697f378a96e51c59e5c.jpg,MED,App\Models\Hotels\Room,402,room-image,2026-08-10 21:22:54,2026-08-10 21:22:54
3808526,image,https://cdn.bookmepk.com/sky/assets/images/hotels/rooms/f181098a3e559cda9d790345013b9440.jpg,MED,App\Models\Hotels\Room,402,room-image,2026-08-10 21:22:55,2026-08-10 21:22:55
3808527,image,https://cdn.bookmepk.com/sky/assets/images/hotels/rooms/a80358bc0e02107fa724e0ed94fa23ef.jpg,MED,App\Models\Hotels\Room,403,room-image,2026-08-10 21:22:55,2026-08-10 21:22:55
3808528,image,https://cdn.bookmepk.com/sky/assets/images/hotels/rooms/2cc35db66c7816f3bbc72b800e58333d.jpg,MED,App\Models\Hotels\Room,403,room-image,2026-08-10 21:22:55,2026-08-10 21:22:55
3808529,image,https://cdn.bookmepk.com/sky/assets/images/hotels/rooms/3ec531b1cd6f1baced35c1c186f0f128.jpg,MED,App\Models\Hotels\Room,403,room-image,2026-08-10 21:22:55,2026-08-10 21:22:55
3808530,image,https://cdn.bookmepk.com/sky/assets/images/hotels/rooms/badc44552ea06697f378a96e51c59e5c.jpg,MED,App\Models\Hotels\Room,403,room-image,2026-08-10 21:22:55,2026-08-10 21:22:55
3808531,image,https://cdn.bookmepk.com/sky/assets/images/hotels/rooms/f181098a3e559cda9d790345013b9440.jpg,MED,App\Models\Hotels\Room,403,room-image,2026-08-10 21:22:55,2026-08-10 21:22:55
3808532,image,https://cdn.bookmepk.com/sky/assets/images/hotels/rooms/1e2c9cc15a801feaf6114278d948b318.jpg,MED,App\Models\Hotels\Room,404,room-image,2026-08-10 21:22:56,2026-08-10 21:22:56
3808533,image,https://cdn.bookmepk.com/sky/assets/images/hotels/rooms/9d29096a1270ee7ea03863aa516290ae.jpg,MED,App\Models\Hotels\Room,404,room-image,2026-08-10 21:22:56,2026-08-10 21:22:56
3808534,image,https://cdn.bookmepk.com/sky/assets/images/hotels/rooms/3ec531b1cd6f1baced35c1c186f0f128.jpg,MED,App\Models\Hotels\Room,404,room-image,2026-08-10 21:22:56,2026-08-10 21:22:56
3808535,image,https://cdn.bookmepk.com/sky/assets/images/hotels/rooms/badc44552ea06697f378a96e51c59e5c.jpg,MED,App\Models\Hotels\Room,404,room-image,2026-08-10 21:22:56,2026-08-10 21:22:56
3808536,image,https://cdn.bookmepk.com/sky/assets/images/hotels/rooms/f181098a3e559cda9d790345013b9440.jpg,MED,App\Models\Hotels\Room,404,room-image,2026-08-10 21:22:56,2026-08-10 21:22:56
3808537,image,https://cdn.bookmepk.com/sky/assets/images/hotels/rooms/dd3d3d3c5e1c9c3983556f4edfc43526.jpg,MED,App\Models\Hotels\Room,405,room-image,2026-08-10 21:22:57,2026-08-10 21:22:57
3808538,image,https://cdn.bookmepk.com/sky/assets/images/hotels/rooms/c269986321bf176077a19cce6589300d.jpg,MED,App\Models\Hotels\Room,405,room-image,2026-08-10 21:22:57,2026-08-10 21:22:57
3808539,image,https://cdn.bookmepk.com/sky/assets/images/hotels/rooms/3ec531b1cd6f1baced35c1c186f0f128.jpg,MED,App\Models\Hotels\Room,405,room-image,2026-08-10 21:22:57,2026-08-10 21:22:57
3808540,image,https://cdn.bookmepk.com/sky/assets/images/hotels/rooms/badc44552ea06697f378a96e51c59e5c.jpg,MED,App\Models\Hotels\Room,405,room-image,2026-08-10 21:22:57,2026-08-10 21:22:57
3808541,image,https://cdn.bookmepk.com/sky/assets/images/hotels/rooms/f181098a3e559cda9d790345013b9440.jpg,MED,App\Models\Hotels\Room,405,room-image,2026-08-10 21:22:57,2026-08-10 21:22:57
3808542,image,https://cdn.bookmepk.com/sky/assets/images/hotels/rooms/abc8195d32b767f5ff9e74051b7fa2a5.jpg,MED,App\Models\Hotels\Room,406,room-image,2026-08-10 21:22:57,2026-08-10 21:22:57
3808543,image,https://cdn.bookmepk.com/sky/assets/images/hotels/rooms/791c0619d6a6dcb92d3fc2c8c0ec5a6f.jpg,MED,App\Models\Hotels\Room,406,room-image,2026-08-10 21:22:57,2026-08-10 21:22:57
3808544,image,https://cdn.bookmepk.com/sky/assets/images/hotels/rooms/1508cca87067496ffd89fd2047af0742.jpg,MED,App\Models\Hotels\Room,406,room-image,2026-08-10 21:22:58,2026-08-10 21:22:58
3808545,image,https://cdn.bookmepk.com/sky/assets/images/hotels/rooms/c586864f9159ac7a51eba3b81fbcd024.jpg,MED,App\Models\Hotels\Room,406,room-image,2026-08-10 21:22:58,2026-08-10 21:22:58
3808546,image,https://cdn.bookmepk.com/sky/assets/images/hotels/rooms/4a520c625fd19541d33ac2716b221718.jpg,MED,App\Models\Hotels\Room,406,room-image,2026-08-10 21:22:58,2026-08-10 21:22:58
3808547,image,https://cdn.bookmepk.com/sky/assets/images/hotels/rooms/3ec531b1cd6f1baced35c1c186f0f128.jpg,MED,App\Models\Hotels\Room,408,room-image,2026-08-10 21:22:58,2026-08-10 21:22:58
3808548,image,https://cdn.bookmepk.com/sky/assets/images/hotels/rooms/0c9f6dafb81f7e4dbd6e989ba52397a1.jpg,MED,App\Models\Hotels\Room,408,room-image,2026-08-10 21:22:58,2026-08-10 21:22:58
3808549,image,https://cdn.bookmepk.com/sky/assets/images/hotels/rooms/badc44552ea06697f378a96e51c59e5c.jpg,MED,App\Models\Hotels\Room,408,room-image,2026-08-10 21:22:59,2026-08-10 21:22:59
3808550,image,https://cdn.bookmepk.com/sky/assets/images/hotels/rooms/f181098a3e559cda9d790345013b9440.jpg,MED,App\Models\Hotels\Room,408,room-image,2026-08-10 21:22:59,2026-08-10 21:22:59
3808551,image,https://cdn.bookmepk.com/sky/assets/images/hotels/rooms/607c338d29321151a264b0ec9d9ba2f6.jpg,MED,App\Models\Hotels\Room,408,room-image,2026-08-10 21:22:59,2026-08-10 21:22:59
3808552,image,https://cdn.bookmepk.com/sky/assets/images/hotels/rooms/f53048d3fdf50bf12ace98b268c2cb66.jpg,MED,App\Models\Hotels\Room,409,room-image,2026-08-10 21:22:59,2026-08-10 21:22:59
3808553,image,https://cdn.bookmepk.com/sky/assets/images/hotels/rooms/a9de3db7fb4bcb1b508c1dffb5707bc1.jpg,MED,App\Models\Hotels\Room,409,room-image,2026-08-10 21:22:59,2026-08-10 21:22:59
3808554,image,https://cdn.bookmepk.com/sky/assets/images/hotels/rooms/3ec531b1cd6f1baced35c1c186f0f128.jpg,MED,App\Models\Hotels\Room,409,room-image,2026-08-10 21:22:59,2026-08-10 21:22:59
3808555,image,https://cdn.bookmepk.com/sky/assets/images/hotels/rooms/badc44552ea06697f378a96e51c59e5c.jpg,MED,App\Models\Hotels\Room,409,room-image,2026-08-10 21:23:00,2026-08-10 21:23:00
3808556,image,https://cdn.bookmepk.com/sky/assets/images/hotels/rooms/f181098a3e559cda9d790345013b9440.jpg,MED,App\Models\Hotels\Room,409,room-image,2026-08-10 21:23:00,2026-08-10 21:23:00
3808557,image,https://cdn.bookmepk.com/sky/assets/images/hotels/rooms/50504a9d185e5a7bfac0d70ce04b25a2.jpg,MED,App\Models\Hotels\Room,410,room-image,2026-08-10 21:23:00,2026-08-10 21:23:00
3808558,image,https://cdn.bookmepk.com/sky/assets/images/hotels/rooms/1888c6cd502db6505c485e5f9be7aea9.jpg,MED,App\Models\Hotels\Room,410,room-image,2026-08-10 21:23:00,2026-08-10 21:23:00
3808559,image,https://cdn.bookmepk.com/sky/assets/images/hotels/rooms/3ec531b1cd6f1baced35c1c186f0f128.jpg,MED,App\Models\Hotels\Room,410,room-image,2026-08-10 21:23:00,2026-08-10 21:23:00
3808560,image,https://cdn.bookmepk.com/sky/assets/images/hotels/rooms/badc44552ea06697f378a96e51c59e5c.jpg,MED,App\Models\Hotels\Room,410,room-image,2026-08-10 21:23:00,2026-08-10 21:23:00
3808561,image,https://cdn.bookmepk.com/sky/assets/images/hotels/rooms/f181098a3e559cda9d790345013b9440.jpg,MED,App\Models\Hotels\Room,410,room-image,2026-08-10 21:23:00,2026-08-10 21:23:00
3808562,image,https://cdn.bookmepk.com/sky/assets/images/hotels/rooms/e4b981a4c24d05f9d42fbc658557d51a.jpg,MED,App\Models\Hotels\Room,411,room-image,2026-08-10 21:24:47,2026-08-10 21:24:47
3808563,image,https://cdn.bookmepk.com/sky/assets/images/hotels/rooms/fcf3e299e979d98332e20f38fadcfa4c.jpg,MED,App\Models\Hotels\Room,411,room-image,2026-08-10 21:24:48,2026-08-10 21:24:48
3808564,image,https://cdn.bookmepk.com/sky/assets/images/hotels/rooms/d4566f4f6518ab52ec2c09d04017565c.jpg,MED,App\Models\Hotels\Room,411,room-image,2026-08-10 21:24:48,2026-08-10 21:24:48
3808565,image,https://cdn.bookmepk.com/sky/assets/images/hotels/rooms/0ae55e3471bcd998c097ff5a740d04ea.jpg,MED,App\Models\Hotels\Room,411,room-image,2026-08-10 21:24:48,2026-08-10 21:24:48
3808566,image,https://cdn.bookmepk.com/sky/assets/images/hotels/rooms/e4a98d1e3bb142baabf25b6a749b432c.jpg,MED,App\Models\Hotels\Room,411,room-image,2026-08-10 21:24:48,2026-08-10 21:24:48
3808567,image,https://cdn.bookmepk.com/sky/assets/images/hotels/rooms/643f514507d06f2ec9ed7f98d83e8afd.jpg,MED,App\Models\Hotels\Room,412,room-image,2026-08-10 21:24:48,2026-08-10 21:24:48
3808568,image,https://cdn.bookmepk.com/sky/assets/images/hotels/rooms/fcf3e299e979d98332e20f38fadcfa4c.jpg,MED,App\Models\Hotels\Room,412,room-image,2026-08-10 21:24:48,2026-08-10 21:24:48
3808569,image,https://cdn.bookmepk.com/sky/assets/images/hotels/rooms/e4a98d1e3bb142baabf25b6a749b432c.jpg,MED,App\Models\Hotels\Room,412,room-image,2026-08-10 21:24:49,2026-08-10 21:24:49
3808570,image,https://cdn.bookmepk.com/sky/assets/images/hotels/rooms/0a0921a2d65d979c32b58c273dcc5cf7.jpg,MED,App\Models\Hotels\Room,413,room-image,2026-08-10 21:24:49,2026-08-10 21:24:49
3808571,image,https://cdn.bookmepk.com/sky/assets/images/hotels/rooms/fcf3e299e979d98332e20f38fadcfa4c.jpg,MED,App\Models\Hotels\Room,413,room-image,2026-08-10 21:24:49,2026-08-10 21:24:49
3808572,image,https://cdn.bookmepk.com/sky/assets/images/hotels/rooms/e4a98d1e3bb142baabf25b6a749b432c.jpg,MED,App\Models\Hotels\Room,413,room-image,2026-08-10 21:24:49,2026-08-10 21:24:49
3808573,image,https://cdn.bookmepk.com/sky/assets/images/hotels/rooms/2ae569b4413325c1011b8f190d53555d.jpg,MED,App\Models\Hotels\Room,413,room-image,2026-08-10 21:24:49,2026-08-10 21:24:49
3808574,image,https://cdn.bookmepk.com/sky/assets/images/hotels/rooms/805442e5083c742934d9b04a1f4ac369.jpg,MED,App\Models\Hotels\Room,414,room-image,2026-08-10 21:24:50,2026-08-10 21:24:50
3808575,image,https://cdn.bookmepk.com/sky/assets/images/hotels/rooms/42da7b31b4e55958db7c64dfbfe0e347.jpg,MED,App\Models\Hotels\Room,414,room-image,2026-08-10 21:24:50,2026-08-10 21:24:50
3808576,image,https://cdn.bookmepk.com/sky/assets/images/hotels/rooms/90ddd657777902102fd11f9de0a6bb54.jpg,MED,App\Models\Hotels\Room,414,room-image,2026-08-10 21:24:50,2026-08-10 21:24:50
3808577,image,https://cdn.bookmepk.com/sky/assets/images/hotels/rooms/6d68988b9961e756f4fdcf4fb60011e1.jpg,MED,App\Models\Hotels\Room,414,room-image,2026-08-10 21:24:50,2026-08-10 21:24:50
3808578,image,https://cdn.bookmepk.com/sky/assets/images/hotels/rooms/88335bb2e0b19470b2b05ec6c715fffb.jpg,MED,App\Models\Hotels\Room,414,room-image,2026-08-10 21:24:50,2026-08-10 21:24:50
3808579,image,https://cdn.bookmepk.com/sky/assets/images/hotels/rooms/6b9e8b799dbeaf736f00a08a9f13b098.jpg,MED,App\Models\Hotels\Room,415,room-image,2026-08-10 21:24:50,2026-08-10 21:24:50
3808580,image,https://cdn.bookmepk.com/sky/assets/images/hotels/rooms/fcf3e299e979d98332e20f38fadcfa4c.jpg,MED,App\Models\Hotels\Room,415,room-image,2026-08-10 21:24:51,2026-08-10 21:24:51
3808581,image,https://cdn.bookmepk.com/sky/assets/images/hotels/rooms/18f4a1c175e77dd26fdd9ef9a055b27a.jpg,MED,App\Models\Hotels\Room,415,room-image,2026-08-10 21:24:51,2026-08-10 21:24:51
3808582,image,https://cdn.bookmepk.com/sky/assets/images/hotels/rooms/e4b981a4c24d05f9d42fbc658557d51a.jpg,MED,App\Models\Hotels\Room,415,room-image,2026-08-10 21:24:51,2026-08-10 21:24:51
3808583,image,https://cdn.bookmepk.com/sky/assets/images/hotels/rooms/44f89f83ae4d9b5cea0c9e51cc41fc86.jpg,MED,App\Models\Hotels\Room,415,room-image,2026-08-10 21:24:51,2026-08-10 21:24:51
3808584,image,https://cdn.bookmepk.com/sky/assets/images/hotels/rooms/c12dde8c2b10549becb0b29f11d69bd5.jpg,MED,App\Models\Hotels\Room,416,room-image,2026-08-10 21:25:17,2026-08-10 21:25:17
3808585,image,https://cdn.bookmepk.com/sky/assets/images/hotels/rooms/326e5b96ed069ab201cc9e686a4eccb8.jpg,MED,App\Models\Hotels\Room,416,room-image,2026-08-10 21:25:18,2026-08-10 21:25:18
3808586,image,https://cdn.bookmepk.com/sky/assets/images/hotels/rooms/f986b02c97bb395f1769ab9bb9bf02fe.jpg,MED,App\Models\Hotels\Room,416,room-image,2026-08-10 21:25:18,2026-08-10 21:25:18
3808587,image,https://cdn.bookmepk.com/sky/assets/images/hotels/rooms/50a46636d99170ab6a04d812979c87c4.jpg,MED,App\Models\Hotels\Room,416,room-image,2026-08-10 21:25:18,2026-08-10 21:25:18
3808588,image,https://cdn.bookmepk.com/sky/assets/images/hotels/rooms/1d3b770f58b5d326fb0625ad00e27f8a.jpg,MED,App\Models\Hotels\Room,416,room-image,2026-08-10 21:25:18,2026-08-10 21:25:18
3808589,image,https://cdn.bookmepk.com/sky/assets/images/hotels/rooms/968bfe647dda395431a57f4b64ffbbdf.jpg,MED,App\Models\Hotels\Room,417,room-image,2026-08-10 21:25:18,2026-08-10 21:25:18
3808590,image,https://cdn.bookmepk.com/sky/assets/images/hotels/rooms/1c394adb26bec2c41d2a644f69f63163.jpg,MED,App\Models\Hotels\Room,417,room-image,2026-08-10 21:25:18,2026-08-10 21:25:18
3808591,image,https://cdn.bookmepk.com/sky/assets/images/hotels/rooms/236dc06faaa045e92c5d9b0cd63ea0a0.jpg,MED,App\Models\Hotels\Room,417,room-image,2026-08-10 21:25:18,2026-08-10 21:25:18
3808592,image,https://cdn.bookmepk.com/sky/assets/images/hotels/rooms/106218a6898993e01280f7056a3c52eb.jpg,MED,App\Models\Hotels\Room,417,room-image,2026-08-10 21:25:19,2026-08-10 21:25:19
3808593,image,https://cdn.bookmepk.com/sky/assets/images/hotels/rooms/38cd546f71f848fd246d2a9e822218e5.jpg,MED,App\Models\Hotels\Room,417,room-image,2026-08-10 21:25:19,2026-08-10 21:25:19
3808594,image,https://cdn.bookmepk.com/sky/assets/images/hotels/rooms/b8434bd8c735af73ab5a0e5cd5630eda.jpg,MED,App\Models\Hotels\Room,418,room-image,2026-08-10 21:25:19,2026-08-10 21:25:19
3808595,image,https://cdn.bookmepk.com/sky/assets/images/hotels/rooms/6a42f979d7fdd73e7c06e5df26a45833.jpg,MED,App\Models\Hotels\Room,418,room-image,2026-08-10 21:25:19,2026-08-10 21:25:19
3808596,image,https://cdn.bookmepk.com/sky/assets/images/hotels/rooms/4a55577f2c026c2a44f542bff8445db2.jpg,MED,App\Models\Hotels\Room,418,room-image,2026-08-10 21:25:19,2026-08-10 21:25:19
3808597,image,https://cdn.bookmepk.com/sky/assets/images/hotels/rooms/71894574df270961a513cbefc2a6934d.jpg,MED,App\Models\Hotels\Room,418,room-image,2026-08-10 21:25:19,2026-08-10 21:25:19
3808598,image,https://cdn.bookmepk.com/sky/assets/images/hotels/rooms/582435bd4836eafbb00c75b09917678a.jpg,MED,App\Models\Hotels\Room,418,room-image,2026-08-10 21:25:20,2026-08-10 21:25:20
3808599,image,https://cdn.bookmepk.com/sky/assets/images/hotels/rooms/2b60c88e6f67b98b5faf700ca4581ebc.jpg,MED,App\Models\Hotels\Room,419,room-image,2026-08-10 21:25:41,2026-08-10 21:25:41
3808600,image,https://cdn.bookmepk.com/sky/assets/images/hotels/rooms/87e9020409c87f6b4ced098051d130a0.jpg,MED,App\Models\Hotels\Room,419,room-image,2026-08-10 21:25:41,2026-08-10 21:25:41
3808601,image,https://cdn.bookmepk.com/sky/assets/images/hotels/rooms/e1f3305178063897a570d4e42dbd11a1.jpg,MED,App\Models\Hotels\Room,420,room-image,2026-08-10 21:25:41,2026-08-10 21:25:41
3808602,image,https://cdn.bookmepk.com/sky/assets/images/hotels/rooms/624387463b9d11d03916d2637f74f20f.jpg,MED,App\Models\Hotels\Room,420,room-image,2026-08-10 21:25:41,2026-08-10 21:25:41
3808603,image,https://cdn.bookmepk.com/sky/assets/images/hotels/rooms/727b616d45b47407283cd297734d1dea.jpg,MED,App\Models\Hotels\Room,421,room-image,2026-08-10 21:25:41,2026-08-10 21:25:41
3808604,image,https://cdn.bookmepk.com/sky/assets/images/hotels/rooms/87e9020409c87f6b4ced098051d130a0.jpg,MED,App\Models\Hotels\Room,421,room-image,2026-08-10 21:25:42,2026-08-10 21:25:42
3808605,image,https://cdn.bookmepk.com/sky/assets/images/hotels/rooms/9417236525785f818c283c3ef1e0c913.jpg,MED,App\Models\Hotels\Room,422,room-image,2026-08-10 21:25:42,2026-08-10 21:25:42
3808606,image,https://cdn.bookmepk.com/sky/assets/images/hotels/rooms/f6b2ab2c0daee682d1e987f5b8848870.jpg,MED,App\Models\Hotels\Room,422,room-image,2026-08-10 21:25:42,2026-08-10 21:25:42
3808607,image,https://cdn.bookmepk.com/sky/assets/images/hotels/rooms/3934345cb42be4b595a981f732d95fb4.jpg,MED,App\Models\Hotels\Room,423,room-image,2026-08-10 21:25:59,2026-08-10 21:25:59
3808608,image,https://cdn.bookmepk.com/sky/assets/images/hotels/rooms/100a9d2da41d043679db75ef57731221.jpg,MED,App\Models\Hotels\Room,423,room-image,2026-08-10 21:25:59,2026-08-10 21:25:59
3808609,image,https://cdn.bookmepk.com/sky/assets/images/hotels/rooms/5dc338d3e647212356bbc78346ec65cc.jpg,MED,App\Models\Hotels\Room,423,room-image,2026-08-10 21:26:00,2026-08-10 21:26:00
3808610,image,https://cdn.bookmepk.com/sky/assets/images/hotels/rooms/ae09791635e01f0b0e8aede6da2b330c.jpg,MED,App\Models\Hotels\Room,423,room-image,2026-08-10 21:26:00,2026-08-10 21:26:00
3808611,image,https://cdn.bookmepk.com/sky/assets/images/hotels/rooms/f871ab19d6773f7cafd91bbdf9129ad4.jpg,MED,App\Models\Hotels\Room,423,room-image,2026-08-10 21:26:00,2026-08-10 21:26:00
3808612,image,https://cdn.bookmepk.com/sky/assets/images/hotels/rooms/27db426b7b8a15b5cc23920bd670bd97.jpg,MED,App\Models\Hotels\Room,425,room-image,2026-08-10 21:26:00,2026-08-10 21:26:00
3808613,image,https://cdn.bookmepk.com/sky/assets/images/hotels/rooms/1fc970f1c2f2fd8a6f255beeea92c1fb.jpg,MED,App\Models\Hotels\Room,425,room-image,2026-08-10 21:26:00,2026-08-10 21:26:00
3808614,image,https://cdn.bookmepk.com/sky/assets/images/hotels/rooms/3040a8536425aadf1510da73b52fb8e6.jpg,MED,App\Models\Hotels\Room,425,room-image,2026-08-10 21:26:01,2026-08-10 21:26:01
3808615,image,https://cdn.bookmepk.com/sky/assets/images/hotels/rooms/5885085c7f4b22002836503bb77e2883.jpg,MED,App\Models\Hotels\Room,425,room-image,2026-08-10 21:26:01,2026-08-10 21:26:01
3808616,image,https://cdn.bookmepk.com/sky/assets/images/hotels/rooms/1df708187113092a0144d3c55f31ee63.jpg,MED,App\Models\Hotels\Room,425,room-image,2026-08-10 21:26:01,2026-08-10 21:26:01
3808617,image,https://cdn.bookmepk.com/sky/assets/images/hotels/rooms/205ff8a62bd41099ae35b9134f0be752.jpg,MED,App\Models\Hotels\Room,426,room-image,2026-08-10 21:26:01,2026-08-10 21:26:01
3808618,image,https://cdn.bookmepk.com/sky/assets/images/hotels/rooms/1fc970f1c2f2fd8a6f255beeea92c1fb.jpg,MED,App\Models\Hotels\Room,426,room-image,2026-08-10 21:26:01,2026-08-10 21:26:01
3808619,image,https://cdn.bookmepk.com/sky/assets/images/hotels/rooms/0de7e457b4743c13fb6435696d23f66d.jpg,MED,App\Models\Hotels\Room,426,room-image,2026-08-10 21:26:01,2026-08-10 21:26:01
3808620,image,https://cdn.bookmepk.com/sky/assets/images/hotels/rooms/9d59978a35d3de62dd547226138581e2.jpg,MED,App\Models\Hotels\Room,426,room-image,2026-08-10 21:26:01,2026-08-10 21:26:01
3808621,image,https://cdn.bookmepk.com/sky/assets/images/hotels/rooms/27db426b7b8a15b5cc23920bd670bd97.jpg,MED,App\Models\Hotels\Room,426,room-image,2026-08-10 21:26:02,2026-08-10 21:26:02
3808622,image,https://cdn.bookmepk.com/sky/assets/images/hotels/rooms/27db426b7b8a15b5cc23920bd670bd97.jpg,MED,App\Models\Hotels\Room,427,room-image,2026-08-10 21:26:02,2026-08-10 21:26:02
3808623,image,https://cdn.bookmepk.com/sky/assets/images/hotels/rooms/5f21c16ab89bba87ad2f2e251de8a5d0.jpg,MED,App\Models\Hotels\Room,427,room-image,2026-08-10 21:26:02,2026-08-10 21:26:02
3808624,image,https://cdn.bookmepk.com/sky/assets/images/hotels/rooms/e603a267f40c35ebb665d7d86ccc5315.jpg,MED,App\Models\Hotels\Room,427,room-image,2026-08-10 21:26:02,2026-08-10 21:26:02
3808625,image,https://cdn.bookmepk.com/sky/assets/images/hotels/rooms/2cab94764d421473a59a1905ac5f3979.jpg,MED,App\Models\Hotels\Room,427,room-image,2026-08-10 21:26:02,2026-08-10 21:26:02
3808626,image,https://cdn.bookmepk.com/sky/assets/images/hotels/rooms/3040a8536425aadf1510da73b52fb8e6.jpg,MED,App\Models\Hotels\Room,427,room-image,2026-08-10 21:26:02,2026-08-10 21:26:02
3808627,image,https://cdn.bookmepk.com/sky/assets/images/hotels/rooms/9d59978a35d3de62dd547226138581e2.jpg,MED,App\Models\Hotels\Room,429,room-image,2026-08-10 21:26:03,2026-08-10 21:26:03
3808628,image,https://cdn.bookmepk.com/sky/assets/images/hotels/rooms/27db426b7b8a15b5cc23920bd670bd97.jpg,MED,App\Models\Hotels\Room,429,room-image,2026-08-10 21:26:03,2026-08-10 21:26:03
3808629,image,https://cdn.bookmepk.com/sky/assets/images/hotels/rooms/9d8669f15d3dace978130add745cc94d.jpg,MED,App\Models\Hotels\Room,429,room-image,2026-08-10 21:26:03,2026-08-10 21:26:03
3808630,image,https://cdn.bookmepk.com/sky/assets/images/hotels/rooms/3040a8536425aadf1510da73b52fb8e6.jpg,MED,App\Models\Hotels\Room,429,room-image,2026-08-10 21:26:03,2026-08-10 21:26:03
3808631,image,https://cdn.bookmepk.com/sky/assets/images/hotels/rooms/f519f7785aeeac6d210c62d2ef94abf7.jpg,MED,App\Models\Hotels\Room,429,room-image,2026-08-10 21:26:03,2026-08-10 21:26:03
3808632,image,https://cdn.bookmepk.com/sky/assets/images/hotels/rooms/b8d4a53621042f8f2004daaa7641a93f.jpg,MED,App\Models\Hotels\Room,430,room-image,2026-08-10 21:27:48,2026-08-10 21:27:48
3808633,image,https://cdn.bookmepk.com/sky/assets/images/hotels/rooms/edc37af67a2ae7c47cf0cd9cb3248fa6.jpg,MED,App\Models\Hotels\Room,430,room-image,2026-08-10 21:27:48,2026-08-10 21:27:48
3808634,image,https://cdn.bookmepk.com/sky/assets/images/hotels/rooms/9dcdd497820478787f37f6a6a55ef2cc.jpg,MED,App\Models\Hotels\Room,430,room-image,2026-08-10 21:27:48,2026-08-10 21:27:48
3808635,image,https://cdn.bookmepk.com/sky/assets/images/hotels/rooms/fe2d9bc2b75c48138dfd99b64e9346c3.jpg,MED,App\Models\Hotels\Room,430,room-image,2026-08-10 21:27:48,2026-08-10 21:27:48
3808636,image,https://cdn.bookmepk.com/sky/assets/images/hotels/rooms/b4945ab4a433eb7b96797645a6a67d85.jpg,MED,App\Models\Hotels\Room,430,room-image,2026-08-10 21:27:49,2026-08-10 21:27:49
3808637,image,https://cdn.bookmepk.com/sky/assets/images/hotels/rooms/40dd8b2a39ecbe053bfbc90574e84643.jpg,MED,App\Models\Hotels\Room,431,room-image,2026-08-10 21:27:49,2026-08-10 21:27:49
3808638,image,https://cdn.bookmepk.com/sky/assets/images/hotels/rooms/4d1a68627248377e6cdde34ffe9bf731.jpg,MED,App\Models\Hotels\Room,431,room-image,2026-08-10 21:27:49,2026-08-10 21:27:49
3808639,image,https://cdn.bookmepk.com/sky/assets/images/hotels/rooms/6304a413d541d9f6a326870efab6ecce.jpg,MED,App\Models\Hotels\Room,431,room-image,2026-08-10 21:27:49,2026-08-10 21:27:49
3808640,image,https://cdn.bookmepk.com/sky/assets/images/hotels/rooms/9dcdd497820478787f37f6a6a55ef2cc.jpg,MED,App\Models\Hotels\Room,431,room-image,2026-08-10 21:27:49,2026-08-10 21:27:49
3808641,image,https://cdn.bookmepk.com/sky/assets/images/hotels/rooms/512a97a832d2f61e597b2287c351bfeb.jpg,MED,App\Models\Hotels\Room,431,room-image,2026-08-10 21:27:49,2026-08-10 21:27:49
3808642,image,https://cdn.bookmepk.com/sky/assets/images/hotels/rooms/02d452218ecde2e783e398ccf586cd55.jpg,MED,App\Models\Hotels\Room,432,room-image,2026-08-10 21:27:50,2026-08-10 21:27:50
3808643,image,https://cdn.bookmepk.com/sky/assets/images/hotels/rooms/b7dee0d9777cb64a72fe745d95cb032e.jpg,MED,App\Models\Hotels\Room,432,room-image,2026-08-10 21:27:50,2026-08-10 21:27:50
3808644,image,https://cdn.bookmepk.com/sky/assets/images/hotels/rooms/bdd272679e0c19d0a25684fa35f5ddd1.jpg,MED,App\Models\Hotels\Room,432,room-image,2026-08-10 21:27:50,2026-08-10 21:27:50
3808645,image,https://cdn.bookmepk.com/sky/assets/images/hotels/rooms/780434e196347cbd1dfbfff57fd13afe.jpg,MED,App\Models\Hotels\Room,432,room-image,2026-08-10 21:27:50,2026-08-10 21:27:50
3808646,image,https://cdn.bookmepk.com/sky/assets/images/hotels/rooms/5aecf91587d8f879b25e174804b77e6a.jpg,MED,App\Models\Hotels\Room,432,room-image,2026-08-10 21:27:50,2026-08-10 21:27:50
3808647,image,https://cdn.bookmepk.com/sky/assets/images/hotels/rooms/77417b23ec16c3b806e9169c63bf357d.jpg,MED,App\Models\Hotels\Room,433,room-image,2026-08-10 21:27:50,2026-08-10 21:27:50
3808648,image,https://cdn.bookmepk.com/sky/assets/images/hotels/rooms/52f238a9162016f8a2866a83188129e3.jpg,MED,App\Models\Hotels\Room,433,room-image,2026-08-10 21:27:51,2026-08-10 21:27:51
3808649,image,https://cdn.bookmepk.com/sky/assets/images/hotels/rooms/d4050755cec91c3ae85e73dd854e7145.jpg,MED,App\Models\Hotels\Room,433,room-image,2026-08-10 21:27:51,2026-08-10 21:27:51
3808650,image,https://cdn.bookmepk.com/sky/assets/images/hotels/rooms/0a3e1bfc99fa4cabb8d5edc561a83a84.jpg,MED,App\Models\Hotels\Room,433,room-image,2026-08-10 21:27:51,2026-08-10 21:27:51
3808651,image,https://cdn.bookmepk.com/sky/assets/images/hotels/rooms/a401c82bbabcf4e18c033fcc4ca95dc2.jpg,MED,App\Models\Hotels\Room,433,room-image,2026-08-10 21:27:51,2026-08-10 21:27:51
3808652,image,https://cdn.bookmepk.com/sky/assets/images/hotels/rooms/9737fd7ee298562aaa07f27cfdeca455.jpg,MED,App\Models\Hotels\Room,434,room-image,2026-08-10 21:27:51,2026-08-10 21:27:51
3808653,image,https://cdn.bookmepk.com/sky/assets/images/hotels/rooms/c26d6c3849815a39afaa33d55d6c9e93.jpg,MED,App\Models\Hotels\Room,434,room-image,2026-08-10 21:27:51,2026-08-10 21:27:51
3808654,image,https://cdn.bookmepk.com/sky/assets/images/hotels/rooms/217ee018a78a92498182540ee1bfd57d.jpg,MED,App\Models\Hotels\Room,434,room-image,2026-08-10 21:27:52,2026-08-10 21:27:52
3808655,image,https://cdn.bookmepk.com/sky/assets/images/hotels/rooms/91f3d9c2f2e7f104f3c747b8851812cd.jpg,MED,App\Models\Hotels\Room,434,room-image,2026-08-10 21:27:52,2026-08-10 21:27:52
3808656,image,https://cdn.bookmepk.com/sky/assets/images/hotels/rooms/56b5c9a7b7296c7889aefabd72213847.jpg,MED,App\Models\Hotels\Room,435,room-image,2026-08-10 21:34:14,2026-08-10 21:34:14
3808657,image,https://cdn.bookmepk.com/sky/assets/images/hotels/rooms/1ec15eb5edab983f606a86ce0bf63507.jpg,MED,App\Models\Hotels\Room,435,room-image,2026-08-10 21:34:14,2026-08-10 21:34:14
3808658,image,https://cdn.bookmepk.com/sky/assets/images/hotels/rooms/ec15c1c5421b2a62517d8a03adf72707.jpg,MED,App\Models\Hotels\Room,435,room-image,2026-08-10 21:34:14,2026-08-10 21:34:14
3808659,image,https://cdn.bookmepk.com/sky/assets/images/hotels/rooms/6e6354f793b532d4c2a7a52999a443bc.jpg,MED,App\Models\Hotels\Room,435,room-image,2026-08-10 21:34:15,2026-08-10 21:34:15
3808660,image,https://cdn.bookmepk.com/sky/assets/images/hotels/rooms/b5269f195dcb170b63deca9392d082df.jpg,MED,App\Models\Hotels\Room,435,room-image,2026-08-10 21:34:15,2026-08-10 21:34:15
3808661,image,https://cdn.bookmepk.com/sky/assets/images/hotels/rooms/82b2fb3dd9e8e61215ab1186f8374cd8.jpg,MED,App\Models\Hotels\Room,436,room-image,2026-08-10 21:34:15,2026-08-10 21:34:15
3808662,image,https://cdn.bookmepk.com/sky/assets/images/hotels/rooms/1ec15eb5edab983f606a86ce0bf63507.jpg,MED,App\Models\Hotels\Room,436,room-image,2026-08-10 21:34:15,2026-08-10 21:34:15
3808663,image,https://cdn.bookmepk.com/sky/assets/images/hotels/rooms/8974d944d59c58441876fe878cefadba.jpg,MED,App\Models\Hotels\Room,436,room-image,2026-08-10 21:34:15,2026-08-10 21:34:15
3808664,image,https://cdn.bookmepk.com/sky/assets/images/hotels/rooms/f473459c5f87f5c887c8256bc90e2303.jpg,MED,App\Models\Hotels\Room,436,room-image,2026-08-10 21:34:15,2026-08-10 21:34:15
3808665,image,https://cdn.bookmepk.com/sky/assets/images/hotels/rooms/9c1b48f09b5b4ee18d991b70daef50f4.jpg,MED,App\Models\Hotels\Room,436,room-image,2026-08-10 21:34:16,2026-08-10 21:34:16
3808666,image,https://cdn.example/b.jpg,MED,App\Models\Hotels\Room,437,room-image,2026-08-11 06:45:56,2026-08-11 06:45:56
3808667,image,https://cdn.example/b.jpg,MED,App\Models\Hotels\Room,440,room-image,2026-08-11 07:34:09,2026-08-11 07:34:09
3808668,image,https://cdn.example/b.jpg,MED,App\Models\Hotels\Room,442,room-image,2026-08-11 07:34:38,2026-08-11 07:34:38
3808669,image,https://cdn.example/b.jpg,MED,App\Models\Hotels\Room,444,room-image,2026-08-11 07:34:52,2026-08-11 07:34:52
3808670,image,https://cdn.example/b.jpg,MED,App\Models\Hotels\Room,446,room-image,2026-08-11 07:34:59,2026-08-11 07:34:59
3808671,image,https://cdn.example/b.jpg,MED,App\Models\Hotels\Room,448,room-image,2026-08-11 07:35:33,2026-08-11 07:35:33
3808672,image,https://cdn.example/b.jpg,MED,App\Models\Hotels\Room,450,room-image,2026-08-11 07:39:01,2026-08-11 07:39:01
3808673,image,https://cdn.bookmepk.com/sky/assets/images/hotels/rooms/150509540257124172dd3691147adfc2.jpg,MED,App\Models\Hotels\Room,454,room-image,2026-08-11 07:43:37,2026-08-11 07:43:37
3808674,image,https://cdn.bookmepk.com/sky/assets/images/hotels/rooms/eb5a5bfce74820f049e6583f19ac880d.jpg,MED,App\Models\Hotels\Room,454,room-image,2026-08-11 07:43:37,2026-08-11 07:43:37
3808675,image,https://cdn.bookmepk.com/sky/assets/images/hotels/rooms/024f60bc4babf77407f86558dc650b94.jpg,MED,App\Models\Hotels\Room,454,room-image,2026-08-11 07:43:38,2026-08-11 07:43:38
3808676,image,https://cdn.bookmepk.com/sky/assets/images/hotels/rooms/2a87eb04ee7a0f9cfab10b5704336cad.jpg,MED,App\Models\Hotels\Room,454,room-image,2026-08-11 07:43:38,2026-08-11 07:43:38
3808677,image,https://cdn.bookmepk.com/sky/assets/images/hotels/rooms/25b45e55a4854c8b3793791c86659204.jpg,MED,App\Models\Hotels\Room,454,room-image,2026-08-11 07:43:38,2026-08-11 07:43:38
3808678,image,https://cdn.bookmepk.com/sky/assets/images/hotels/rooms/a01cd51c5c2c6b11497ed583a2a891ed.jpg,MED,App\Models\Hotels\Room,455,room-image,2026-08-11 07:43:38,2026-08-11 07:43:38
3808679,image,https://cdn.bookmepk.com/sky/assets/images/hotels/rooms/f37652664b34c5523bfb2c485d262aaf.jpg,MED,App\Models\Hotels\Room,455,room-image,2026-08-11 07:43:38,2026-08-11 07:43:38
3808680,image,https://cdn.bookmepk.com/sky/assets/images/hotels/rooms/c61e37cf55494a921fb786fd8ae9f4ee.jpg,MED,App\Models\Hotels\Room,455,room-image,2026-08-11 07:43:39,2026-08-11 07:43:39
3808681,image,https://cdn.bookmepk.com/sky/assets/images/hotels/rooms/ef8a3e08df812d7d21125eb6b6a8cb00.jpg,MED,App\Models\Hotels\Room,455,room-image,2026-08-11 07:43:39,2026-08-11 07:43:39
3808682,image,https://cdn.bookmepk.com/sky/assets/images/hotels/rooms/5d7a9fcb37b42c7b5d9f09b13c2b7429.jpg,MED,App\Models\Hotels\Room,455,room-image,2026-08-11 07:43:39,2026-08-11 07:43:39
3808683,image,https://cdn.bookmepk.com/sky/assets/images/hotels/rooms/a617b51b376247179f75b16add0fe699.jpg,MED,App\Models\Hotels\Room,456,room-image,2026-08-11 07:43:39,2026-08-11 07:43:39
3808684,image,https://cdn.bookmepk.com/sky/assets/images/hotels/rooms/ffcdfda1e0229c05d21db5ceac3bc279.jpg,MED,App\Models\Hotels\Room,456,room-image,2026-08-11 07:43:40,2026-08-11 07:43:40
3808685,image,https://cdn.bookmepk.com/sky/assets/images/hotels/rooms/2062e5c2c4c1ee401fd497d71755b26e.jpg,MED,App\Models\Hotels\Room,456,room-image,2026-08-11 07:43:40,2026-08-11 07:43:40
3808686,image,https://cdn.bookmepk.com/sky/assets/images/hotels/rooms/9d5ed07c42f07caa97843d3fbf983363.jpg,MED,App\Models\Hotels\Room,456,room-image,2026-08-11 07:43:40,2026-08-11 07:43:40
3808687,image,https://cdn.bookmepk.com/sky/assets/images/hotels/rooms/5a0ff8ab3c5be14eafb75edff4af9197.jpg,MED,App\Models\Hotels\Room,456,room-image,2026-08-11 07:43:40,2026-08-11 07:43:40
3808688,image,https://cdn.bookmepk.com/sky/assets/images/hotels/rooms/9005bd45f3ff32a9aa87ff150a497304.jpg,MED,App\Models\Hotels\Room,457,room-image,2026-08-11 07:43:40,2026-08-11 07:43:40
3808689,image,https://cdn.bookmepk.com/sky/assets/images/hotels/rooms/d99dddfe7aa8b61bdf953a90656fe2e5.jpg,MED,App\Models\Hotels\Room,457,room-image,2026-08-11 07:43:41,2026-08-11 07:43:41
3808690,image,https://cdn.bookmepk.com/sky/assets/images/hotels/rooms/8e2d9844fef3242f3c6bf74f1f84dd82.jpg,MED,App\Models\Hotels\Room,457,room-image,2026-08-11 07:43:41,2026-08-11 07:43:41
3808691,image,https://cdn.bookmepk.com/sky/assets/images/hotels/rooms/a01cd51c5c2c6b11497ed583a2a891ed.jpg,MED,App\Models\Hotels\Room,457,room-image,2026-08-11 07:43:41,2026-08-11 07:43:41
3808692,image,https://cdn.bookmepk.com/sky/assets/images/hotels/rooms/f1f5f9d6c924b73b16beb0d289573a43.jpg,MED,App\Models\Hotels\Room,457,room-image,2026-08-11 07:43:41,2026-08-11 07:43:41
3808693,image,https://cdn.bookmepk.com/sky/assets/images/hotels/rooms/e1adbf2524824de8abae8426e108690a.jpg,MED,App\Models\Hotels\Room,460,room-image,2026-08-11 07:43:42,2026-08-11 07:43:42
3808694,image,https://cdn.bookmepk.com/sky/assets/images/hotels/rooms/aef034fbeb8eef55c3a0c740b206ac0a.jpg,MED,App\Models\Hotels\Room,460,room-image,2026-08-11 07:43:42,2026-08-11 07:43:42
3808695,image,https://cdn.bookmepk.com/sky/assets/images/hotels/rooms/11a09479c1a3d932f94aa0f47376e207.jpg,MED,App\Models\Hotels\Room,460,room-image,2026-08-11 07:43:43,2026-08-11 07:43:43
3808696,image,https://cdn.bookmepk.com/sky/assets/images/hotels/rooms/a617b51b376247179f75b16add0fe699.jpg,MED,App\Models\Hotels\Room,460,room-image,2026-08-11 07:43:43,2026-08-11 07:43:43
3808697,image,https://cdn.bookmepk.com/sky/assets/images/hotels/rooms/9d5ed07c42f07caa97843d3fbf983363.jpg,MED,App\Models\Hotels\Room,460,room-image,2026-08-11 07:43:43,2026-08-11 07:43:43
3808698,image,https://cdn.bookmepk.com/sky/assets/images/hotels/rooms/c3f9da9ebd2be88d41819e93e4cb673f.jpg,MED,App\Models\Hotels\Room,461,room-image,2026-08-11 07:43:43,2026-08-11 07:43:43
3808699,image,https://cdn.bookmepk.com/sky/assets/images/hotels/rooms/328ee90d76cbe18da5dd5162c362dd23.jpg,MED,App\Models\Hotels\Room,461,room-image,2026-08-11 07:43:44,2026-08-11 07:43:44
3808700,image,https://cdn.bookmepk.com/sky/assets/images/hotels/rooms/150509540257124172dd3691147adfc2.jpg,MED,App\Models\Hotels\Room,461,room-image,2026-08-11 07:43:44,2026-08-11 07:43:44
3808701,image,https://cdn.bookmepk.com/sky/assets/images/hotels/rooms/0ab5b3969b4f0df87817ddd66eed21ff.jpg,MED,App\Models\Hotels\Room,461,room-image,2026-08-11 07:43:44,2026-08-11 07:43:44
3808702,image,https://cdn.bookmepk.com/sky/assets/images/hotels/rooms/c61e37cf55494a921fb786fd8ae9f4ee.jpg,MED,App\Models\Hotels\Room,461,room-image,2026-08-11 07:43:44,2026-08-11 07:43:44
3808703,image,https://cdn.example/b.jpg,MED,App\Models\Hotels\Room,463,room-image,2026-08-11 07:57:14,2026-08-11 07:57:14
3808880,image,https://cdn.bookmepk.com/sky/assets/images/hotels/rooms/50209ec73fcaab8d4d718e9d4a3bf87a.jpg,MED,App\Models\Hotels\Room,464,room-image,2026-08-12 11:26:08,2026-08-12 11:26:08
3808881,image,https://cdn.bookmepk.com/sky/assets/images/hotels/rooms/c132c3c62d5d238baa45ad03c4c7e246.jpg,MED,App\Models\Hotels\Room,464,room-image,2026-08-12 11:26:08,2026-08-12 11:26:08
3808882,image,https://cdn.bookmepk.com/sky/assets/images/hotels/rooms/49f1dfe1370e2435a987b4567ac4277b.jpg,MED,App\Models\Hotels\Room,464,room-image,2026-08-12 11:26:08,2026-08-12 11:26:08
3808883,image,https://cdn.bookmepk.com/sky/assets/images/hotels/rooms/fcf3480d1522e6686f2740f4e38f8f45.jpg,MED,App\Models\Hotels\Room,464,room-image,2026-08-12 11:26:08,2026-08-12 11:26:08
3808704,image,https://cdn.bookmepk.com/sky/assets/images/hotels/rooms/50209ec73fcaab8d4d718e9d4a3bf87a.jpg,MED,App\Models\Hotels\Room,465,room-image,2026-08-11 11:32:37,2026-08-11 11:32:37
3808705,image,https://cdn.bookmepk.com/sky/assets/images/hotels/rooms/c132c3c62d5d238baa45ad03c4c7e246.jpg,MED,App\Models\Hotels\Room,465,room-image,2026-08-11 11:32:37,2026-08-11 11:32:37
3808706,image,https://cdn.bookmepk.com/sky/assets/images/hotels/rooms/49f1dfe1370e2435a987b4567ac4277b.jpg,MED,App\Models\Hotels\Room,465,room-image,2026-08-11 11:32:38,2026-08-11 11:32:38
3808707,image,https://cdn.bookmepk.com/sky/assets/images/hotels/rooms/fcf3480d1522e6686f2740f4e38f8f45.jpg,MED,App\Models\Hotels\Room,465,room-image,2026-08-11 11:32:38,2026-08-11 11:32:38
3808888,image,https://cdn.bookmepk.com/sky/assets/images/hotels/rooms/fe35a2f93fa8aec31481f4fbea7a0bfd.jpg,MED,App\Models\Hotels\Room,474,room-image,2026-08-12 11:26:55,2026-08-12 11:26:55
3808889,image,https://cdn.bookmepk.com/sky/assets/images/hotels/rooms/f7cfeb277c3451d62de18092728f69e6.jpg,MED,App\Models\Hotels\Room,474,room-image,2026-08-12 11:26:56,2026-08-12 11:26:56
3808890,image,https://cdn.bookmepk.com/sky/assets/images/hotels/rooms/f1d213ca46130f0df589c51e387d2fd2.jpg,MED,App\Models\Hotels\Room,474,room-image,2026-08-12 11:26:56,2026-08-12 11:26:56
3808891,image,https://cdn.bookmepk.com/sky/assets/images/hotels/rooms/162e100529697ae163e1b76789c483f2.jpg,MED,App\Models\Hotels\Room,474,room-image,2026-08-12 11:26:56,2026-08-12 11:26:56
3808892,image,https://cdn.bookmepk.com/sky/assets/images/hotels/rooms/71283711c8db7aedbe1d94d67040a47f.jpg,MED,App\Models\Hotels\Room,474,room-image,2026-08-12 11:26:56,2026-08-12 11:26:56
3808893,image,https://cdn.bookmepk.com/sky/assets/images/hotels/rooms/fe35a2f93fa8aec31481f4fbea7a0bfd.jpg,MED,App\Models\Hotels\Room,475,room-image,2026-08-12 11:26:56,2026-08-12 11:26:56
3808894,image,https://cdn.bookmepk.com/sky/assets/images/hotels/rooms/f7cfeb277c3451d62de18092728f69e6.jpg,MED,App\Models\Hotels\Room,475,room-image,2026-08-12 11:26:56,2026-08-12 11:26:56
3808895,image,https://cdn.bookmepk.com/sky/assets/images/hotels/rooms/f1d213ca46130f0df589c51e387d2fd2.jpg,MED,App\Models\Hotels\Room,475,room-image,2026-08-12 11:26:57,2026-08-12 11:26:57
3808896,image,https://cdn.bookmepk.com/sky/assets/images/hotels/rooms/162e100529697ae163e1b76789c483f2.jpg,MED,App\Models\Hotels\Room,475,room-image,2026-08-12 11:26:57,2026-08-12 11:26:57
3808897,image,https://cdn.bookmepk.com/sky/assets/images/hotels/rooms/71283711c8db7aedbe1d94d67040a47f.jpg,MED,App\Models\Hotels\Room,475,room-image,2026-08-12 11:26:57,2026-08-12 11:26:57
3808898,image,https://cdn.bookmepk.com/sky/assets/images/hotels/rooms/fe35a2f93fa8aec31481f4fbea7a0bfd.jpg,MED,App\Models\Hotels\Room,476,room-image,2026-08-12 11:26:57,2026-08-12 11:26:57
3808899,image,https://cdn.bookmepk.com/sky/assets/images/hotels/rooms/f7cfeb277c3451d62de18092728f69e6.jpg,MED,App\Models\Hotels\Room,476,room-image,2026-08-12 11:26:57,2026-08-12 11:26:57
3808900,image,https://cdn.bookmepk.com/sky/assets/images/hotels/rooms/f1d213ca46130f0df589c51e387d2fd2.jpg,MED,App\Models\Hotels\Room,476,room-image,2026-08-12 11:26:57,2026-08-12 11:26:57
3808901,image,https://cdn.bookmepk.com/sky/assets/images/hotels/rooms/162e100529697ae163e1b76789c483f2.jpg,MED,App\Models\Hotels\Room,476,room-image,2026-08-12 11:26:57,2026-08-12 11:26:57
3808902,image,https://cdn.bookmepk.com/sky/assets/images/hotels/rooms/71283711c8db7aedbe1d94d67040a47f.jpg,MED,App\Models\Hotels\Room,476,room-image,2026-08-12 11:26:57,2026-08-12 11:26:57
3808908,image,https://cdn.bookmepk.com/sky/assets/images/hotels/rooms/4ed95bdc74791d0073eef9795745059c.jpg,MED,App\Models\Hotels\Room,479,room-image,2026-08-12 11:26:58,2026-08-12 11:26:58
3808909,image,https://cdn.bookmepk.com/sky/assets/images/hotels/rooms/8f28e74138fad41c2bc7f296d323a501.jpg,MED,App\Models\Hotels\Room,479,room-image,2026-08-12 11:26:58,2026-08-12 11:26:58
3808910,image,https://cdn.bookmepk.com/sky/assets/images/hotels/rooms/7163c604820c0e951454d5cc8b7be6fd.jpg,MED,App\Models\Hotels\Room,479,room-image,2026-08-12 11:26:59,2026-08-12 11:26:59
3808911,image,https://cdn.bookmepk.com/sky/assets/images/hotels/rooms/74316653ef1064798572c1b5f9b6b7c6.jpg,MED,App\Models\Hotels\Room,479,room-image,2026-08-12 11:26:59,2026-08-12 11:26:59
3808912,image,https://cdn.bookmepk.com/sky/assets/images/hotels/rooms/0fd2aaeede9ccd11464d0823d97865be.jpg,MED,App\Models\Hotels\Room,479,room-image,2026-08-12 11:26:59,2026-08-12 11:26:59
3808918,image,https://cdn.bookmepk.com/sky/assets/images/hotels/rooms/cd3a6439b93caaa6e2c59d9815441ba6.jpg,MED,App\Models\Hotels\Room,480,room-image,2026-08-12 11:27:00,2026-08-12 11:27:00
3808919,image,https://cdn.bookmepk.com/sky/assets/images/hotels/rooms/8f28e74138fad41c2bc7f296d323a501.jpg,MED,App\Models\Hotels\Room,480,room-image,2026-08-12 11:27:00,2026-08-12 11:27:00
3808920,image,https://cdn.bookmepk.com/sky/assets/images/hotels/rooms/83a7f7e5fd48728b71cd8c31d4b1cf50.jpg,MED,App\Models\Hotels\Room,480,room-image,2026-08-12 11:27:00,2026-08-12 11:27:00
3808921,image,https://cdn.bookmepk.com/sky/assets/images/hotels/rooms/177f7a7a8446500d3981472fc137598a.jpg,MED,App\Models\Hotels\Room,480,room-image,2026-08-12 11:27:00,2026-08-12 11:27:00
3808922,image,https://cdn.bookmepk.com/sky/assets/images/hotels/rooms/74316653ef1064798572c1b5f9b6b7c6.jpg,MED,App\Models\Hotels\Room,480,room-image,2026-08-12 11:27:00,2026-08-12 11:27:00
3809227,image,https://cdn.bookmepk.com/sky/assets/images/hotels/rooms/4ed95bdc74791d0073eef9795745059c.jpg,MED,App\Models\Hotels\Room,482,room-image,2026-08-12 11:27:27,2026-08-12 11:27:27
3809228,image,https://cdn.bookmepk.com/sky/assets/images/hotels/rooms/8f28e74138fad41c2bc7f296d323a501.jpg,MED,App\Models\Hotels\Room,482,room-image,2026-08-12 11:27:27,2026-08-12 11:27:27
3809229,image,https://cdn.bookmepk.com/sky/assets/images/hotels/rooms/7163c604820c0e951454d5cc8b7be6fd.jpg,MED,App\Models\Hotels\Room,482,room-image,2026-08-12 11:27:27,2026-08-12 11:27:27
3809230,image,https://cdn.bookmepk.com/sky/assets/images/hotels/rooms/74316653ef1064798572c1b5f9b6b7c6.jpg,MED,App\Models\Hotels\Room,482,room-image,2026-08-12 11:27:27,2026-08-12 11:27:27
3809231,image,https://cdn.bookmepk.com/sky/assets/images/hotels/rooms/0fd2aaeede9ccd11464d0823d97865be.jpg,MED,App\Models\Hotels\Room,482,room-image,2026-08-12 11:27:27,2026-08-12 11:27:27
3808923,image,https://cdn.bookmepk.com/sky/assets/images/hotels/rooms/c0fa1bd0e7bb66c0453faea7303290f1.jpg,MED,App\Models\Hotels\Room,483,room-image,2026-08-12 11:27:00,2026-08-12 11:27:00
3808924,image,https://cdn.bookmepk.com/sky/assets/images/hotels/rooms/690c08749d5f0dac00b1f6b052679630.jpg,MED,App\Models\Hotels\Room,483,room-image,2026-08-12 11:27:00,2026-08-12 11:27:00
3808925,image,https://cdn.bookmepk.com/sky/assets/images/hotels/rooms/fe1ac861cac05d27834f257ffdfc6aad.jpg,MED,App\Models\Hotels\Room,483,room-image,2026-08-12 11:27:00,2026-08-12 11:27:00
3808926,image,https://cdn.bookmepk.com/sky/assets/images/hotels/rooms/22281a25d0fbc2b8596a11d08e8df3a5.jpg,MED,App\Models\Hotels\Room,483,room-image,2026-08-12 11:27:01,2026-08-12 11:27:01
3808927,image,https://cdn.bookmepk.com/sky/assets/images/hotels/rooms/5f721d05e6598ac0bbc6356c2302b7d9.jpg,MED,App\Models\Hotels\Room,483,room-image,2026-08-12 11:27:01,2026-08-12 11:27:01
3808928,image,https://cdn.bookmepk.com/sky/assets/images/hotels/rooms/4ed95bdc74791d0073eef9795745059c.jpg,MED,App\Models\Hotels\Room,484,room-image,2026-08-12 11:27:01,2026-08-12 11:27:01
3808929,image,https://cdn.bookmepk.com/sky/assets/images/hotels/rooms/8f28e74138fad41c2bc7f296d323a501.jpg,MED,App\Models\Hotels\Room,484,room-image,2026-08-12 11:27:01,2026-08-12 11:27:01
3808930,image,https://cdn.bookmepk.com/sky/assets/images/hotels/rooms/7163c604820c0e951454d5cc8b7be6fd.jpg,MED,App\Models\Hotels\Room,484,room-image,2026-08-12 11:27:01,2026-08-12 11:27:01
3808931,image,https://cdn.bookmepk.com/sky/assets/images/hotels/rooms/74316653ef1064798572c1b5f9b6b7c6.jpg,MED,App\Models\Hotels\Room,484,room-image,2026-08-12 11:27:01,2026-08-12 11:27:01
3808932,image,https://cdn.bookmepk.com/sky/assets/images/hotels/rooms/0fd2aaeede9ccd11464d0823d97865be.jpg,MED,App\Models\Hotels\Room,484,room-image,2026-08-12 11:27:01,2026-08-12 11:27:01
3808933,image,https://cdn.bookmepk.com/sky/assets/images/hotels/rooms/c0fa1bd0e7bb66c0453faea7303290f1.jpg,MED,App\Models\Hotels\Room,485,room-image,2026-08-12 11:27:01,2026-08-12 11:27:01
3808934,image,https://cdn.bookmepk.com/sky/assets/images/hotels/rooms/690c08749d5f0dac00b1f6b052679630.jpg,MED,App\Models\Hotels\Room,485,room-image,2026-08-12 11:27:01,2026-08-12 11:27:01
3808935,image,https://cdn.bookmepk.com/sky/assets/images/hotels/rooms/fe1ac861cac05d27834f257ffdfc6aad.jpg,MED,App\Models\Hotels\Room,485,room-image,2026-08-12 11:27:01,2026-08-12 11:27:01
3808936,image,https://cdn.bookmepk.com/sky/assets/images/hotels/rooms/22281a25d0fbc2b8596a11d08e8df3a5.jpg,MED,App\Models\Hotels\Room,485,room-image,2026-08-12 11:27:01,2026-08-12 11:27:01
3808937,image,https://cdn.bookmepk.com/sky/assets/images/hotels/rooms/5f721d05e6598ac0bbc6356c2302b7d9.jpg,MED,App\Models\Hotels\Room,485,room-image,2026-08-12 11:27:01,2026-08-12 11:27:01
3808938,image,https://cdn.bookmepk.com/sky/assets/images/hotels/rooms/c0fa1bd0e7bb66c0453faea7303290f1.jpg,MED,App\Models\Hotels\Room,486,room-image,2026-08-12 11:27:01,2026-08-12 11:27:01
3808939,image,https://cdn.bookmepk.com/sky/assets/images/hotels/rooms/690c08749d5f0dac00b1f6b052679630.jpg,MED,App\Models\Hotels\Room,486,room-image,2026-08-12 11:27:02,2026-08-12 11:27:02
3808940,image,https://cdn.bookmepk.com/sky/assets/images/hotels/rooms/fe1ac861cac05d27834f257ffdfc6aad.jpg,MED,App\Models\Hotels\Room,486,room-image,2026-08-12 11:27:02,2026-08-12 11:27:02
3808941,image,https://cdn.bookmepk.com/sky/assets/images/hotels/rooms/22281a25d0fbc2b8596a11d08e8df3a5.jpg,MED,App\Models\Hotels\Room,486,room-image,2026-08-12 11:27:02,2026-08-12 11:27:02
3808942,image,https://cdn.bookmepk.com/sky/assets/images/hotels/rooms/5f721d05e6598ac0bbc6356c2302b7d9.jpg,MED,App\Models\Hotels\Room,486,room-image,2026-08-12 11:27:02,2026-08-12 11:27:02
3808948,image,https://cdn.bookmepk.com/sky/assets/images/hotels/rooms/c0fa1bd0e7bb66c0453faea7303290f1.jpg,MED,App\Models\Hotels\Room,487,room-image,2026-08-12 11:27:02,2026-08-12 11:27:02
3808949,image,https://cdn.bookmepk.com/sky/assets/images/hotels/rooms/690c08749d5f0dac00b1f6b052679630.jpg,MED,App\Models\Hotels\Room,487,room-image,2026-08-12 11:27:02,2026-08-12 11:27:02
3808950,image,https://cdn.bookmepk.com/sky/assets/images/hotels/rooms/fe1ac861cac05d27834f257ffdfc6aad.jpg,MED,App\Models\Hotels\Room,487,room-image,2026-08-12 11:27:02,2026-08-12 11:27:02
3808951,image,https://cdn.bookmepk.com/sky/assets/images/hotels/rooms/22281a25d0fbc2b8596a11d08e8df3a5.jpg,MED,App\Models\Hotels\Room,487,room-image,2026-08-12 11:27:02,2026-08-12 11:27:02
3808952,image,https://cdn.bookmepk.com/sky/assets/images/hotels/rooms/5f721d05e6598ac0bbc6356c2302b7d9.jpg,MED,App\Models\Hotels\Room,487,room-image,2026-08-12 11:27:02,2026-08-12 11:27:02
3808943,image,https://cdn.bookmepk.com/sky/assets/images/hotels/rooms/4ed95bdc74791d0073eef9795745059c.jpg,MED,App\Models\Hotels\Room,488,room-image,2026-08-12 11:27:02,2026-08-12 11:27:02
3808944,image,https://cdn.bookmepk.com/sky/assets/images/hotels/rooms/8f28e74138fad41c2bc7f296d323a501.jpg,MED,App\Models\Hotels\Room,488,room-image,2026-08-12 11:27:02,2026-08-12 11:27:02
3808945,image,https://cdn.bookmepk.com/sky/assets/images/hotels/rooms/7163c604820c0e951454d5cc8b7be6fd.jpg,MED,App\Models\Hotels\Room,488,room-image,2026-08-12 11:27:02,2026-08-12 11:27:02
3808946,image,https://cdn.bookmepk.com/sky/assets/images/hotels/rooms/74316653ef1064798572c1b5f9b6b7c6.jpg,MED,App\Models\Hotels\Room,488,room-image,2026-08-12 11:27:02,2026-08-12 11:27:02
3808947,image,https://cdn.bookmepk.com/sky/assets/images/hotels/rooms/0fd2aaeede9ccd11464d0823d97865be.jpg,MED,App\Models\Hotels\Room,488,room-image,2026-08-12 11:27:02,2026-08-12 11:27:02
3808958,image,https://cdn.bookmepk.com/sky/assets/images/hotels/rooms/4ed95bdc74791d0073eef9795745059c.jpg,MED,App\Models\Hotels\Room,490,room-image,2026-08-12 11:27:03,2026-08-12 11:27:03
3808959,image,https://cdn.bookmepk.com/sky/assets/images/hotels/rooms/8f28e74138fad41c2bc7f296d323a501.jpg,MED,App\Models\Hotels\Room,490,room-image,2026-08-12 11:27:03,2026-08-12 11:27:03
3808960,image,https://cdn.bookmepk.com/sky/assets/images/hotels/rooms/7163c604820c0e951454d5cc8b7be6fd.jpg,MED,App\Models\Hotels\Room,490,room-image,2026-08-12 11:27:03,2026-08-12 11:27:03
3808961,image,https://cdn.bookmepk.com/sky/assets/images/hotels/rooms/74316653ef1064798572c1b5f9b6b7c6.jpg,MED,App\Models\Hotels\Room,490,room-image,2026-08-12 11:27:03,2026-08-12 11:27:03
3808962,image,https://cdn.bookmepk.com/sky/assets/images/hotels/rooms/0fd2aaeede9ccd11464d0823d97865be.jpg,MED,App\Models\Hotels\Room,490,room-image,2026-08-12 11:27:03,2026-08-12 11:27:03
3808963,image,https://cdn.bookmepk.com/sky/assets/images/hotels/rooms/4ed95bdc74791d0073eef9795745059c.jpg,MED,App\Models\Hotels\Room,491,room-image,2026-08-12 11:27:03,2026-08-12 11:27:03
3808964,image,https://cdn.bookmepk.com/sky/assets/images/hotels/rooms/8f28e74138fad41c2bc7f296d323a501.jpg,MED,App\Models\Hotels\Room,491,room-image,2026-08-12 11:27:04,2026-08-12 11:27:04
3808965,image,https://cdn.bookmepk.com/sky/assets/images/hotels/rooms/7163c604820c0e951454d5cc8b7be6fd.jpg,MED,App\Models\Hotels\Room,491,room-image,2026-08-12 11:27:04,2026-08-12 11:27:04
3808966,image,https://cdn.bookmepk.com/sky/assets/images/hotels/rooms/74316653ef1064798572c1b5f9b6b7c6.jpg,MED,App\Models\Hotels\Room,491,room-image,2026-08-12 11:27:04,2026-08-12 11:27:04
3808967,image,https://cdn.bookmepk.com/sky/assets/images/hotels/rooms/0fd2aaeede9ccd11464d0823d97865be.jpg,MED,App\Models\Hotels\Room,491,room-image,2026-08-12 11:27:04,2026-08-12 11:27:04
3809023,image,https://cdn.bookmepk.com/sky/assets/images/hotels/rooms/cd3a6439b93caaa6e2c59d9815441ba6.jpg,MED,App\Models\Hotels\Room,492,room-image,2026-08-12 11:27:09,2026-08-12 11:27:09
3809024,image,https://cdn.bookmepk.com/sky/assets/images/hotels/rooms/8f28e74138fad41c2bc7f296d323a501.jpg,MED,App\Models\Hotels\Room,492,room-image,2026-08-12 11:27:09,2026-08-12 11:27:09
3809025,image,https://cdn.bookmepk.com/sky/assets/images/hotels/rooms/83a7f7e5fd48728b71cd8c31d4b1cf50.jpg,MED,App\Models\Hotels\Room,492,room-image,2026-08-12 11:27:09,2026-08-12 11:27:09
3809026,image,https://cdn.bookmepk.com/sky/assets/images/hotels/rooms/177f7a7a8446500d3981472fc137598a.jpg,MED,App\Models\Hotels\Room,492,room-image,2026-08-12 11:27:09,2026-08-12 11:27:09
3809027,image,https://cdn.bookmepk.com/sky/assets/images/hotels/rooms/74316653ef1064798572c1b5f9b6b7c6.jpg,MED,App\Models\Hotels\Room,492,room-image,2026-08-12 11:27:09,2026-08-12 11:27:09
3808973,image,https://cdn.bookmepk.com/sky/assets/images/hotels/rooms/cd3a6439b93caaa6e2c59d9815441ba6.jpg,MED,App\Models\Hotels\Room,493,room-image,2026-08-12 11:27:04,2026-08-12 11:27:04
3808974,image,https://cdn.bookmepk.com/sky/assets/images/hotels/rooms/8f28e74138fad41c2bc7f296d323a501.jpg,MED,App\Models\Hotels\Room,493,room-image,2026-08-12 11:27:04,2026-08-12 11:27:04
3808975,image,https://cdn.bookmepk.com/sky/assets/images/hotels/rooms/83a7f7e5fd48728b71cd8c31d4b1cf50.jpg,MED,App\Models\Hotels\Room,493,room-image,2026-08-12 11:27:04,2026-08-12 11:27:04
3808976,image,https://cdn.bookmepk.com/sky/assets/images/hotels/rooms/177f7a7a8446500d3981472fc137598a.jpg,MED,App\Models\Hotels\Room,493,room-image,2026-08-12 11:27:04,2026-08-12 11:27:04
3808977,image,https://cdn.bookmepk.com/sky/assets/images/hotels/rooms/74316653ef1064798572c1b5f9b6b7c6.jpg,MED,App\Models\Hotels\Room,493,room-image,2026-08-12 11:27:05,2026-08-12 11:27:05
3808708,image,https://cdn.bookmepk.com/sky/assets/images/hotels/rooms/e5ee10cceae3e306382cd2fa1c3910aa.jpg,MED,App\Models\Hotels\Room,495,room-image,2026-08-11 11:33:12,2026-08-11 11:33:12
3808709,image,https://cdn.bookmepk.com/sky/assets/images/hotels/rooms/2b0b220ad1fa60c721f1d998691431c1.jpg,MED,App\Models\Hotels\Room,495,room-image,2026-08-11 11:33:12,2026-08-11 11:33:12
3808710,image,https://cdn.bookmepk.com/sky/assets/images/hotels/rooms/8eca5126716b5822f533237b294d0686.jpg,MED,App\Models\Hotels\Room,495,room-image,2026-08-11 11:33:12,2026-08-11 11:33:12
3808711,image,https://cdn.bookmepk.com/sky/assets/images/hotels/rooms/345109c1505674f4768a7f180c928f56.jpg,MED,App\Models\Hotels\Room,495,room-image,2026-08-11 11:33:13,2026-08-11 11:33:13
3808988,image,https://cdn.bookmepk.com/sky/assets/images/hotels/rooms/cd3a6439b93caaa6e2c59d9815441ba6.jpg,MED,App\Models\Hotels\Room,496,room-image,2026-08-12 11:27:06,2026-08-12 11:27:06
3808989,image,https://cdn.bookmepk.com/sky/assets/images/hotels/rooms/8f28e74138fad41c2bc7f296d323a501.jpg,MED,App\Models\Hotels\Room,496,room-image,2026-08-12 11:27:06,2026-08-12 11:27:06
3808990,image,https://cdn.bookmepk.com/sky/assets/images/hotels/rooms/83a7f7e5fd48728b71cd8c31d4b1cf50.jpg,MED,App\Models\Hotels\Room,496,room-image,2026-08-12 11:27:06,2026-08-12 11:27:06
3808991,image,https://cdn.bookmepk.com/sky/assets/images/hotels/rooms/177f7a7a8446500d3981472fc137598a.jpg,MED,App\Models\Hotels\Room,496,room-image,2026-08-12 11:27:06,2026-08-12 11:27:06
3808992,image,https://cdn.bookmepk.com/sky/assets/images/hotels/rooms/74316653ef1064798572c1b5f9b6b7c6.jpg,MED,App\Models\Hotels\Room,496,room-image,2026-08-12 11:27:06,2026-08-12 11:27:06
3809002,image,https://cdn.bookmepk.com/sky/assets/images/hotels/rooms/22faac3c35d348b71a5a5f7d5df85839.jpg,MED,App\Models\Hotels\Room,497,room-image,2026-08-12 11:27:07,2026-08-12 11:27:07
3809003,image,https://cdn.bookmepk.com/sky/assets/images/hotels/rooms/8f28e74138fad41c2bc7f296d323a501.jpg,MED,App\Models\Hotels\Room,497,room-image,2026-08-12 11:27:07,2026-08-12 11:27:07
3809004,image,https://cdn.bookmepk.com/sky/assets/images/hotels/rooms/b3c9f1c990f22e7d108d5a96aeac3440.jpg,MED,App\Models\Hotels\Room,497,room-image,2026-08-12 11:27:07,2026-08-12 11:27:07
3809005,image,https://cdn.bookmepk.com/sky/assets/images/hotels/rooms/08957a7b5237e8f765a959fbefe50c82.jpg,MED,App\Models\Hotels\Room,497,room-image,2026-08-12 11:27:07,2026-08-12 11:27:07
3809006,image,https://cdn.bookmepk.com/sky/assets/images/hotels/rooms/5c8996262e129ccf9d1e3865c14bba5a.jpg,MED,App\Models\Hotels\Room,497,room-image,2026-08-12 11:27:07,2026-08-12 11:27:07
3809007,image,https://cdn.bookmepk.com/sky/assets/images/hotels/rooms/e5ee10cceae3e306382cd2fa1c3910aa.jpg,MED,App\Models\Hotels\Room,498,room-image,2026-08-12 11:27:07,2026-08-12 11:27:07
3809008,image,https://cdn.bookmepk.com/sky/assets/images/hotels/rooms/2b0b220ad1fa60c721f1d998691431c1.jpg,MED,App\Models\Hotels\Room,498,room-image,2026-08-12 11:27:07,2026-08-12 11:27:07
3809009,image,https://cdn.bookmepk.com/sky/assets/images/hotels/rooms/8eca5126716b5822f533237b294d0686.jpg,MED,App\Models\Hotels\Room,498,room-image,2026-08-12 11:27:07,2026-08-12 11:27:07
3809010,image,https://cdn.bookmepk.com/sky/assets/images/hotels/rooms/345109c1505674f4768a7f180c928f56.jpg,MED,App\Models\Hotels\Room,498,room-image,2026-08-12 11:27:07,2026-08-12 11:27:07
3809011,image,https://cdn.bookmepk.com/sky/assets/images/hotels/rooms/e5ee10cceae3e306382cd2fa1c3910aa.jpg,MED,App\Models\Hotels\Room,499,room-image,2026-08-12 11:27:08,2026-08-12 11:27:08
3809012,image,https://cdn.bookmepk.com/sky/assets/images/hotels/rooms/2b0b220ad1fa60c721f1d998691431c1.jpg,MED,App\Models\Hotels\Room,499,room-image,2026-08-12 11:27:08,2026-08-12 11:27:08
3809013,image,https://cdn.bookmepk.com/sky/assets/images/hotels/rooms/8eca5126716b5822f533237b294d0686.jpg,MED,App\Models\Hotels\Room,499,room-image,2026-08-12 11:27:08,2026-08-12 11:27:08
3809014,image,https://cdn.bookmepk.com/sky/assets/images/hotels/rooms/345109c1505674f4768a7f180c928f56.jpg,MED,App\Models\Hotels\Room,499,room-image,2026-08-12 11:27:08,2026-08-12 11:27:08
3809015,image,https://cdn.bookmepk.com/sky/assets/images/hotels/rooms/e5ee10cceae3e306382cd2fa1c3910aa.jpg,MED,App\Models\Hotels\Room,500,room-image,2026-08-12 11:27:08,2026-08-12 11:27:08
3809016,image,https://cdn.bookmepk.com/sky/assets/images/hotels/rooms/2b0b220ad1fa60c721f1d998691431c1.jpg,MED,App\Models\Hotels\Room,500,room-image,2026-08-12 11:27:08,2026-08-12 11:27:08
3809017,image,https://cdn.bookmepk.com/sky/assets/images/hotels/rooms/8eca5126716b5822f533237b294d0686.jpg,MED,App\Models\Hotels\Room,500,room-image,2026-08-12 11:27:08,2026-08-12 11:27:08
3809018,image,https://cdn.bookmepk.com/sky/assets/images/hotels/rooms/345109c1505674f4768a7f180c928f56.jpg,MED,App\Models\Hotels\Room,500,room-image,2026-08-12 11:27:08,2026-08-12 11:27:08
3809019,image,https://cdn.bookmepk.com/sky/assets/images/hotels/rooms/e5ee10cceae3e306382cd2fa1c3910aa.jpg,MED,App\Models\Hotels\Room,502,room-image,2026-08-12 11:27:08,2026-08-12 11:27:08
3809020,image,https://cdn.bookmepk.com/sky/assets/images/hotels/rooms/2b0b220ad1fa60c721f1d998691431c1.jpg,MED,App\Models\Hotels\Room,502,room-image,2026-08-12 11:27:08,2026-08-12 11:27:08
3809021,image,https://cdn.bookmepk.com/sky/assets/images/hotels/rooms/8eca5126716b5822f533237b294d0686.jpg,MED,App\Models\Hotels\Room,502,room-image,2026-08-12 11:27:08,2026-08-12 11:27:08
3809022,image,https://cdn.bookmepk.com/sky/assets/images/hotels/rooms/345109c1505674f4768a7f180c928f56.jpg,MED,App\Models\Hotels\Room,502,room-image,2026-08-12 11:27:09,2026-08-12 11:27:09
3809232,image,https://cdn.bookmepk.com/sky/assets/images/hotels/rooms/22faac3c35d348b71a5a5f7d5df85839.jpg,MED,App\Models\Hotels\Room,503,room-image,2026-08-12 11:27:27,2026-08-12 11:27:27
3809233,image,https://cdn.bookmepk.com/sky/assets/images/hotels/rooms/8f28e74138fad41c2bc7f296d323a501.jpg,MED,App\Models\Hotels\Room,503,room-image,2026-08-12 11:27:27,2026-08-12 11:27:27
3809234,image,https://cdn.bookmepk.com/sky/assets/images/hotels/rooms/b3c9f1c990f22e7d108d5a96aeac3440.jpg,MED,App\Models\Hotels\Room,503,room-image,2026-08-12 11:27:27,2026-08-12 11:27:27
3809235,image,https://cdn.bookmepk.com/sky/assets/images/hotels/rooms/08957a7b5237e8f765a959fbefe50c82.jpg,MED,App\Models\Hotels\Room,503,room-image,2026-08-12 11:27:27,2026-08-12 11:27:27
3809236,image,https://cdn.bookmepk.com/sky/assets/images/hotels/rooms/5c8996262e129ccf9d1e3865c14bba5a.jpg,MED,App\Models\Hotels\Room,503,room-image,2026-08-12 11:27:27,2026-08-12 11:27:27
3809028,image,https://cdn.bookmepk.com/sky/assets/images/hotels/rooms/cd3a6439b93caaa6e2c59d9815441ba6.jpg,MED,App\Models\Hotels\Room,504,room-image,2026-08-12 11:27:09,2026-08-12 11:27:09
3809029,image,https://cdn.bookmepk.com/sky/assets/images/hotels/rooms/8f28e74138fad41c2bc7f296d323a501.jpg,MED,App\Models\Hotels\Room,504,room-image,2026-08-12 11:27:09,2026-08-12 11:27:09
3809030,image,https://cdn.bookmepk.com/sky/assets/images/hotels/rooms/83a7f7e5fd48728b71cd8c31d4b1cf50.jpg,MED,App\Models\Hotels\Room,504,room-image,2026-08-12 11:27:09,2026-08-12 11:27:09
3809031,image,https://cdn.bookmepk.com/sky/assets/images/hotels/rooms/177f7a7a8446500d3981472fc137598a.jpg,MED,App\Models\Hotels\Room,504,room-image,2026-08-12 11:27:09,2026-08-12 11:27:09
3809032,image,https://cdn.bookmepk.com/sky/assets/images/hotels/rooms/74316653ef1064798572c1b5f9b6b7c6.jpg,MED,App\Models\Hotels\Room,504,room-image,2026-08-12 11:27:09,2026-08-12 11:27:09
3809033,image,https://cdn.bookmepk.com/sky/assets/images/hotels/rooms/cd3a6439b93caaa6e2c59d9815441ba6.jpg,MED,App\Models\Hotels\Room,505,room-image,2026-08-12 11:27:09,2026-08-12 11:27:09
3809034,image,https://cdn.bookmepk.com/sky/assets/images/hotels/rooms/8f28e74138fad41c2bc7f296d323a501.jpg,MED,App\Models\Hotels\Room,505,room-image,2026-08-12 11:27:09,2026-08-12 11:27:09
3809035,image,https://cdn.bookmepk.com/sky/assets/images/hotels/rooms/83a7f7e5fd48728b71cd8c31d4b1cf50.jpg,MED,App\Models\Hotels\Room,505,room-image,2026-08-12 11:27:10,2026-08-12 11:27:10
3809036,image,https://cdn.bookmepk.com/sky/assets/images/hotels/rooms/177f7a7a8446500d3981472fc137598a.jpg,MED,App\Models\Hotels\Room,505,room-image,2026-08-12 11:27:10,2026-08-12 11:27:10
3809037,image,https://cdn.bookmepk.com/sky/assets/images/hotels/rooms/74316653ef1064798572c1b5f9b6b7c6.jpg,MED,App\Models\Hotels\Room,505,room-image,2026-08-12 11:27:10,2026-08-12 11:27:10
3809038,image,https://cdn.bookmepk.com/sky/assets/images/hotels/rooms/cd3a6439b93caaa6e2c59d9815441ba6.jpg,MED,App\Models\Hotels\Room,506,room-image,2026-08-12 11:27:10,2026-08-12 11:27:10
3809039,image,https://cdn.bookmepk.com/sky/assets/images/hotels/rooms/8f28e74138fad41c2bc7f296d323a501.jpg,MED,App\Models\Hotels\Room,506,room-image,2026-08-12 11:27:10,2026-08-12 11:27:10
3809040,image,https://cdn.bookmepk.com/sky/assets/images/hotels/rooms/83a7f7e5fd48728b71cd8c31d4b1cf50.jpg,MED,App\Models\Hotels\Room,506,room-image,2026-08-12 11:27:10,2026-08-12 11:27:10
3809041,image,https://cdn.bookmepk.com/sky/assets/images/hotels/rooms/177f7a7a8446500d3981472fc137598a.jpg,MED,App\Models\Hotels\Room,506,room-image,2026-08-12 11:27:10,2026-08-12 11:27:10
3809042,image,https://cdn.bookmepk.com/sky/assets/images/hotels/rooms/74316653ef1064798572c1b5f9b6b7c6.jpg,MED,App\Models\Hotels\Room,506,room-image,2026-08-12 11:27:10,2026-08-12 11:27:10
3809052,image,https://cdn.bookmepk.com/sky/assets/images/hotels/rooms/fff37c983589248c5b194e171f26590e.jpg,MED,App\Models\Hotels\Room,507,room-image,2026-08-12 11:27:11,2026-08-12 11:27:11
3809053,image,https://cdn.bookmepk.com/sky/assets/images/hotels/rooms/8f28e74138fad41c2bc7f296d323a501.jpg,MED,App\Models\Hotels\Room,507,room-image,2026-08-12 11:27:11,2026-08-12 11:27:11
3809054,image,https://cdn.bookmepk.com/sky/assets/images/hotels/rooms/8ec6c2c977364227ea1fad9226a274ba.jpg,MED,App\Models\Hotels\Room,507,room-image,2026-08-12 11:27:11,2026-08-12 11:27:11
3809055,image,https://cdn.bookmepk.com/sky/assets/images/hotels/rooms/6a4bbc836edae41ec95b90a64c27de43.jpg,MED,App\Models\Hotels\Room,507,room-image,2026-08-12 11:27:11,2026-08-12 11:27:11
3809065,image,https://cdn.bookmepk.com/sky/assets/images/hotels/rooms/e5ee10cceae3e306382cd2fa1c3910aa.jpg,MED,App\Models\Hotels\Room,508,room-image,2026-08-12 11:27:12,2026-08-12 11:27:12
3809066,image,https://cdn.bookmepk.com/sky/assets/images/hotels/rooms/2b0b220ad1fa60c721f1d998691431c1.jpg,MED,App\Models\Hotels\Room,508,room-image,2026-08-12 11:27:12,2026-08-12 11:27:12
3809067,image,https://cdn.bookmepk.com/sky/assets/images/hotels/rooms/8eca5126716b5822f533237b294d0686.jpg,MED,App\Models\Hotels\Room,508,room-image,2026-08-12 11:27:12,2026-08-12 11:27:12
3809068,image,https://cdn.bookmepk.com/sky/assets/images/hotels/rooms/345109c1505674f4768a7f180c928f56.jpg,MED,App\Models\Hotels\Room,508,room-image,2026-08-12 11:27:12,2026-08-12 11:27:12
3809069,image,https://cdn.bookmepk.com/sky/assets/images/hotels/rooms/e5ee10cceae3e306382cd2fa1c3910aa.jpg,MED,App\Models\Hotels\Room,511,room-image,2026-08-12 11:27:12,2026-08-12 11:27:12
3809070,image,https://cdn.bookmepk.com/sky/assets/images/hotels/rooms/2b0b220ad1fa60c721f1d998691431c1.jpg,MED,App\Models\Hotels\Room,511,room-image,2026-08-12 11:27:12,2026-08-12 11:27:12
3809071,image,https://cdn.bookmepk.com/sky/assets/images/hotels/rooms/8eca5126716b5822f533237b294d0686.jpg,MED,App\Models\Hotels\Room,511,room-image,2026-08-12 11:27:12,2026-08-12 11:27:12
3809072,image,https://cdn.bookmepk.com/sky/assets/images/hotels/rooms/345109c1505674f4768a7f180c928f56.jpg,MED,App\Models\Hotels\Room,511,room-image,2026-08-12 11:27:13,2026-08-12 11:27:13
3809105,image,https://cdn.bookmepk.com/sky/assets/images/hotels/rooms/fff37c983589248c5b194e171f26590e.jpg,MED,App\Models\Hotels\Room,512,room-image,2026-08-12 11:27:15,2026-08-12 11:27:15
3809106,image,https://cdn.bookmepk.com/sky/assets/images/hotels/rooms/8f28e74138fad41c2bc7f296d323a501.jpg,MED,App\Models\Hotels\Room,512,room-image,2026-08-12 11:27:15,2026-08-12 11:27:15
3809107,image,https://cdn.bookmepk.com/sky/assets/images/hotels/rooms/8ec6c2c977364227ea1fad9226a274ba.jpg,MED,App\Models\Hotels\Room,512,room-image,2026-08-12 11:27:15,2026-08-12 11:27:15
3809108,image,https://cdn.bookmepk.com/sky/assets/images/hotels/rooms/6a4bbc836edae41ec95b90a64c27de43.jpg,MED,App\Models\Hotels\Room,512,room-image,2026-08-12 11:27:15,2026-08-12 11:27:15
3809073,image,https://cdn.bookmepk.com/sky/assets/images/hotels/rooms/22faac3c35d348b71a5a5f7d5df85839.jpg,MED,App\Models\Hotels\Room,513,room-image,2026-08-12 11:27:13,2026-08-12 11:27:13
3809074,image,https://cdn.bookmepk.com/sky/assets/images/hotels/rooms/8f28e74138fad41c2bc7f296d323a501.jpg,MED,App\Models\Hotels\Room,513,room-image,2026-08-12 11:27:13,2026-08-12 11:27:13
3809075,image,https://cdn.bookmepk.com/sky/assets/images/hotels/rooms/b3c9f1c990f22e7d108d5a96aeac3440.jpg,MED,App\Models\Hotels\Room,513,room-image,2026-08-12 11:27:13,2026-08-12 11:27:13
3809076,image,https://cdn.bookmepk.com/sky/assets/images/hotels/rooms/08957a7b5237e8f765a959fbefe50c82.jpg,MED,App\Models\Hotels\Room,513,room-image,2026-08-12 11:27:13,2026-08-12 11:27:13
3809077,image,https://cdn.bookmepk.com/sky/assets/images/hotels/rooms/5c8996262e129ccf9d1e3865c14bba5a.jpg,MED,App\Models\Hotels\Room,513,room-image,2026-08-12 11:27:13,2026-08-12 11:27:13
3809078,image,https://cdn.bookmepk.com/sky/assets/images/hotels/rooms/22faac3c35d348b71a5a5f7d5df85839.jpg,MED,App\Models\Hotels\Room,514,room-image,2026-08-12 11:27:13,2026-08-12 11:27:13
3809079,image,https://cdn.bookmepk.com/sky/assets/images/hotels/rooms/8f28e74138fad41c2bc7f296d323a501.jpg,MED,App\Models\Hotels\Room,514,room-image,2026-08-12 11:27:13,2026-08-12 11:27:13
3809080,image,https://cdn.bookmepk.com/sky/assets/images/hotels/rooms/b3c9f1c990f22e7d108d5a96aeac3440.jpg,MED,App\Models\Hotels\Room,514,room-image,2026-08-12 11:27:13,2026-08-12 11:27:13
3809081,image,https://cdn.bookmepk.com/sky/assets/images/hotels/rooms/08957a7b5237e8f765a959fbefe50c82.jpg,MED,App\Models\Hotels\Room,514,room-image,2026-08-12 11:27:13,2026-08-12 11:27:13
3809082,image,https://cdn.bookmepk.com/sky/assets/images/hotels/rooms/5c8996262e129ccf9d1e3865c14bba5a.jpg,MED,App\Models\Hotels\Room,514,room-image,2026-08-12 11:27:13,2026-08-12 11:27:13
3809087,image,https://cdn.bookmepk.com/sky/assets/images/hotels/rooms/fff37c983589248c5b194e171f26590e.jpg,MED,App\Models\Hotels\Room,515,room-image,2026-08-12 11:27:14,2026-08-12 11:27:14
3809088,image,https://cdn.bookmepk.com/sky/assets/images/hotels/rooms/8f28e74138fad41c2bc7f296d323a501.jpg,MED,App\Models\Hotels\Room,515,room-image,2026-08-12 11:27:14,2026-08-12 11:27:14
3809089,image,https://cdn.bookmepk.com/sky/assets/images/hotels/rooms/8ec6c2c977364227ea1fad9226a274ba.jpg,MED,App\Models\Hotels\Room,515,room-image,2026-08-12 11:27:14,2026-08-12 11:27:14
3809090,image,https://cdn.bookmepk.com/sky/assets/images/hotels/rooms/6a4bbc836edae41ec95b90a64c27de43.jpg,MED,App\Models\Hotels\Room,515,room-image,2026-08-12 11:27:14,2026-08-12 11:27:14
3809096,image,https://cdn.bookmepk.com/sky/assets/images/hotels/rooms/fff37c983589248c5b194e171f26590e.jpg,MED,App\Models\Hotels\Room,516,room-image,2026-08-12 11:27:14,2026-08-12 11:27:14
3809097,image,https://cdn.bookmepk.com/sky/assets/images/hotels/rooms/8f28e74138fad41c2bc7f296d323a501.jpg,MED,App\Models\Hotels\Room,516,room-image,2026-08-12 11:27:14,2026-08-12 11:27:14
3809098,image,https://cdn.bookmepk.com/sky/assets/images/hotels/rooms/8ec6c2c977364227ea1fad9226a274ba.jpg,MED,App\Models\Hotels\Room,516,room-image,2026-08-12 11:27:14,2026-08-12 11:27:14
3809099,image,https://cdn.bookmepk.com/sky/assets/images/hotels/rooms/6a4bbc836edae41ec95b90a64c27de43.jpg,MED,App\Models\Hotels\Room,516,room-image,2026-08-12 11:27:15,2026-08-12 11:27:15
3809100,image,https://cdn.bookmepk.com/sky/assets/images/hotels/rooms/3d780520b03a1acb6da6794779a7bb8d.jpg,MED,App\Models\Hotels\Room,517,room-image,2026-08-12 11:27:15,2026-08-12 11:27:15
3809101,image,https://cdn.bookmepk.com/sky/assets/images/hotels/rooms/81c85eac6005c92da9678754eb174fb7.jpg,MED,App\Models\Hotels\Room,517,room-image,2026-08-12 11:27:15,2026-08-12 11:27:15
3809102,image,https://cdn.bookmepk.com/sky/assets/images/hotels/rooms/f44894b2755c34ae54d2ff6db1cee8df.jpg,MED,App\Models\Hotels\Room,517,room-image,2026-08-12 11:27:15,2026-08-12 11:27:15
3809103,image,https://cdn.bookmepk.com/sky/assets/images/hotels/rooms/a371bf44fff92b1d7a784e5149f57d33.jpg,MED,App\Models\Hotels\Room,517,room-image,2026-08-12 11:27:15,2026-08-12 11:27:15
3809104,image,https://cdn.bookmepk.com/sky/assets/images/hotels/rooms/ddf17f22d075758003cdb652d7a0e149.jpg,MED,App\Models\Hotels\Room,517,room-image,2026-08-12 11:27:15,2026-08-12 11:27:15
3809109,image,https://cdn.bookmepk.com/sky/assets/images/hotels/rooms/fff37c983589248c5b194e171f26590e.jpg,MED,App\Models\Hotels\Room,518,room-image,2026-08-12 11:27:15,2026-08-12 11:27:15
3809110,image,https://cdn.bookmepk.com/sky/assets/images/hotels/rooms/8f28e74138fad41c2bc7f296d323a501.jpg,MED,App\Models\Hotels\Room,518,room-image,2026-08-12 11:27:15,2026-08-12 11:27:15
3809111,image,https://cdn.bookmepk.com/sky/assets/images/hotels/rooms/8ec6c2c977364227ea1fad9226a274ba.jpg,MED,App\Models\Hotels\Room,518,room-image,2026-08-12 11:27:16,2026-08-12 11:27:16
3809112,image,https://cdn.bookmepk.com/sky/assets/images/hotels/rooms/6a4bbc836edae41ec95b90a64c27de43.jpg,MED,App\Models\Hotels\Room,518,room-image,2026-08-12 11:27:16,2026-08-12 11:27:16
3809113,image,https://cdn.bookmepk.com/sky/assets/images/hotels/rooms/fff37c983589248c5b194e171f26590e.jpg,MED,App\Models\Hotels\Room,519,room-image,2026-08-12 11:27:16,2026-08-12 11:27:16
3809114,image,https://cdn.bookmepk.com/sky/assets/images/hotels/rooms/8f28e74138fad41c2bc7f296d323a501.jpg,MED,App\Models\Hotels\Room,519,room-image,2026-08-12 11:27:16,2026-08-12 11:27:16
3809115,image,https://cdn.bookmepk.com/sky/assets/images/hotels/rooms/8ec6c2c977364227ea1fad9226a274ba.jpg,MED,App\Models\Hotels\Room,519,room-image,2026-08-12 11:27:16,2026-08-12 11:27:16
3809116,image,https://cdn.bookmepk.com/sky/assets/images/hotels/rooms/6a4bbc836edae41ec95b90a64c27de43.jpg,MED,App\Models\Hotels\Room,519,room-image,2026-08-12 11:27:16,2026-08-12 11:27:16
3808712,image,https://cdn.bookmepk.com/sky/assets/images/hotels/rooms/8d2b0730004bf5bfad9a1a93c41157cd.jpg,MED,App\Models\Hotels\Room,520,room-image,2026-08-11 11:33:17,2026-08-11 11:33:17
3808713,image,https://cdn.bookmepk.com/sky/assets/images/hotels/rooms/2b0b220ad1fa60c721f1d998691431c1.jpg,MED,App\Models\Hotels\Room,520,room-image,2026-08-11 11:33:17,2026-08-11 11:33:17
3808714,image,https://cdn.bookmepk.com/sky/assets/images/hotels/rooms/82e8f4ebe3812f939a856104e6b9246f.jpg,MED,App\Models\Hotels\Room,520,room-image,2026-08-11 11:33:18,2026-08-11 11:33:18
3808715,image,https://cdn.bookmepk.com/sky/assets/images/hotels/rooms/345109c1505674f4768a7f180c928f56.jpg,MED,App\Models\Hotels\Room,520,room-image,2026-08-11 11:33:18,2026-08-11 11:33:18
3809126,image,https://cdn.bookmepk.com/sky/assets/images/hotels/rooms/fff37c983589248c5b194e171f26590e.jpg,MED,App\Models\Hotels\Room,521,room-image,2026-08-12 11:27:17,2026-08-12 11:27:17
3809127,image,https://cdn.bookmepk.com/sky/assets/images/hotels/rooms/8f28e74138fad41c2bc7f296d323a501.jpg,MED,App\Models\Hotels\Room,521,room-image,2026-08-12 11:27:17,2026-08-12 11:27:17
3809128,image,https://cdn.bookmepk.com/sky/assets/images/hotels/rooms/8ec6c2c977364227ea1fad9226a274ba.jpg,MED,App\Models\Hotels\Room,521,room-image,2026-08-12 11:27:17,2026-08-12 11:27:17
3809129,image,https://cdn.bookmepk.com/sky/assets/images/hotels/rooms/6a4bbc836edae41ec95b90a64c27de43.jpg,MED,App\Models\Hotels\Room,521,room-image,2026-08-12 11:27:17,2026-08-12 11:27:17
3809130,image,https://cdn.bookmepk.com/sky/assets/images/hotels/rooms/8d2b0730004bf5bfad9a1a93c41157cd.jpg,MED,App\Models\Hotels\Room,522,room-image,2026-08-12 11:27:17,2026-08-12 11:27:17
3809131,image,https://cdn.bookmepk.com/sky/assets/images/hotels/rooms/2b0b220ad1fa60c721f1d998691431c1.jpg,MED,App\Models\Hotels\Room,522,room-image,2026-08-12 11:27:17,2026-08-12 11:27:17
3809132,image,https://cdn.bookmepk.com/sky/assets/images/hotels/rooms/82e8f4ebe3812f939a856104e6b9246f.jpg,MED,App\Models\Hotels\Room,522,room-image,2026-08-12 11:27:17,2026-08-12 11:27:17
3809133,image,https://cdn.bookmepk.com/sky/assets/images/hotels/rooms/345109c1505674f4768a7f180c928f56.jpg,MED,App\Models\Hotels\Room,522,room-image,2026-08-12 11:27:17,2026-08-12 11:27:17
3809134,image,https://cdn.bookmepk.com/sky/assets/images/hotels/rooms/8d2b0730004bf5bfad9a1a93c41157cd.jpg,MED,App\Models\Hotels\Room,523,room-image,2026-08-12 11:27:18,2026-08-12 11:27:18
3809135,image,https://cdn.bookmepk.com/sky/assets/images/hotels/rooms/2b0b220ad1fa60c721f1d998691431c1.jpg,MED,App\Models\Hotels\Room,523,room-image,2026-08-12 11:27:18,2026-08-12 11:27:18
3809136,image,https://cdn.bookmepk.com/sky/assets/images/hotels/rooms/82e8f4ebe3812f939a856104e6b9246f.jpg,MED,App\Models\Hotels\Room,523,room-image,2026-08-12 11:27:18,2026-08-12 11:27:18
3809137,image,https://cdn.bookmepk.com/sky/assets/images/hotels/rooms/345109c1505674f4768a7f180c928f56.jpg,MED,App\Models\Hotels\Room,523,room-image,2026-08-12 11:27:18,2026-08-12 11:27:18
3809138,image,https://cdn.bookmepk.com/sky/assets/images/hotels/rooms/3d780520b03a1acb6da6794779a7bb8d.jpg,MED,App\Models\Hotels\Room,524,room-image,2026-08-12 11:27:18,2026-08-12 11:27:18
3809139,image,https://cdn.bookmepk.com/sky/assets/images/hotels/rooms/81c85eac6005c92da9678754eb174fb7.jpg,MED,App\Models\Hotels\Room,524,room-image,2026-08-12 11:27:18,2026-08-12 11:27:18
3809140,image,https://cdn.bookmepk.com/sky/assets/images/hotels/rooms/f44894b2755c34ae54d2ff6db1cee8df.jpg,MED,App\Models\Hotels\Room,524,room-image,2026-08-12 11:27:18,2026-08-12 11:27:18
3809141,image,https://cdn.bookmepk.com/sky/assets/images/hotels/rooms/a371bf44fff92b1d7a784e5149f57d33.jpg,MED,App\Models\Hotels\Room,524,room-image,2026-08-12 11:27:18,2026-08-12 11:27:18
3809142,image,https://cdn.bookmepk.com/sky/assets/images/hotels/rooms/ddf17f22d075758003cdb652d7a0e149.jpg,MED,App\Models\Hotels\Room,524,room-image,2026-08-12 11:27:18,2026-08-12 11:27:18
3809143,image,https://cdn.bookmepk.com/sky/assets/images/hotels/rooms/8d2b0730004bf5bfad9a1a93c41157cd.jpg,MED,App\Models\Hotels\Room,525,room-image,2026-08-12 11:27:18,2026-08-12 11:27:18
3809144,image,https://cdn.bookmepk.com/sky/assets/images/hotels/rooms/2b0b220ad1fa60c721f1d998691431c1.jpg,MED,App\Models\Hotels\Room,525,room-image,2026-08-12 11:27:18,2026-08-12 11:27:18
3809145,image,https://cdn.bookmepk.com/sky/assets/images/hotels/rooms/82e8f4ebe3812f939a856104e6b9246f.jpg,MED,App\Models\Hotels\Room,525,room-image,2026-08-12 11:27:18,2026-08-12 11:27:18
3809146,image,https://cdn.bookmepk.com/sky/assets/images/hotels/rooms/345109c1505674f4768a7f180c928f56.jpg,MED,App\Models\Hotels\Room,525,room-image,2026-08-12 11:27:19,2026-08-12 11:27:19
3809147,image,https://cdn.bookmepk.com/sky/assets/images/hotels/rooms/3d780520b03a1acb6da6794779a7bb8d.jpg,MED,App\Models\Hotels\Room,526,room-image,2026-08-12 11:27:19,2026-08-12 11:27:19
3809148,image,https://cdn.bookmepk.com/sky/assets/images/hotels/rooms/81c85eac6005c92da9678754eb174fb7.jpg,MED,App\Models\Hotels\Room,526,room-image,2026-08-12 11:27:19,2026-08-12 11:27:19
3809149,image,https://cdn.bookmepk.com/sky/assets/images/hotels/rooms/f44894b2755c34ae54d2ff6db1cee8df.jpg,MED,App\Models\Hotels\Room,526,room-image,2026-08-12 11:27:19,2026-08-12 11:27:19
3809150,image,https://cdn.bookmepk.com/sky/assets/images/hotels/rooms/a371bf44fff92b1d7a784e5149f57d33.jpg,MED,App\Models\Hotels\Room,526,room-image,2026-08-12 11:27:19,2026-08-12 11:27:19
3809151,image,https://cdn.bookmepk.com/sky/assets/images/hotels/rooms/ddf17f22d075758003cdb652d7a0e149.jpg,MED,App\Models\Hotels\Room,526,room-image,2026-08-12 11:27:19,2026-08-12 11:27:19
3809152,image,https://cdn.bookmepk.com/sky/assets/images/hotels/rooms/8d2b0730004bf5bfad9a1a93c41157cd.jpg,MED,App\Models\Hotels\Room,527,room-image,2026-08-12 11:27:19,2026-08-12 11:27:19
3809153,image,https://cdn.bookmepk.com/sky/assets/images/hotels/rooms/2b0b220ad1fa60c721f1d998691431c1.jpg,MED,App\Models\Hotels\Room,527,room-image,2026-08-12 11:27:19,2026-08-12 11:27:19
3809154,image,https://cdn.bookmepk.com/sky/assets/images/hotels/rooms/82e8f4ebe3812f939a856104e6b9246f.jpg,MED,App\Models\Hotels\Room,527,room-image,2026-08-12 11:27:20,2026-08-12 11:27:20
3809155,image,https://cdn.bookmepk.com/sky/assets/images/hotels/rooms/345109c1505674f4768a7f180c928f56.jpg,MED,App\Models\Hotels\Room,527,room-image,2026-08-12 11:27:21,2026-08-12 11:27:21
3809156,image,https://cdn.bookmepk.com/sky/assets/images/hotels/rooms/3d780520b03a1acb6da6794779a7bb8d.jpg,MED,App\Models\Hotels\Room,528,room-image,2026-08-12 11:27:21,2026-08-12 11:27:21
3809157,image,https://cdn.bookmepk.com/sky/assets/images/hotels/rooms/81c85eac6005c92da9678754eb174fb7.jpg,MED,App\Models\Hotels\Room,528,room-image,2026-08-12 11:27:21,2026-08-12 11:27:21
3809158,image,https://cdn.bookmepk.com/sky/assets/images/hotels/rooms/f44894b2755c34ae54d2ff6db1cee8df.jpg,MED,App\Models\Hotels\Room,528,room-image,2026-08-12 11:27:21,2026-08-12 11:27:21
3809159,image,https://cdn.bookmepk.com/sky/assets/images/hotels/rooms/a371bf44fff92b1d7a784e5149f57d33.jpg,MED,App\Models\Hotels\Room,528,room-image,2026-08-12 11:27:21,2026-08-12 11:27:21
3809160,image,https://cdn.bookmepk.com/sky/assets/images/hotels/rooms/ddf17f22d075758003cdb652d7a0e149.jpg,MED,App\Models\Hotels\Room,528,room-image,2026-08-12 11:27:21,2026-08-12 11:27:21
3809178,image,https://cdn.bookmepk.com/sky/assets/images/hotels/rooms/8d2b0730004bf5bfad9a1a93c41157cd.jpg,MED,App\Models\Hotels\Room,529,room-image,2026-08-12 11:27:23,2026-08-12 11:27:23
3809179,image,https://cdn.bookmepk.com/sky/assets/images/hotels/rooms/2b0b220ad1fa60c721f1d998691431c1.jpg,MED,App\Models\Hotels\Room,529,room-image,2026-08-12 11:27:23,2026-08-12 11:27:23
3809180,image,https://cdn.bookmepk.com/sky/assets/images/hotels/rooms/82e8f4ebe3812f939a856104e6b9246f.jpg,MED,App\Models\Hotels\Room,529,room-image,2026-08-12 11:27:23,2026-08-12 11:27:23
3809181,image,https://cdn.bookmepk.com/sky/assets/images/hotels/rooms/345109c1505674f4768a7f180c928f56.jpg,MED,App\Models\Hotels\Room,529,room-image,2026-08-12 11:27:23,2026-08-12 11:27:23
3809174,image,https://cdn.bookmepk.com/sky/assets/images/hotels/rooms/8d2b0730004bf5bfad9a1a93c41157cd.jpg,MED,App\Models\Hotels\Room,530,room-image,2026-08-12 11:27:22,2026-08-12 11:27:22
3809175,image,https://cdn.bookmepk.com/sky/assets/images/hotels/rooms/2b0b220ad1fa60c721f1d998691431c1.jpg,MED,App\Models\Hotels\Room,530,room-image,2026-08-12 11:27:22,2026-08-12 11:27:22
3809176,image,https://cdn.bookmepk.com/sky/assets/images/hotels/rooms/82e8f4ebe3812f939a856104e6b9246f.jpg,MED,App\Models\Hotels\Room,530,room-image,2026-08-12 11:27:22,2026-08-12 11:27:22
3809177,image,https://cdn.bookmepk.com/sky/assets/images/hotels/rooms/345109c1505674f4768a7f180c928f56.jpg,MED,App\Models\Hotels\Room,530,room-image,2026-08-12 11:27:22,2026-08-12 11:27:22
3809182,image,https://cdn.bookmepk.com/sky/assets/images/hotels/rooms/bbb422c2d92563c13621b654dd6646bd.jpg,MED,App\Models\Hotels\Room,531,room-image,2026-08-12 11:27:23,2026-08-12 11:27:23
3809183,image,https://cdn.bookmepk.com/sky/assets/images/hotels/rooms/b38f761c946fd0d07d04cfcccdb4e355.jpg,MED,App\Models\Hotels\Room,531,room-image,2026-08-12 11:27:23,2026-08-12 11:27:23
3809184,image,https://cdn.bookmepk.com/sky/assets/images/hotels/rooms/f19c6399d7d069e617b8f1a9c0ad2830.jpg,MED,App\Models\Hotels\Room,531,room-image,2026-08-12 11:27:23,2026-08-12 11:27:23
3809185,image,https://cdn.bookmepk.com/sky/assets/images/hotels/rooms/4b341c771d2d2422118158719036de0c.jpg,MED,App\Models\Hotels\Room,531,room-image,2026-08-12 11:27:23,2026-08-12 11:27:23
3809186,image,https://cdn.bookmepk.com/sky/assets/images/hotels/rooms/95566e35db34b1c58f6afc8f19b42f74.jpg,MED,App\Models\Hotels\Room,531,room-image,2026-08-12 11:27:23,2026-08-12 11:27:23
3809187,image,https://cdn.bookmepk.com/sky/assets/images/hotels/rooms/bbb422c2d92563c13621b654dd6646bd.jpg,MED,App\Models\Hotels\Room,533,room-image,2026-08-12 11:27:23,2026-08-12 11:27:23
3809188,image,https://cdn.bookmepk.com/sky/assets/images/hotels/rooms/b38f761c946fd0d07d04cfcccdb4e355.jpg,MED,App\Models\Hotels\Room,533,room-image,2026-08-12 11:27:23,2026-08-12 11:27:23
3809189,image,https://cdn.bookmepk.com/sky/assets/images/hotels/rooms/f19c6399d7d069e617b8f1a9c0ad2830.jpg,MED,App\Models\Hotels\Room,533,room-image,2026-08-12 11:27:24,2026-08-12 11:27:24
3809190,image,https://cdn.bookmepk.com/sky/assets/images/hotels/rooms/4b341c771d2d2422118158719036de0c.jpg,MED,App\Models\Hotels\Room,533,room-image,2026-08-12 11:27:24,2026-08-12 11:27:24
3809191,image,https://cdn.bookmepk.com/sky/assets/images/hotels/rooms/95566e35db34b1c58f6afc8f19b42f74.jpg,MED,App\Models\Hotels\Room,533,room-image,2026-08-12 11:27:24,2026-08-12 11:27:24
3809192,image,https://cdn.bookmepk.com/sky/assets/images/hotels/rooms/bbb422c2d92563c13621b654dd6646bd.jpg,MED,App\Models\Hotels\Room,534,room-image,2026-08-12 11:27:24,2026-08-12 11:27:24
3809193,image,https://cdn.bookmepk.com/sky/assets/images/hotels/rooms/b38f761c946fd0d07d04cfcccdb4e355.jpg,MED,App\Models\Hotels\Room,534,room-image,2026-08-12 11:27:24,2026-08-12 11:27:24
3809194,image,https://cdn.bookmepk.com/sky/assets/images/hotels/rooms/f19c6399d7d069e617b8f1a9c0ad2830.jpg,MED,App\Models\Hotels\Room,534,room-image,2026-08-12 11:27:24,2026-08-12 11:27:24
3809195,image,https://cdn.bookmepk.com/sky/assets/images/hotels/rooms/4b341c771d2d2422118158719036de0c.jpg,MED,App\Models\Hotels\Room,534,room-image,2026-08-12 11:27:24,2026-08-12 11:27:24
3809196,image,https://cdn.bookmepk.com/sky/assets/images/hotels/rooms/95566e35db34b1c58f6afc8f19b42f74.jpg,MED,App\Models\Hotels\Room,534,room-image,2026-08-12 11:27:24,2026-08-12 11:27:24
3809202,image,https://cdn.bookmepk.com/sky/assets/images/hotels/rooms/bbb422c2d92563c13621b654dd6646bd.jpg,MED,App\Models\Hotels\Room,536,room-image,2026-08-12 11:27:25,2026-08-12 11:27:25
3809203,image,https://cdn.bookmepk.com/sky/assets/images/hotels/rooms/b38f761c946fd0d07d04cfcccdb4e355.jpg,MED,App\Models\Hotels\Room,536,room-image,2026-08-12 11:27:25,2026-08-12 11:27:25
3809204,image,https://cdn.bookmepk.com/sky/assets/images/hotels/rooms/f19c6399d7d069e617b8f1a9c0ad2830.jpg,MED,App\Models\Hotels\Room,536,room-image,2026-08-12 11:27:25,2026-08-12 11:27:25
3809205,image,https://cdn.bookmepk.com/sky/assets/images/hotels/rooms/4b341c771d2d2422118158719036de0c.jpg,MED,App\Models\Hotels\Room,536,room-image,2026-08-12 11:27:25,2026-08-12 11:27:25
3809206,image,https://cdn.bookmepk.com/sky/assets/images/hotels/rooms/95566e35db34b1c58f6afc8f19b42f74.jpg,MED,App\Models\Hotels\Room,536,room-image,2026-08-12 11:27:25,2026-08-12 11:27:25
3809207,image,https://cdn.bookmepk.com/sky/assets/images/hotels/rooms/ec5cc88020b98ba1f5c46f84e336b880.jpg,MED,App\Models\Hotels\Room,537,room-image,2026-08-12 11:27:25,2026-08-12 11:27:25
3809208,image,https://cdn.bookmepk.com/sky/assets/images/hotels/rooms/88e5cf9a6b9284c986ee08ebbe428c3f.jpg,MED,App\Models\Hotels\Room,537,room-image,2026-08-12 11:27:25,2026-08-12 11:27:25
3809209,image,https://cdn.bookmepk.com/sky/assets/images/hotels/rooms/e3b84aa59b9e9b129dddf9a50786026d.jpg,MED,App\Models\Hotels\Room,537,room-image,2026-08-12 11:27:25,2026-08-12 11:27:25
3809210,image,https://cdn.bookmepk.com/sky/assets/images/hotels/rooms/8a4b1d1ef34acbae440f2f45b6448b64.jpg,MED,App\Models\Hotels\Room,537,room-image,2026-08-12 11:27:25,2026-08-12 11:27:25
3809211,image,https://cdn.bookmepk.com/sky/assets/images/hotels/rooms/2c721e4fbe1f2d86e470373eb18c1561.jpg,MED,App\Models\Hotels\Room,537,room-image,2026-08-12 11:27:25,2026-08-12 11:27:25
3809212,image,https://cdn.bookmepk.com/sky/assets/images/hotels/rooms/ec5cc88020b98ba1f5c46f84e336b880.jpg,MED,App\Models\Hotels\Room,538,room-image,2026-08-12 11:27:25,2026-08-12 11:27:25
3809213,image,https://cdn.bookmepk.com/sky/assets/images/hotels/rooms/88e5cf9a6b9284c986ee08ebbe428c3f.jpg,MED,App\Models\Hotels\Room,538,room-image,2026-08-12 11:27:25,2026-08-12 11:27:25
3809214,image,https://cdn.bookmepk.com/sky/assets/images/hotels/rooms/e3b84aa59b9e9b129dddf9a50786026d.jpg,MED,App\Models\Hotels\Room,538,room-image,2026-08-12 11:27:26,2026-08-12 11:27:26
3809215,image,https://cdn.bookmepk.com/sky/assets/images/hotels/rooms/8a4b1d1ef34acbae440f2f45b6448b64.jpg,MED,App\Models\Hotels\Room,538,room-image,2026-08-12 11:27:26,2026-08-12 11:27:26
3809216,image,https://cdn.bookmepk.com/sky/assets/images/hotels/rooms/2c721e4fbe1f2d86e470373eb18c1561.jpg,MED,App\Models\Hotels\Room,538,room-image,2026-08-12 11:27:26,2026-08-12 11:27:26
3809222,image,https://cdn.bookmepk.com/sky/assets/images/hotels/rooms/ec5cc88020b98ba1f5c46f84e336b880.jpg,MED,App\Models\Hotels\Room,539,room-image,2026-08-12 11:27:26,2026-08-12 11:27:26
3809223,image,https://cdn.bookmepk.com/sky/assets/images/hotels/rooms/88e5cf9a6b9284c986ee08ebbe428c3f.jpg,MED,App\Models\Hotels\Room,539,room-image,2026-08-12 11:27:26,2026-08-12 11:27:26
3809224,image,https://cdn.bookmepk.com/sky/assets/images/hotels/rooms/e3b84aa59b9e9b129dddf9a50786026d.jpg,MED,App\Models\Hotels\Room,539,room-image,2026-08-12 11:27:26,2026-08-12 11:27:26
3809225,image,https://cdn.bookmepk.com/sky/assets/images/hotels/rooms/8a4b1d1ef34acbae440f2f45b6448b64.jpg,MED,App\Models\Hotels\Room,539,room-image,2026-08-12 11:27:26,2026-08-12 11:27:26
3809226,image,https://cdn.bookmepk.com/sky/assets/images/hotels/rooms/2c721e4fbe1f2d86e470373eb18c1561.jpg,MED,App\Models\Hotels\Room,539,room-image,2026-08-12 11:27:26,2026-08-12 11:27:26
3809237,image,https://cdn.bookmepk.com/sky/assets/images/hotels/rooms/cd3a6439b93caaa6e2c59d9815441ba6.jpg,MED,App\Models\Hotels\Room,542,room-image,2026-08-12 11:27:27,2026-08-12 11:27:27
3809238,image,https://cdn.bookmepk.com/sky/assets/images/hotels/rooms/8f28e74138fad41c2bc7f296d323a501.jpg,MED,App\Models\Hotels\Room,542,room-image,2026-08-12 11:27:27,2026-08-12 11:27:27
3809239,image,https://cdn.bookmepk.com/sky/assets/images/hotels/rooms/83a7f7e5fd48728b71cd8c31d4b1cf50.jpg,MED,App\Models\Hotels\Room,542,room-image,2026-08-12 11:27:28,2026-08-12 11:27:28
3809240,image,https://cdn.bookmepk.com/sky/assets/images/hotels/rooms/177f7a7a8446500d3981472fc137598a.jpg,MED,App\Models\Hotels\Room,542,room-image,2026-08-12 11:27:28,2026-08-12 11:27:28
3809241,image,https://cdn.bookmepk.com/sky/assets/images/hotels/rooms/74316653ef1064798572c1b5f9b6b7c6.jpg,MED,App\Models\Hotels\Room,542,room-image,2026-08-12 11:27:28,2026-08-12 11:27:28
3808993,image,https://cdn.bookmepk.com/sky/assets/images/hotels/rooms/e5ee10cceae3e306382cd2fa1c3910aa.jpg,MED,App\Models\Hotels\Room,543,room-image,2026-08-12 11:27:06,2026-08-12 11:27:06
3808994,image,https://cdn.bookmepk.com/sky/assets/images/hotels/rooms/2b0b220ad1fa60c721f1d998691431c1.jpg,MED,App\Models\Hotels\Room,543,room-image,2026-08-12 11:27:06,2026-08-12 11:27:06
3808995,image,https://cdn.bookmepk.com/sky/assets/images/hotels/rooms/8eca5126716b5822f533237b294d0686.jpg,MED,App\Models\Hotels\Room,543,room-image,2026-08-12 11:27:06,2026-08-12 11:27:06
3808996,image,https://cdn.bookmepk.com/sky/assets/images/hotels/rooms/345109c1505674f4768a7f180c928f56.jpg,MED,App\Models\Hotels\Room,543,room-image,2026-08-12 11:27:06,2026-08-12 11:27:06
3809242,image,https://cdn.bookmepk.com/sky/assets/images/hotels/rooms/fff37c983589248c5b194e171f26590e.jpg,MED,App\Models\Hotels\Room,544,room-image,2026-08-12 11:27:28,2026-08-12 11:27:28
3809243,image,https://cdn.bookmepk.com/sky/assets/images/hotels/rooms/8f28e74138fad41c2bc7f296d323a501.jpg,MED,App\Models\Hotels\Room,544,room-image,2026-08-12 11:27:28,2026-08-12 11:27:28
3809244,image,https://cdn.bookmepk.com/sky/assets/images/hotels/rooms/8ec6c2c977364227ea1fad9226a274ba.jpg,MED,App\Models\Hotels\Room,544,room-image,2026-08-12 11:27:28,2026-08-12 11:27:28
3809245,image,https://cdn.bookmepk.com/sky/assets/images/hotels/rooms/6a4bbc836edae41ec95b90a64c27de43.jpg,MED,App\Models\Hotels\Room,544,room-image,2026-08-12 11:27:28,2026-08-12 11:27:28
3809122,image,https://cdn.bookmepk.com/sky/assets/images/hotels/rooms/8d2b0730004bf5bfad9a1a93c41157cd.jpg,MED,App\Models\Hotels\Room,545,room-image,2026-08-12 11:27:17,2026-08-12 11:27:17
3809123,image,https://cdn.bookmepk.com/sky/assets/images/hotels/rooms/2b0b220ad1fa60c721f1d998691431c1.jpg,MED,App\Models\Hotels\Room,545,room-image,2026-08-12 11:27:17,2026-08-12 11:27:17
3809124,image,https://cdn.bookmepk.com/sky/assets/images/hotels/rooms/82e8f4ebe3812f939a856104e6b9246f.jpg,MED,App\Models\Hotels\Room,545,room-image,2026-08-12 11:27:17,2026-08-12 11:27:17
3809125,image,https://cdn.bookmepk.com/sky/assets/images/hotels/rooms/345109c1505674f4768a7f180c928f56.jpg,MED,App\Models\Hotels\Room,545,room-image,2026-08-12 11:27:17,2026-08-12 11:27:17
3809246,image,https://cdn.bookmepk.com/sky/assets/images/hotels/rooms/4ed95bdc74791d0073eef9795745059c.jpg,MED,App\Models\Hotels\Room,546,room-image,2026-08-12 11:27:28,2026-08-12 11:27:28
3809247,image,https://cdn.bookmepk.com/sky/assets/images/hotels/rooms/8f28e74138fad41c2bc7f296d323a501.jpg,MED,App\Models\Hotels\Room,546,room-image,2026-08-12 11:27:28,2026-08-12 11:27:28
3809248,image,https://cdn.bookmepk.com/sky/assets/images/hotels/rooms/7163c604820c0e951454d5cc8b7be6fd.jpg,MED,App\Models\Hotels\Room,546,room-image,2026-08-12 11:27:28,2026-08-12 11:27:28
3809249,image,https://cdn.bookmepk.com/sky/assets/images/hotels/rooms/74316653ef1064798572c1b5f9b6b7c6.jpg,MED,App\Models\Hotels\Room,546,room-image,2026-08-12 11:27:28,2026-08-12 11:27:28
3809250,image,https://cdn.bookmepk.com/sky/assets/images/hotels/rooms/0fd2aaeede9ccd11464d0823d97865be.jpg,MED,App\Models\Hotels\Room,546,room-image,2026-08-12 11:27:28,2026-08-12 11:27:28
3808716,image,https://cdn.bookmepk.com/sky/assets/images/hotels/rooms/d3a420ccdb256d59aa343cdb5f05a111.jpg,MED,App\Models\Hotels\Room,555,room-image,2026-08-11 11:33:39,2026-08-11 11:33:39
3808717,image,https://cdn.bookmepk.com/sky/assets/images/hotels/rooms/0d918d412600d0150a5a8c372fb64613.jpg,MED,App\Models\Hotels\Room,555,room-image,2026-08-11 11:33:39,2026-08-11 11:33:39
3808718,image,https://cdn.bookmepk.com/sky/assets/images/hotels/rooms/f145ea95eccb50f4179202ae1c5cd446.jpg,MED,App\Models\Hotels\Room,555,room-image,2026-08-11 11:33:39,2026-08-11 11:33:39
3808719,image,https://cdn.bookmepk.com/sky/assets/images/hotels/rooms/5c82dc3dcfab911d7fe3f4daba2b33e2.jpg,MED,App\Models\Hotels\Room,555,room-image,2026-08-11 11:33:39,2026-08-11 11:33:39
3808720,image,https://cdn.bookmepk.com/sky/assets/images/hotels/rooms/88994c9e1de10df62579e3ce31603e0a.jpg,MED,App\Models\Hotels\Room,555,room-image,2026-08-11 11:33:40,2026-08-11 11:33:40
3808721,image,https://cdn.bookmepk.com/sky/assets/images/hotels/rooms/6e6aa374fe24d4dccad6625a0420b7b7.jpg,MED,App\Models\Hotels\Room,562,room-image,2026-08-11 11:33:41,2026-08-11 11:33:41
3808722,image,https://cdn.bookmepk.com/sky/assets/images/hotels/rooms/0d918d412600d0150a5a8c372fb64613.jpg,MED,App\Models\Hotels\Room,562,room-image,2026-08-11 11:33:41,2026-08-11 11:33:41
3808723,image,https://cdn.bookmepk.com/sky/assets/images/hotels/rooms/edd5ef4b3e3bd869ad3dbfecfdc044be.jpg,MED,App\Models\Hotels\Room,562,room-image,2026-08-11 11:33:42,2026-08-11 11:33:42
3808724,image,https://cdn.bookmepk.com/sky/assets/images/hotels/rooms/bead17508a63edf64d66b255a9f1b763.jpg,MED,App\Models\Hotels\Room,562,room-image,2026-08-11 11:33:42,2026-08-11 11:33:42
3808725,image,https://cdn.bookmepk.com/sky/assets/images/hotels/rooms/7113f09cbeabf1a0e3102d5152523627.jpg,MED,App\Models\Hotels\Room,562,room-image,2026-08-11 11:33:42,2026-08-11 11:33:42
3808726,image,https://cdn.bookmepk.com/sky/assets/images/hotels/rooms/6e6aa374fe24d4dccad6625a0420b7b7.jpg,MED,App\Models\Hotels\Room,566,room-image,2026-08-11 11:33:43,2026-08-11 11:33:43
3808727,image,https://cdn.bookmepk.com/sky/assets/images/hotels/rooms/1c960aeae861d69b2ea92fcf1f4648aa.jpg,MED,App\Models\Hotels\Room,566,room-image,2026-08-11 11:33:43,2026-08-11 11:33:43
3808728,image,https://cdn.bookmepk.com/sky/assets/images/hotels/rooms/1cbf7ae9ef2822b16ca6ec4f96a7ddb2.jpg,MED,App\Models\Hotels\Room,566,room-image,2026-08-11 11:33:43,2026-08-11 11:33:43
3808729,image,https://cdn.bookmepk.com/sky/assets/images/hotels/rooms/cee754dc6b07858c236003ab0c81c109.jpg,MED,App\Models\Hotels\Room,566,room-image,2026-08-11 11:33:43,2026-08-11 11:33:43
3808730,image,https://cdn.bookmepk.com/sky/assets/images/hotels/rooms/59ca34ed2bce612d2feee511d6421cb7.jpg,MED,App\Models\Hotels\Room,566,room-image,2026-08-11 11:33:43,2026-08-11 11:33:43
3808731,image,https://cdn.bookmepk.com/sky/assets/images/hotels/rooms/22e9f8ec0dccfb8191dd49133bb40ddd.jpg,MED,App\Models\Hotels\Room,568,room-image,2026-08-11 11:33:44,2026-08-11 11:33:44
3808732,image,https://cdn.bookmepk.com/sky/assets/images/hotels/rooms/209b0af41a5061d79ee65785c3495b4d.jpg,MED,App\Models\Hotels\Room,568,room-image,2026-08-11 11:33:44,2026-08-11 11:33:44
3808733,image,https://cdn.bookmepk.com/sky/assets/images/hotels/rooms/c2364fdd30a65d03934d05d88fe14732.jpg,MED,App\Models\Hotels\Room,568,room-image,2026-08-11 11:33:44,2026-08-11 11:33:44
3808734,image,https://cdn.bookmepk.com/sky/assets/images/hotels/rooms/092c40b2a385db52b48f1634708eb46b.jpg,MED,App\Models\Hotels\Room,568,room-image,2026-08-11 11:33:44,2026-08-11 11:33:44
3808735,image,https://cdn.bookmepk.com/sky/assets/images/hotels/rooms/6f8575f7858df815c5b5dff1cdf2000a.jpg,MED,App\Models\Hotels\Room,568,room-image,2026-08-11 11:33:44,2026-08-11 11:33:44
3808736,image,https://cdn.bookmepk.com/sky/assets/images/hotels/rooms/5e6c0c2ff13320ed4664101cd949430a.jpg,MED,App\Models\Hotels\Room,575,room-image,2026-08-11 11:33:46,2026-08-11 11:33:46
3808737,image,https://cdn.bookmepk.com/sky/assets/images/hotels/rooms/aeb7177769d8f0660b7c4565ef2d9e18.jpg,MED,App\Models\Hotels\Room,575,room-image,2026-08-11 11:33:46,2026-08-11 11:33:46
3808738,image,https://cdn.bookmepk.com/sky/assets/images/hotels/rooms/88a39f71e2ef66e797a0d0c01211cde0.jpg,MED,App\Models\Hotels\Room,575,room-image,2026-08-11 11:33:46,2026-08-11 11:33:46
3808739,image,https://cdn.bookmepk.com/sky/assets/images/hotels/rooms/1f0f107cf02e3ccdfe5ba6691eaf013e.jpg,MED,App\Models\Hotels\Room,575,room-image,2026-08-11 11:33:46,2026-08-11 11:33:46
3808740,image,https://cdn.bookmepk.com/sky/assets/images/hotels/rooms/3adb6bfda79873111d34420603899f66.jpg,MED,App\Models\Hotels\Room,575,room-image,2026-08-11 11:33:46,2026-08-11 11:33:46
3808741,image,https://cdn.bookmepk.com/sky/assets/images/hotels/rooms/7e00b2eb7c76d47b863c212df7703ccb.jpg,MED,App\Models\Hotels\Room,577,room-image,2026-08-11 11:33:47,2026-08-11 11:33:47
3808742,image,https://cdn.bookmepk.com/sky/assets/images/hotels/rooms/54c1f8413b0c2682e4c2c550a96b155e.jpg,MED,App\Models\Hotels\Room,577,room-image,2026-08-11 11:33:47,2026-08-11 11:33:47
3808743,image,https://cdn.bookmepk.com/sky/assets/images/hotels/rooms/412e6af8776af1c9fb75454ca7096062.jpg,MED,App\Models\Hotels\Room,577,room-image,2026-08-11 11:33:47,2026-08-11 11:33:47
3808744,image,https://cdn.bookmepk.com/sky/assets/images/hotels/rooms/17756b65d496b06bab6dd2c381b9e73c.jpg,MED,App\Models\Hotels\Room,577,room-image,2026-08-11 11:33:47,2026-08-11 11:33:47
3808745,image,https://cdn.bookmepk.com/sky/assets/images/hotels/rooms/934bfee31f00523eb15f25ae7d5cf3ee.jpg,MED,App\Models\Hotels\Room,577,room-image,2026-08-11 11:33:47,2026-08-11 11:33:47
3808746,image,https://cdn.bookmepk.com/sky/assets/images/hotels/rooms/62d2679051b2bed64f48e51baf4021be.jpg,MED,App\Models\Hotels\Room,580,room-image,2026-08-11 11:33:48,2026-08-11 11:33:48
3808747,image,https://cdn.bookmepk.com/sky/assets/images/hotels/rooms/022b65e38ebb2838d241d14fb2ea10e2.jpg,MED,App\Models\Hotels\Room,580,room-image,2026-08-11 11:33:48,2026-08-11 11:33:48
3808748,image,https://cdn.bookmepk.com/sky/assets/images/hotels/rooms/297e3feff15e6537875f9b1625bcf8b9.jpg,MED,App\Models\Hotels\Room,580,room-image,2026-08-11 11:33:48,2026-08-11 11:33:48
3808749,image,https://cdn.bookmepk.com/sky/assets/images/hotels/rooms/95d4899ee50304425ebc44a5671ce855.jpg,MED,App\Models\Hotels\Room,580,room-image,2026-08-11 11:33:48,2026-08-11 11:33:48
3808750,image,https://cdn.bookmepk.com/sky/assets/images/hotels/rooms/470a55e6e0ee26bc3c2776cbd1248142.jpg,MED,App\Models\Hotels\Room,580,room-image,2026-08-11 11:33:49,2026-08-11 11:33:49
3808751,image,https://cdn.bookmepk.com/sky/assets/images/hotels/rooms/5e6c0c2ff13320ed4664101cd949430a.jpg,MED,App\Models\Hotels\Room,585,room-image,2026-08-11 11:33:50,2026-08-11 11:33:50
3808752,image,https://cdn.bookmepk.com/sky/assets/images/hotels/rooms/209b0af41a5061d79ee65785c3495b4d.jpg,MED,App\Models\Hotels\Room,585,room-image,2026-08-11 11:33:50,2026-08-11 11:33:50
3808753,image,https://cdn.bookmepk.com/sky/assets/images/hotels/rooms/9e082f9a6d9d28c804757cc0f5973825.jpg,MED,App\Models\Hotels\Room,585,room-image,2026-08-11 11:33:50,2026-08-11 11:33:50
3808754,image,https://cdn.bookmepk.com/sky/assets/images/hotels/rooms/c2364fdd30a65d03934d05d88fe14732.jpg,MED,App\Models\Hotels\Room,585,room-image,2026-08-11 11:33:50,2026-08-11 11:33:50
3808755,image,https://cdn.bookmepk.com/sky/assets/images/hotels/rooms/a6dfb01d0a064f07afd43c71a2794209.jpg,MED,App\Models\Hotels\Room,585,room-image,2026-08-11 11:33:50,2026-08-11 11:33:50
3808756,image,https://cdn.bookmepk.com/sky/assets/images/hotels/rooms/e21790ae480ac546be15c805893f82e2.jpg,MED,App\Models\Hotels\Room,589,room-image,2026-08-11 11:34:06,2026-08-11 11:34:06
3808757,image,https://cdn.bookmepk.com/sky/assets/images/hotels/rooms/ed48cb1b860f7492843de838e4184cfd.jpg,MED,App\Models\Hotels\Room,589,room-image,2026-08-11 11:34:06,2026-08-11 11:34:06
3808758,image,https://cdn.bookmepk.com/sky/assets/images/hotels/rooms/b1c6389b41bdbd4ba808be1da9bd557a.jpg,MED,App\Models\Hotels\Room,589,room-image,2026-08-11 11:34:06,2026-08-11 11:34:06
3808759,image,https://cdn.bookmepk.com/sky/assets/images/hotels/rooms/74a052bd82e3c6e24bd783537f56af9a.jpg,MED,App\Models\Hotels\Room,589,room-image,2026-08-11 11:34:07,2026-08-11 11:34:07
3808760,image,https://cdn.bookmepk.com/sky/assets/images/hotels/rooms/554c78e8c8ba557fb10e3ab2060e8787.jpg,MED,App\Models\Hotels\Room,589,room-image,2026-08-11 11:34:07,2026-08-11 11:34:07
3808761,image,https://cdn.bookmepk.com/sky/assets/images/hotels/rooms/3854a544e6b2999b2e3fb9f456f67b06.jpg,MED,App\Models\Hotels\Room,615,room-image,2026-08-11 11:34:11,2026-08-11 11:34:11
3808762,image,https://cdn.bookmepk.com/sky/assets/images/hotels/rooms/ed48cb1b860f7492843de838e4184cfd.jpg,MED,App\Models\Hotels\Room,615,room-image,2026-08-11 11:34:11,2026-08-11 11:34:11
3808763,image,https://cdn.bookmepk.com/sky/assets/images/hotels/rooms/c915cdd682888ad05fd054a2efbebc44.jpg,MED,App\Models\Hotels\Room,615,room-image,2026-08-11 11:34:11,2026-08-11 11:34:11
3808764,image,https://cdn.bookmepk.com/sky/assets/images/hotels/rooms/2e2e3e84364f205ac8f6c5b0f496b962.jpg,MED,App\Models\Hotels\Room,615,room-image,2026-08-11 11:34:12,2026-08-11 11:34:12
3808765,image,https://cdn.bookmepk.com/sky/assets/images/hotels/rooms/68d43551f4dc357e922ec45d025cd646.jpg,MED,App\Models\Hotels\Room,615,room-image,2026-08-11 11:34:12,2026-08-11 11:34:12
3808766,image,https://cdn.bookmepk.com/sky/assets/images/hotels/rooms/c2695bda5cbdc6d8f14b8506380bd3e9.jpg,MED,App\Models\Hotels\Room,616,room-image,2026-08-11 11:34:12,2026-08-11 11:34:12
3808767,image,https://cdn.bookmepk.com/sky/assets/images/hotels/rooms/087b6699feb8b8b129f4e89793f89734.jpg,MED,App\Models\Hotels\Room,616,room-image,2026-08-11 11:34:12,2026-08-11 11:34:12
3808768,image,https://cdn.bookmepk.com/sky/assets/images/hotels/rooms/f776fc511eb931324d6a328dc4f487ec.jpg,MED,App\Models\Hotels\Room,616,room-image,2026-08-11 11:34:12,2026-08-11 11:34:12
3808769,image,https://cdn.bookmepk.com/sky/assets/images/hotels/rooms/68d43551f4dc357e922ec45d025cd646.jpg,MED,App\Models\Hotels\Room,616,room-image,2026-08-11 11:34:13,2026-08-11 11:34:13
3808770,image,https://cdn.bookmepk.com/sky/assets/images/hotels/rooms/ed48cb1b860f7492843de838e4184cfd.jpg,MED,App\Models\Hotels\Room,616,room-image,2026-08-11 11:34:13,2026-08-11 11:34:13
3808771,image,https://cdn.bookmepk.com/sky/assets/images/hotels/rooms/ddf0eb805ca3bb1adc90c213967e3abf.jpg,MED,App\Models\Hotels\Room,617,room-image,2026-08-11 11:34:13,2026-08-11 11:34:13
3808772,image,https://cdn.bookmepk.com/sky/assets/images/hotels/rooms/bd83d26e5428aed1dc46b434089e924a.jpg,MED,App\Models\Hotels\Room,617,room-image,2026-08-11 11:34:13,2026-08-11 11:34:13
3808773,image,https://cdn.bookmepk.com/sky/assets/images/hotels/rooms/76f187880a449b0d8771d3d5850a3a69.jpg,MED,App\Models\Hotels\Room,617,room-image,2026-08-11 11:34:13,2026-08-11 11:34:13
3808774,image,https://cdn.bookmepk.com/sky/assets/images/hotels/rooms/bc09f28aa7581843890bfd402d347c47.jpg,MED,App\Models\Hotels\Room,617,room-image,2026-08-11 11:34:14,2026-08-11 11:34:14
3808775,image,https://cdn.bookmepk.com/sky/assets/images/hotels/rooms/ed48cb1b860f7492843de838e4184cfd.jpg,MED,App\Models\Hotels\Room,617,room-image,2026-08-11 11:34:14,2026-08-11 11:34:14
3808776,image,https://cdn.bookmepk.com/sky/assets/images/hotels/rooms/e21790ae480ac546be15c805893f82e2.jpg,MED,App\Models\Hotels\Room,622,room-image,2026-08-11 11:34:15,2026-08-11 11:34:15
3808777,image,https://cdn.bookmepk.com/sky/assets/images/hotels/rooms/b004b0b18b2f666f07d37d2a3a7df9b0.jpg,MED,App\Models\Hotels\Room,622,room-image,2026-08-11 11:34:15,2026-08-11 11:34:15
3808778,image,https://cdn.bookmepk.com/sky/assets/images/hotels/rooms/bc09f28aa7581843890bfd402d347c47.jpg,MED,App\Models\Hotels\Room,622,room-image,2026-08-11 11:34:16,2026-08-11 11:34:16
3808779,image,https://cdn.bookmepk.com/sky/assets/images/hotels/rooms/15304cbbedf39ad7f2b07fb99ffe2d35.jpg,MED,App\Models\Hotels\Room,622,room-image,2026-08-11 11:34:16,2026-08-11 11:34:16
3808780,image,https://cdn.bookmepk.com/sky/assets/images/hotels/rooms/120b15d3c5ac49b33cd0f63b74c8b8f7.jpg,MED,App\Models\Hotels\Room,622,room-image,2026-08-11 11:34:16,2026-08-11 11:34:16
3808781,image,https://cdn.bookmepk.com/sky/assets/images/hotels/rooms/97b89d75ddc758b1b605755c254f75aa.jpg,MED,App\Models\Hotels\Room,625,room-image,2026-08-11 11:34:17,2026-08-11 11:34:17
3808782,image,https://cdn.bookmepk.com/sky/assets/images/hotels/rooms/b004b0b18b2f666f07d37d2a3a7df9b0.jpg,MED,App\Models\Hotels\Room,625,room-image,2026-08-11 11:34:17,2026-08-11 11:34:17
3808783,image,https://cdn.bookmepk.com/sky/assets/images/hotels/rooms/68d43551f4dc357e922ec45d025cd646.jpg,MED,App\Models\Hotels\Room,625,room-image,2026-08-11 11:34:17,2026-08-11 11:34:17
3808784,image,https://cdn.bookmepk.com/sky/assets/images/hotels/rooms/15304cbbedf39ad7f2b07fb99ffe2d35.jpg,MED,App\Models\Hotels\Room,625,room-image,2026-08-11 11:34:17,2026-08-11 11:34:17
3808785,image,https://cdn.bookmepk.com/sky/assets/images/hotels/rooms/3d79d26caec53c3951a5929e09c79694.jpg,MED,App\Models\Hotels\Room,625,room-image,2026-08-11 11:34:17,2026-08-11 11:34:17
3808786,image,https://cdn.bookmepk.com/sky/assets/images/hotels/rooms/47fdba29b9f3eafff1336345ac51de4c.jpg,MED,App\Models\Hotels\Room,626,room-image,2026-08-11 11:34:18,2026-08-11 11:34:18
3808787,image,https://cdn.bookmepk.com/sky/assets/images/hotels/rooms/ed48cb1b860f7492843de838e4184cfd.jpg,MED,App\Models\Hotels\Room,626,room-image,2026-08-11 11:34:18,2026-08-11 11:34:18
3808788,image,https://cdn.bookmepk.com/sky/assets/images/hotels/rooms/e21790ae480ac546be15c805893f82e2.jpg,MED,App\Models\Hotels\Room,626,room-image,2026-08-11 11:34:18,2026-08-11 11:34:18
3808789,image,https://cdn.bookmepk.com/sky/assets/images/hotels/rooms/bc09f28aa7581843890bfd402d347c47.jpg,MED,App\Models\Hotels\Room,626,room-image,2026-08-11 11:34:18,2026-08-11 11:34:18
3808790,image,https://cdn.bookmepk.com/sky/assets/images/hotels/rooms/120b15d3c5ac49b33cd0f63b74c8b8f7.jpg,MED,App\Models\Hotels\Room,626,room-image,2026-08-11 11:34:18,2026-08-11 11:34:18
3808791,image,https://cdn.bookmepk.com/sky/assets/images/hotels/rooms/8b4a970d0d35dc321c0c3aef31ea6aca.jpg,MED,App\Models\Hotels\Room,630,room-image,2026-08-11 11:34:19,2026-08-11 11:34:19
3808792,image,https://cdn.bookmepk.com/sky/assets/images/hotels/rooms/ed48cb1b860f7492843de838e4184cfd.jpg,MED,App\Models\Hotels\Room,630,room-image,2026-08-11 11:34:19,2026-08-11 11:34:19
3808793,image,https://cdn.bookmepk.com/sky/assets/images/hotels/rooms/a988019196a28a87e4d9e2749735082b.jpg,MED,App\Models\Hotels\Room,630,room-image,2026-08-11 11:34:19,2026-08-11 11:34:19
3808794,image,https://cdn.bookmepk.com/sky/assets/images/hotels/rooms/c6271343bb3fe244d3afaa460ca9825a.jpg,MED,App\Models\Hotels\Room,630,room-image,2026-08-11 11:34:20,2026-08-11 11:34:20
3808795,image,https://cdn.bookmepk.com/sky/assets/images/hotels/rooms/e21790ae480ac546be15c805893f82e2.jpg,MED,App\Models\Hotels\Room,630,room-image,2026-08-11 11:34:20,2026-08-11 11:34:20
3808796,image,https://cdn.bookmepk.com/sky/assets/images/hotels/rooms/cf6c325474af3e4b1dcc28b14a8c394d.jpg,MED,App\Models\Hotels\Room,631,room-image,2026-08-11 11:34:20,2026-08-11 11:34:20
3808797,image,https://cdn.bookmepk.com/sky/assets/images/hotels/rooms/15304cbbedf39ad7f2b07fb99ffe2d35.jpg,MED,App\Models\Hotels\Room,631,room-image,2026-08-11 11:34:20,2026-08-11 11:34:20
3808798,image,https://cdn.bookmepk.com/sky/assets/images/hotels/rooms/a988019196a28a87e4d9e2749735082b.jpg,MED,App\Models\Hotels\Room,631,room-image,2026-08-11 11:34:20,2026-08-11 11:34:20
3808799,image,https://cdn.bookmepk.com/sky/assets/images/hotels/rooms/68d43551f4dc357e922ec45d025cd646.jpg,MED,App\Models\Hotels\Room,631,room-image,2026-08-11 11:34:20,2026-08-11 11:34:20
3808800,image,https://cdn.bookmepk.com/sky/assets/images/hotels/rooms/df0edd78f1be8a306bdda3d89aa5a1d3.jpg,MED,App\Models\Hotels\Room,631,room-image,2026-08-11 11:34:21,2026-08-11 11:34:21
3808801,image,https://cdn.bookmepk.com/sky/assets/images/hotels/rooms/2ecbb91cc1a47c080f6c72c61bed513e.jpg,MED,App\Models\Hotels\Room,635,room-image,2026-08-11 11:34:21,2026-08-11 11:34:21
3808802,image,https://cdn.bookmepk.com/sky/assets/images/hotels/rooms/bc3a265aa35501410903b78c68866104.jpg,MED,App\Models\Hotels\Room,635,room-image,2026-08-11 11:34:22,2026-08-11 11:34:22
3808803,image,https://cdn.bookmepk.com/sky/assets/images/hotels/rooms/d376506663107041f498accfc129dee0.jpg,MED,App\Models\Hotels\Room,635,room-image,2026-08-11 11:34:22,2026-08-11 11:34:22
3808804,image,https://cdn.bookmepk.com/sky/assets/images/hotels/rooms/8d56ac4a2e59013689faa0d1de627bb4.jpg,MED,App\Models\Hotels\Room,635,room-image,2026-08-11 11:34:22,2026-08-11 11:34:22
3808805,image,https://cdn.bookmepk.com/sky/assets/images/hotels/rooms/65a12f0297fd5eb0f65551b8271a40a4.jpg,MED,App\Models\Hotels\Room,635,room-image,2026-08-11 11:34:22,2026-08-11 11:34:22
3808806,image,https://cdn.bookmepk.com/sky/assets/images/hotels/rooms/3129e3769e3b0a43ef3f659baa7d7bb2.jpg,MED,App\Models\Hotels\Room,637,room-image,2026-08-11 11:34:23,2026-08-11 11:34:23
3808807,image,https://cdn.bookmepk.com/sky/assets/images/hotels/rooms/11518b0473ae780cf0a75174d24ed9a1.jpg,MED,App\Models\Hotels\Room,637,room-image,2026-08-11 11:34:23,2026-08-11 11:34:23
3808808,image,https://cdn.bookmepk.com/sky/assets/images/hotels/rooms/0c03a37d2fc762ce149f569379934be1.jpg,MED,App\Models\Hotels\Room,637,room-image,2026-08-11 11:34:23,2026-08-11 11:34:23
3808809,image,https://cdn.bookmepk.com/sky/assets/images/hotels/rooms/4e7420716a415877d626c0bb946e1405.jpg,MED,App\Models\Hotels\Room,637,room-image,2026-08-11 11:34:23,2026-08-11 11:34:23
3808810,image,https://cdn.bookmepk.com/sky/assets/images/hotels/rooms/8d56ac4a2e59013689faa0d1de627bb4.jpg,MED,App\Models\Hotels\Room,637,room-image,2026-08-11 11:34:23,2026-08-11 11:34:23
3808811,image,https://cdn.bookmepk.com/sky/assets/images/hotels/rooms/20813c7a8bd3cc6b61c1cdeb2f78bfc3.jpg,MED,App\Models\Hotels\Room,640,room-image,2026-08-11 11:34:24,2026-08-11 11:34:24
3808812,image,https://cdn.bookmepk.com/sky/assets/images/hotels/rooms/bc3a265aa35501410903b78c68866104.jpg,MED,App\Models\Hotels\Room,640,room-image,2026-08-11 11:34:24,2026-08-11 11:34:24
3808813,image,https://cdn.bookmepk.com/sky/assets/images/hotels/rooms/4e7420716a415877d626c0bb946e1405.jpg,MED,App\Models\Hotels\Room,640,room-image,2026-08-11 11:34:24,2026-08-11 11:34:24
3808814,image,https://cdn.bookmepk.com/sky/assets/images/hotels/rooms/cf6c325474af3e4b1dcc28b14a8c394d.jpg,MED,App\Models\Hotels\Room,640,room-image,2026-08-11 11:34:24,2026-08-11 11:34:24
3808815,image,https://cdn.bookmepk.com/sky/assets/images/hotels/rooms/0f88f171282130e0c63fe14e8349c023.jpg,MED,App\Models\Hotels\Room,640,room-image,2026-08-11 11:34:24,2026-08-11 11:34:24
3808816,image,https://cdn.bookmepk.com/sky/assets/images/hotels/rooms/40ef667fdadd0a3ee66ef1fe77807dbb.jpg,MED,App\Models\Hotels\Room,644,room-image,2026-08-11 11:34:25,2026-08-11 11:34:25
3808817,image,https://cdn.bookmepk.com/sky/assets/images/hotels/rooms/50565bfbc13af2db55dac23ca11af2e9.jpg,MED,App\Models\Hotels\Room,644,room-image,2026-08-11 11:34:26,2026-08-11 11:34:26
3808818,image,https://cdn.bookmepk.com/sky/assets/images/hotels/rooms/125c7e556cd2262581a59cd0ad508e3b.jpg,MED,App\Models\Hotels\Room,644,room-image,2026-08-11 11:34:26,2026-08-11 11:34:26
3808819,image,https://cdn.bookmepk.com/sky/assets/images/hotels/rooms/b8ec28baf99a8ad9d1e007e10e53292f.jpg,MED,App\Models\Hotels\Room,644,room-image,2026-08-11 11:34:26,2026-08-11 11:34:26
3808820,image,https://cdn.bookmepk.com/sky/assets/images/hotels/rooms/8d56ac4a2e59013689faa0d1de627bb4.jpg,MED,App\Models\Hotels\Room,644,room-image,2026-08-11 11:34:26,2026-08-11 11:34:26
3808821,image,https://cdn.bookmepk.com/sky/assets/images/hotels/rooms/0a8b9d728b08818495b96d28c86ab66b.jpg,MED,App\Models\Hotels\Room,730,room-image,2026-08-11 11:36:13,2026-08-11 11:36:13
3808822,image,https://cdn.bookmepk.com/sky/assets/images/hotels/rooms/c8a850ab36af9308e1ac8c7063c28db4.jpg,MED,App\Models\Hotels\Room,730,room-image,2026-08-11 11:36:13,2026-08-11 11:36:13
3808823,image,https://cdn.bookmepk.com/sky/assets/images/hotels/rooms/6fb5dc6fd7fd005f0c5aab8b37b3ae05.jpg,MED,App\Models\Hotels\Room,730,room-image,2026-08-11 11:36:13,2026-08-11 11:36:13
3808824,image,https://cdn.bookmepk.com/sky/assets/images/hotels/rooms/22bb7ea21c8004036f961e66de150387.jpg,MED,App\Models\Hotels\Room,730,room-image,2026-08-11 11:36:13,2026-08-11 11:36:13
3808825,image,https://cdn.bookmepk.com/sky/assets/images/hotels/rooms/b764e68b2598f7d66391777fd9d6b72a.jpg,MED,App\Models\Hotels\Room,730,room-image,2026-08-11 11:36:14,2026-08-11 11:36:14
3808826,image,https://cdn.bookmepk.com/sky/assets/images/hotels/rooms/0a8b9d728b08818495b96d28c86ab66b.jpg,MED,App\Models\Hotels\Room,732,room-image,2026-08-11 11:36:14,2026-08-11 11:36:14
3808827,image,https://cdn.bookmepk.com/sky/assets/images/hotels/rooms/c8a850ab36af9308e1ac8c7063c28db4.jpg,MED,App\Models\Hotels\Room,732,room-image,2026-08-11 11:36:14,2026-08-11 11:36:14
3808828,image,https://cdn.bookmepk.com/sky/assets/images/hotels/rooms/9145acff07e770bd560b5d51ac15584d.jpg,MED,App\Models\Hotels\Room,732,room-image,2026-08-11 11:36:14,2026-08-11 11:36:14
3808829,image,https://cdn.bookmepk.com/sky/assets/images/hotels/rooms/22bb7ea21c8004036f961e66de150387.jpg,MED,App\Models\Hotels\Room,732,room-image,2026-08-11 11:36:14,2026-08-11 11:36:14
3808830,image,https://cdn.bookmepk.com/sky/assets/images/hotels/rooms/b764e68b2598f7d66391777fd9d6b72a.jpg,MED,App\Models\Hotels\Room,732,room-image,2026-08-11 11:36:15,2026-08-11 11:36:15
3808831,image,https://cdn.bookmepk.com/sky/assets/images/hotels/rooms/75aa8336b179fe996126d5e03e812b51.jpg,MED,App\Models\Hotels\Room,733,room-image,2026-08-11 11:36:15,2026-08-11 11:36:15
3808832,image,https://cdn.bookmepk.com/sky/assets/images/hotels/rooms/c8a850ab36af9308e1ac8c7063c28db4.jpg,MED,App\Models\Hotels\Room,733,room-image,2026-08-11 11:36:15,2026-08-11 11:36:15
3808833,image,https://cdn.bookmepk.com/sky/assets/images/hotels/rooms/c698359e875c39675d5a713ed64fccb3.jpg,MED,App\Models\Hotels\Room,733,room-image,2026-08-11 11:36:15,2026-08-11 11:36:15
3808834,image,https://cdn.bookmepk.com/sky/assets/images/hotels/rooms/b764e68b2598f7d66391777fd9d6b72a.jpg,MED,App\Models\Hotels\Room,733,room-image,2026-08-11 11:36:15,2026-08-11 11:36:15
3808835,image,https://cdn.bookmepk.com/sky/assets/images/hotels/rooms/67998c53f7a3e931aafbc3d1eaabd4dd.jpg,MED,App\Models\Hotels\Room,733,room-image,2026-08-11 11:36:15,2026-08-11 11:36:15
3808836,image,https://cdn.bookmepk.com/sky/assets/images/hotels/rooms/75aa8336b179fe996126d5e03e812b51.jpg,MED,App\Models\Hotels\Room,736,room-image,2026-08-11 11:36:16,2026-08-11 11:36:16
3808837,image,https://cdn.bookmepk.com/sky/assets/images/hotels/rooms/c8a850ab36af9308e1ac8c7063c28db4.jpg,MED,App\Models\Hotels\Room,736,room-image,2026-08-11 11:36:16,2026-08-11 11:36:16
3808838,image,https://cdn.bookmepk.com/sky/assets/images/hotels/rooms/04ea51223ea8149ad525625f28985e78.jpg,MED,App\Models\Hotels\Room,736,room-image,2026-08-11 11:36:17,2026-08-11 11:36:17
3808839,image,https://cdn.bookmepk.com/sky/assets/images/hotels/rooms/1e826fdcf3275582fb1de5f75f97d48b.jpg,MED,App\Models\Hotels\Room,736,room-image,2026-08-11 11:36:17,2026-08-11 11:36:17
3808840,image,https://cdn.bookmepk.com/sky/assets/images/hotels/rooms/c698359e875c39675d5a713ed64fccb3.jpg,MED,App\Models\Hotels\Room,736,room-image,2026-08-11 11:36:17,2026-08-11 11:36:17
3808841,image,https://cdn.bookmepk.com/sky/assets/images/hotels/rooms/75aa8336b179fe996126d5e03e812b51.jpg,MED,App\Models\Hotels\Room,738,room-image,2026-08-11 11:36:17,2026-08-11 11:36:17
3808842,image,https://cdn.bookmepk.com/sky/assets/images/hotels/rooms/622ba65a9f78460265913b529893fa32.jpg,MED,App\Models\Hotels\Room,738,room-image,2026-08-11 11:36:18,2026-08-11 11:36:18
3808843,image,https://cdn.bookmepk.com/sky/assets/images/hotels/rooms/04ea51223ea8149ad525625f28985e78.jpg,MED,App\Models\Hotels\Room,738,room-image,2026-08-11 11:36:18,2026-08-11 11:36:18
3808844,image,https://cdn.bookmepk.com/sky/assets/images/hotels/rooms/d48aa1a03e46e368e594606deb478da5.jpg,MED,App\Models\Hotels\Room,738,room-image,2026-08-11 11:36:18,2026-08-11 11:36:18
3808845,image,https://cdn.bookmepk.com/sky/assets/images/hotels/rooms/1b6f75d60c5d76ec567a167b48e22be5.jpg,MED,App\Models\Hotels\Room,738,room-image,2026-08-11 11:36:18,2026-08-11 11:36:18
3808846,image,https://cdn.bookmepk.com/sky/assets/images/hotels/rooms/e224c3dcba551e05d620f0826a675421.jpg,MED,App\Models\Hotels\Room,760,room-image,2026-08-11 11:36:43,2026-08-11 11:36:43
3808847,image,https://cdn.bookmepk.com/sky/assets/images/hotels/rooms/bc403e033dc5e3126587e75a3a24ba2f.jpg,MED,App\Models\Hotels\Room,760,room-image,2026-08-11 11:36:43,2026-08-11 11:36:43
3808848,image,https://cdn.bookmepk.com/sky/assets/images/hotels/rooms/9f9d98eb06f6358a2d29d3bf3cdfc351.jpg,MED,App\Models\Hotels\Room,760,room-image,2026-08-11 11:36:43,2026-08-11 11:36:43
3808849,image,https://cdn.bookmepk.com/sky/assets/images/hotels/rooms/b3a88e1f859101d7c2471711e51dd540.jpg,MED,App\Models\Hotels\Room,760,room-image,2026-08-11 11:36:43,2026-08-11 11:36:43
3808850,image,https://cdn.bookmepk.com/sky/assets/images/hotels/rooms/4480dab62406124fbbf214603f75a5a0.jpg,MED,App\Models\Hotels\Room,760,room-image,2026-08-11 11:36:44,2026-08-11 11:36:44
3808851,image,https://cdn.bookmepk.com/sky/assets/images/hotels/rooms/b2a80f05ff43cacc2b3decb9cb8c92bd.jpg,MED,App\Models\Hotels\Room,761,room-image,2026-08-11 11:36:44,2026-08-11 11:36:44
3808852,image,https://cdn.bookmepk.com/sky/assets/images/hotels/rooms/e224c3dcba551e05d620f0826a675421.jpg,MED,App\Models\Hotels\Room,761,room-image,2026-08-11 11:36:44,2026-08-11 11:36:44
3808853,image,https://cdn.bookmepk.com/sky/assets/images/hotels/rooms/9f9d98eb06f6358a2d29d3bf3cdfc351.jpg,MED,App\Models\Hotels\Room,761,room-image,2026-08-11 11:36:44,2026-08-11 11:36:44
3808854,image,https://cdn.bookmepk.com/sky/assets/images/hotels/rooms/bc403e033dc5e3126587e75a3a24ba2f.jpg,MED,App\Models\Hotels\Room,761,room-image,2026-08-11 11:36:44,2026-08-11 11:36:44
3808855,image,https://cdn.bookmepk.com/sky/assets/images/hotels/rooms/b3a88e1f859101d7c2471711e51dd540.jpg,MED,App\Models\Hotels\Room,761,room-image,2026-08-11 11:36:44,2026-08-11 11:36:44
3808856,image,https://cdn.bookmepk.com/sky/assets/images/hotels/rooms/103d8bd892b76f2e0e68f7b1134b14d5.jpg,MED,App\Models\Hotels\Room,762,room-image,2026-08-11 11:36:45,2026-08-11 11:36:45
3808857,image,https://cdn.bookmepk.com/sky/assets/images/hotels/rooms/e224c3dcba551e05d620f0826a675421.jpg,MED,App\Models\Hotels\Room,762,room-image,2026-08-11 11:36:45,2026-08-11 11:36:45
3808858,image,https://cdn.bookmepk.com/sky/assets/images/hotels/rooms/9f9d98eb06f6358a2d29d3bf3cdfc351.jpg,MED,App\Models\Hotels\Room,762,room-image,2026-08-11 11:36:45,2026-08-11 11:36:45
3808859,image,https://cdn.bookmepk.com/sky/assets/images/hotels/rooms/4480dab62406124fbbf214603f75a5a0.jpg,MED,App\Models\Hotels\Room,762,room-image,2026-08-11 11:36:45,2026-08-11 11:36:45
3808860,image,https://cdn.bookmepk.com/sky/assets/images/hotels/rooms/db7dcdc63715a6a6bab097121039d8c8.jpg,MED,App\Models\Hotels\Room,762,room-image,2026-08-11 11:36:45,2026-08-11 11:36:45
3808861,image,https://cdn.bookmepk.com/sky/assets/images/hotels/rooms/f366a8d248bf9606c8f841148bd8255a.jpg,MED,App\Models\Hotels\Room,767,room-image,2026-08-11 11:36:46,2026-08-11 11:36:46
3808862,image,https://cdn.bookmepk.com/sky/assets/images/hotels/rooms/2a8f30c03123811317632855951837e9.jpg,MED,App\Models\Hotels\Room,767,room-image,2026-08-11 11:36:46,2026-08-11 11:36:46
3808863,image,https://cdn.bookmepk.com/sky/assets/images/hotels/rooms/aed1993ae86d32d9b7ce64f91d577663.jpg,MED,App\Models\Hotels\Room,767,room-image,2026-08-11 11:36:47,2026-08-11 11:36:47
3808864,image,https://cdn.bookmepk.com/sky/assets/images/hotels/rooms/de7bd69edc5f89ce8736b4283b4f53c3.jpg,MED,App\Models\Hotels\Room,767,room-image,2026-08-11 11:36:47,2026-08-11 11:36:47
3808865,image,https://cdn.bookmepk.com/sky/assets/images/hotels/rooms/db7dcdc63715a6a6bab097121039d8c8.jpg,MED,App\Models\Hotels\Room,767,room-image,2026-08-11 11:36:47,2026-08-11 11:36:47
3808866,image,https://cdn.bookmepk.com/sky/assets/images/hotels/rooms/885123c5919c881f53d227abd77b3049.jpg,MED,App\Models\Hotels\Room,788,room-image,2026-08-11 11:36:50,2026-08-11 11:36:50
3808867,image,https://cdn.bookmepk.com/sky/assets/images/hotels/rooms/1c8a132505573dc5c33a4de8ad59ecf8.jpg,MED,App\Models\Hotels\Room,788,room-image,2026-08-11 11:36:50,2026-08-11 11:36:50
3808868,image,https://cdn.bookmepk.com/sky/assets/images/hotels/rooms/74f95bb90b19cfdf8028eef78fe12522.jpg,MED,App\Models\Hotels\Room,788,room-image,2026-08-11 11:36:51,2026-08-11 11:36:51
3808869,image,https://cdn.bookmepk.com/sky/assets/images/hotels/rooms/b8a552a7af4162e8200982942c1b56ac.jpg,MED,App\Models\Hotels\Room,788,room-image,2026-08-11 11:36:51,2026-08-11 11:36:51
3808870,image,https://cdn.bookmepk.com/sky/assets/images/hotels/rooms/ec57a0e4c1087d03bc18de8009208ce0.jpg,MED,App\Models\Hotels\Room,791,room-image,2026-08-11 11:36:51,2026-08-11 11:36:51
3808871,image,https://cdn.bookmepk.com/sky/assets/images/hotels/rooms/7c3a1cb13471c66dac2b5b722aefb848.jpg,MED,App\Models\Hotels\Room,791,room-image,2026-08-11 11:36:51,2026-08-11 11:36:51
3808872,image,https://cdn.bookmepk.com/sky/assets/images/hotels/rooms/aba794bde194f7a6c61e326548d7e1a8.jpg,MED,App\Models\Hotels\Room,791,room-image,2026-08-11 11:36:52,2026-08-11 11:36:52
3808873,image,https://cdn.bookmepk.com/sky/assets/images/hotels/rooms/29ce35ce4e2e2351e43d35fa03b21f05.jpg,MED,App\Models\Hotels\Room,791,room-image,2026-08-11 11:36:52,2026-08-11 11:36:52
3808874,image,https://cdn.bookmepk.com/sky/assets/images/hotels/rooms/aa97c346b28ecb2d6a91e69bfd1bd1dd.jpg,MED,App\Models\Hotels\Room,791,room-image,2026-08-11 11:36:52,2026-08-11 11:36:52
3808875,image,https://cdn.bookmepk.com/sky/assets/images/hotels/rooms/ec57a0e4c1087d03bc18de8009208ce0.jpg,MED,App\Models\Hotels\Room,794,room-image,2026-08-11 11:36:53,2026-08-11 11:36:53
3808876,image,https://cdn.bookmepk.com/sky/assets/images/hotels/rooms/817838d512f0c29ec03ba2a70f0216b7.jpg,MED,App\Models\Hotels\Room,794,room-image,2026-08-11 11:36:53,2026-08-11 11:36:53
3808877,image,https://cdn.bookmepk.com/sky/assets/images/hotels/rooms/b7032384ea0ed9a552636db24acae30f.jpg,MED,App\Models\Hotels\Room,794,room-image,2026-08-11 11:36:53,2026-08-11 11:36:53
3808878,image,https://cdn.bookmepk.com/sky/assets/images/hotels/rooms/aa97c346b28ecb2d6a91e69bfd1bd1dd.jpg,MED,App\Models\Hotels\Room,794,room-image,2026-08-11 11:36:53,2026-08-11 11:36:53
3808879,image,https://cdn.bookmepk.com/sky/assets/images/hotels/rooms/3454ca31d74207ca333f4e007a9c8a2f.jpg,MED,App\Models\Hotels\Room,794,room-image,2026-08-11 11:36:53,2026-08-11 11:36:53
3808903,image,https://cdn.bookmepk.com/sky/assets/images/hotels/rooms/fe35a2f93fa8aec31481f4fbea7a0bfd.jpg,MED,App\Models\Hotels\Room,852,room-image,2026-08-12 11:26:58,2026-08-12 11:26:58
3808904,image,https://cdn.bookmepk.com/sky/assets/images/hotels/rooms/f7cfeb277c3451d62de18092728f69e6.jpg,MED,App\Models\Hotels\Room,852,room-image,2026-08-12 11:26:58,2026-08-12 11:26:58
3808905,image,https://cdn.bookmepk.com/sky/assets/images/hotels/rooms/f1d213ca46130f0df589c51e387d2fd2.jpg,MED,App\Models\Hotels\Room,852,room-image,2026-08-12 11:26:58,2026-08-12 11:26:58
3808906,image,https://cdn.bookmepk.com/sky/assets/images/hotels/rooms/162e100529697ae163e1b76789c483f2.jpg,MED,App\Models\Hotels\Room,852,room-image,2026-08-12 11:26:58,2026-08-12 11:26:58
3808907,image,https://cdn.bookmepk.com/sky/assets/images/hotels/rooms/71283711c8db7aedbe1d94d67040a47f.jpg,MED,App\Models\Hotels\Room,852,room-image,2026-08-12 11:26:58,2026-08-12 11:26:58
3809256,image,https://cdn.bookmepk.com/sky/assets/images/hotels/rooms/fe35a2f93fa8aec31481f4fbea7a0bfd.jpg,MED,App\Models\Hotels\Room,853,room-image,2026-08-12 11:27:29,2026-08-12 11:27:29
3809257,image,https://cdn.bookmepk.com/sky/assets/images/hotels/rooms/f7cfeb277c3451d62de18092728f69e6.jpg,MED,App\Models\Hotels\Room,853,room-image,2026-08-12 11:27:29,2026-08-12 11:27:29
3809258,image,https://cdn.bookmepk.com/sky/assets/images/hotels/rooms/f1d213ca46130f0df589c51e387d2fd2.jpg,MED,App\Models\Hotels\Room,853,room-image,2026-08-12 11:27:29,2026-08-12 11:27:29
3809259,image,https://cdn.bookmepk.com/sky/assets/images/hotels/rooms/162e100529697ae163e1b76789c483f2.jpg,MED,App\Models\Hotels\Room,853,room-image,2026-08-12 11:27:29,2026-08-12 11:27:29
3809260,image,https://cdn.bookmepk.com/sky/assets/images/hotels/rooms/71283711c8db7aedbe1d94d67040a47f.jpg,MED,App\Models\Hotels\Room,853,room-image,2026-08-12 11:27:29,2026-08-12 11:27:29
3809271,image,https://cdn.bookmepk.com/sky/assets/images/hotels/rooms/cd3a6439b93caaa6e2c59d9815441ba6.jpg,MED,App\Models\Hotels\Room,855,room-image,2026-08-12 11:27:30,2026-08-12 11:27:30
3809272,image,https://cdn.bookmepk.com/sky/assets/images/hotels/rooms/8f28e74138fad41c2bc7f296d323a501.jpg,MED,App\Models\Hotels\Room,855,room-image,2026-08-12 11:27:30,2026-08-12 11:27:30
3809273,image,https://cdn.bookmepk.com/sky/assets/images/hotels/rooms/83a7f7e5fd48728b71cd8c31d4b1cf50.jpg,MED,App\Models\Hotels\Room,855,room-image,2026-08-12 11:27:30,2026-08-12 11:27:30
3809274,image,https://cdn.bookmepk.com/sky/assets/images/hotels/rooms/177f7a7a8446500d3981472fc137598a.jpg,MED,App\Models\Hotels\Room,855,room-image,2026-08-12 11:27:30,2026-08-12 11:27:30
3809275,image,https://cdn.bookmepk.com/sky/assets/images/hotels/rooms/74316653ef1064798572c1b5f9b6b7c6.jpg,MED,App\Models\Hotels\Room,855,room-image,2026-08-12 11:27:30,2026-08-12 11:27:30
3808884,image,https://cdn.bookmepk.com/sky/assets/images/hotels/rooms/50209ec73fcaab8d4d718e9d4a3bf87a.jpg,MED,App\Models\Hotels\Room,1533,room-image,2026-08-12 11:26:08,2026-08-12 11:26:08
3808885,image,https://cdn.bookmepk.com/sky/assets/images/hotels/rooms/c132c3c62d5d238baa45ad03c4c7e246.jpg,MED,App\Models\Hotels\Room,1533,room-image,2026-08-12 11:26:09,2026-08-12 11:26:09
3808886,image,https://cdn.bookmepk.com/sky/assets/images/hotels/rooms/49f1dfe1370e2435a987b4567ac4277b.jpg,MED,App\Models\Hotels\Room,1533,room-image,2026-08-12 11:26:09,2026-08-12 11:26:09
3808887,image,https://cdn.bookmepk.com/sky/assets/images/hotels/rooms/fcf3480d1522e6686f2740f4e38f8f45.jpg,MED,App\Models\Hotels\Room,1533,room-image,2026-08-12 11:26:09,2026-08-12 11:26:09
3809251,image,https://cdn.bookmepk.com/sky/assets/images/hotels/rooms/fe35a2f93fa8aec31481f4fbea7a0bfd.jpg,MED,App\Models\Hotels\Room,1662,room-image,2026-08-12 11:27:29,2026-08-12 11:27:29
3809252,image,https://cdn.bookmepk.com/sky/assets/images/hotels/rooms/f7cfeb277c3451d62de18092728f69e6.jpg,MED,App\Models\Hotels\Room,1662,room-image,2026-08-12 11:27:29,2026-08-12 11:27:29
3809253,image,https://cdn.bookmepk.com/sky/assets/images/hotels/rooms/f1d213ca46130f0df589c51e387d2fd2.jpg,MED,App\Models\Hotels\Room,1662,room-image,2026-08-12 11:27:29,2026-08-12 11:27:29
3809254,image,https://cdn.bookmepk.com/sky/assets/images/hotels/rooms/162e100529697ae163e1b76789c483f2.jpg,MED,App\Models\Hotels\Room,1662,room-image,2026-08-12 11:27:29,2026-08-12 11:27:29
3809255,image,https://cdn.bookmepk.com/sky/assets/images/hotels/rooms/71283711c8db7aedbe1d94d67040a47f.jpg,MED,App\Models\Hotels\Room,1662,room-image,2026-08-12 11:27:29,2026-08-12 11:27:29
3809261,image,https://cdn.bookmepk.com/sky/assets/images/hotels/rooms/fe35a2f93fa8aec31481f4fbea7a0bfd.jpg,MED,App\Models\Hotels\Room,1663,room-image,2026-08-12 11:27:29,2026-08-12 11:27:29
3809262,image,https://cdn.bookmepk.com/sky/assets/images/hotels/rooms/f7cfeb277c3451d62de18092728f69e6.jpg,MED,App\Models\Hotels\Room,1663,room-image,2026-08-12 11:27:29,2026-08-12 11:27:29
3809263,image,https://cdn.bookmepk.com/sky/assets/images/hotels/rooms/f1d213ca46130f0df589c51e387d2fd2.jpg,MED,App\Models\Hotels\Room,1663,room-image,2026-08-12 11:27:29,2026-08-12 11:27:29
3809264,image,https://cdn.bookmepk.com/sky/assets/images/hotels/rooms/162e100529697ae163e1b76789c483f2.jpg,MED,App\Models\Hotels\Room,1663,room-image,2026-08-12 11:27:30,2026-08-12 11:27:30
3809265,image,https://cdn.bookmepk.com/sky/assets/images/hotels/rooms/71283711c8db7aedbe1d94d67040a47f.jpg,MED,App\Models\Hotels\Room,1663,room-image,2026-08-12 11:27:30,2026-08-12 11:27:30
3809281,image,https://cdn.bookmepk.com/sky/assets/images/hotels/rooms/fff37c983589248c5b194e171f26590e.jpg,MED,App\Models\Hotels\Room,1664,room-image,2026-08-12 11:27:31,2026-08-12 11:27:31
3809282,image,https://cdn.bookmepk.com/sky/assets/images/hotels/rooms/8f28e74138fad41c2bc7f296d323a501.jpg,MED,App\Models\Hotels\Room,1664,room-image,2026-08-12 11:27:31,2026-08-12 11:27:31
3809283,image,https://cdn.bookmepk.com/sky/assets/images/hotels/rooms/8ec6c2c977364227ea1fad9226a274ba.jpg,MED,App\Models\Hotels\Room,1664,room-image,2026-08-12 11:27:31,2026-08-12 11:27:31
3809284,image,https://cdn.bookmepk.com/sky/assets/images/hotels/rooms/6a4bbc836edae41ec95b90a64c27de43.jpg,MED,App\Models\Hotels\Room,1664,room-image,2026-08-12 11:27:31,2026-08-12 11:27:31
3809325,image,https://cdn.bookmepk.com/sky/assets/images/hotels/rooms/cd3a6439b93caaa6e2c59d9815441ba6.jpg,MED,App\Models\Hotels\Room,1710,room-image,2026-08-12 11:32:56,2026-08-12 11:32:56
3809326,image,https://cdn.bookmepk.com/sky/assets/images/hotels/rooms/8f28e74138fad41c2bc7f296d323a501.jpg,MED,App\Models\Hotels\Room,1710,room-image,2026-08-12 11:32:56,2026-08-12 11:32:56
3809327,image,https://cdn.bookmepk.com/sky/assets/images/hotels/rooms/5d34cee2735e704856da47c2d9d63d06.jpg,MED,App\Models\Hotels\Room,1710,room-image,2026-08-12 11:32:56,2026-08-12 11:32:56
3809328,image,https://cdn.bookmepk.com/sky/assets/images/hotels/rooms/177f7a7a8446500d3981472fc137598a.jpg,MED,App\Models\Hotels\Room,1710,room-image,2026-08-12 11:32:56,2026-08-12 11:32:56
3809329,image,https://cdn.bookmepk.com/sky/assets/images/hotels/rooms/74316653ef1064798572c1b5f9b6b7c6.jpg,MED,App\Models\Hotels\Room,1710,room-image,2026-08-12 11:32:56,2026-08-12 11:32:56
3808913,image,https://cdn.bookmepk.com/sky/assets/images/hotels/rooms/fe35a2f93fa8aec31481f4fbea7a0bfd.jpg,MED,App\Models\Hotels\Room,1712,room-image,2026-08-12 11:26:59,2026-08-12 11:26:59
3808914,image,https://cdn.bookmepk.com/sky/assets/images/hotels/rooms/f7cfeb277c3451d62de18092728f69e6.jpg,MED,App\Models\Hotels\Room,1712,room-image,2026-08-12 11:26:59,2026-08-12 11:26:59
3808915,image,https://cdn.bookmepk.com/sky/assets/images/hotels/rooms/f1d213ca46130f0df589c51e387d2fd2.jpg,MED,App\Models\Hotels\Room,1712,room-image,2026-08-12 11:26:59,2026-08-12 11:26:59
3808916,image,https://cdn.bookmepk.com/sky/assets/images/hotels/rooms/162e100529697ae163e1b76789c483f2.jpg,MED,App\Models\Hotels\Room,1712,room-image,2026-08-12 11:26:59,2026-08-12 11:26:59
3808917,image,https://cdn.bookmepk.com/sky/assets/images/hotels/rooms/71283711c8db7aedbe1d94d67040a47f.jpg,MED,App\Models\Hotels\Room,1712,room-image,2026-08-12 11:27:00,2026-08-12 11:27:00
3809266,image,https://cdn.bookmepk.com/sky/assets/images/hotels/rooms/fe35a2f93fa8aec31481f4fbea7a0bfd.jpg,MED,App\Models\Hotels\Room,1713,room-image,2026-08-12 11:27:30,2026-08-12 11:27:30
3809267,image,https://cdn.bookmepk.com/sky/assets/images/hotels/rooms/f7cfeb277c3451d62de18092728f69e6.jpg,MED,App\Models\Hotels\Room,1713,room-image,2026-08-12 11:27:30,2026-08-12 11:27:30
3809268,image,https://cdn.bookmepk.com/sky/assets/images/hotels/rooms/f1d213ca46130f0df589c51e387d2fd2.jpg,MED,App\Models\Hotels\Room,1713,room-image,2026-08-12 11:27:30,2026-08-12 11:27:30
3809269,image,https://cdn.bookmepk.com/sky/assets/images/hotels/rooms/162e100529697ae163e1b76789c483f2.jpg,MED,App\Models\Hotels\Room,1713,room-image,2026-08-12 11:27:30,2026-08-12 11:27:30
3809270,image,https://cdn.bookmepk.com/sky/assets/images/hotels/rooms/71283711c8db7aedbe1d94d67040a47f.jpg,MED,App\Models\Hotels\Room,1713,room-image,2026-08-12 11:27:30,2026-08-12 11:27:30
3808968,image,https://cdn.bookmepk.com/sky/assets/images/hotels/rooms/4ed95bdc74791d0073eef9795745059c.jpg,MED,App\Models\Hotels\Room,1715,room-image,2026-08-12 11:27:04,2026-08-12 11:27:04
3808969,image,https://cdn.bookmepk.com/sky/assets/images/hotels/rooms/8f28e74138fad41c2bc7f296d323a501.jpg,MED,App\Models\Hotels\Room,1715,room-image,2026-08-12 11:27:04,2026-08-12 11:27:04
3808970,image,https://cdn.bookmepk.com/sky/assets/images/hotels/rooms/7163c604820c0e951454d5cc8b7be6fd.jpg,MED,App\Models\Hotels\Room,1715,room-image,2026-08-12 11:27:04,2026-08-12 11:27:04
3808971,image,https://cdn.bookmepk.com/sky/assets/images/hotels/rooms/74316653ef1064798572c1b5f9b6b7c6.jpg,MED,App\Models\Hotels\Room,1715,room-image,2026-08-12 11:27:04,2026-08-12 11:27:04
3808972,image,https://cdn.bookmepk.com/sky/assets/images/hotels/rooms/0fd2aaeede9ccd11464d0823d97865be.jpg,MED,App\Models\Hotels\Room,1715,room-image,2026-08-12 11:27:04,2026-08-12 11:27:04
3808953,image,https://cdn.bookmepk.com/sky/assets/images/hotels/rooms/4ed95bdc74791d0073eef9795745059c.jpg,MED,App\Models\Hotels\Room,1716,room-image,2026-08-12 11:27:03,2026-08-12 11:27:03
3808954,image,https://cdn.bookmepk.com/sky/assets/images/hotels/rooms/8f28e74138fad41c2bc7f296d323a501.jpg,MED,App\Models\Hotels\Room,1716,room-image,2026-08-12 11:27:03,2026-08-12 11:27:03
3808955,image,https://cdn.bookmepk.com/sky/assets/images/hotels/rooms/7163c604820c0e951454d5cc8b7be6fd.jpg,MED,App\Models\Hotels\Room,1716,room-image,2026-08-12 11:27:03,2026-08-12 11:27:03
3808956,image,https://cdn.bookmepk.com/sky/assets/images/hotels/rooms/74316653ef1064798572c1b5f9b6b7c6.jpg,MED,App\Models\Hotels\Room,1716,room-image,2026-08-12 11:27:03,2026-08-12 11:27:03
3808957,image,https://cdn.bookmepk.com/sky/assets/images/hotels/rooms/0fd2aaeede9ccd11464d0823d97865be.jpg,MED,App\Models\Hotels\Room,1716,room-image,2026-08-12 11:27:03,2026-08-12 11:27:03
3808978,image,https://cdn.bookmepk.com/sky/assets/images/hotels/rooms/4ed95bdc74791d0073eef9795745059c.jpg,MED,App\Models\Hotels\Room,1717,room-image,2026-08-12 11:27:05,2026-08-12 11:27:05
3808979,image,https://cdn.bookmepk.com/sky/assets/images/hotels/rooms/8f28e74138fad41c2bc7f296d323a501.jpg,MED,App\Models\Hotels\Room,1717,room-image,2026-08-12 11:27:05,2026-08-12 11:27:05
3808980,image,https://cdn.bookmepk.com/sky/assets/images/hotels/rooms/7163c604820c0e951454d5cc8b7be6fd.jpg,MED,App\Models\Hotels\Room,1717,room-image,2026-08-12 11:27:05,2026-08-12 11:27:05
3808981,image,https://cdn.bookmepk.com/sky/assets/images/hotels/rooms/74316653ef1064798572c1b5f9b6b7c6.jpg,MED,App\Models\Hotels\Room,1717,room-image,2026-08-12 11:27:05,2026-08-12 11:27:05
3808982,image,https://cdn.bookmepk.com/sky/assets/images/hotels/rooms/0fd2aaeede9ccd11464d0823d97865be.jpg,MED,App\Models\Hotels\Room,1717,room-image,2026-08-12 11:27:05,2026-08-12 11:27:05
3808997,image,https://cdn.bookmepk.com/sky/assets/images/hotels/rooms/4ed95bdc74791d0073eef9795745059c.jpg,MED,App\Models\Hotels\Room,1718,room-image,2026-08-12 11:27:06,2026-08-12 11:27:06
3808998,image,https://cdn.bookmepk.com/sky/assets/images/hotels/rooms/8f28e74138fad41c2bc7f296d323a501.jpg,MED,App\Models\Hotels\Room,1718,room-image,2026-08-12 11:27:06,2026-08-12 11:27:06
3808999,image,https://cdn.bookmepk.com/sky/assets/images/hotels/rooms/7163c604820c0e951454d5cc8b7be6fd.jpg,MED,App\Models\Hotels\Room,1718,room-image,2026-08-12 11:27:06,2026-08-12 11:27:06
3809000,image,https://cdn.bookmepk.com/sky/assets/images/hotels/rooms/74316653ef1064798572c1b5f9b6b7c6.jpg,MED,App\Models\Hotels\Room,1718,room-image,2026-08-12 11:27:06,2026-08-12 11:27:06
3809001,image,https://cdn.bookmepk.com/sky/assets/images/hotels/rooms/0fd2aaeede9ccd11464d0823d97865be.jpg,MED,App\Models\Hotels\Room,1718,room-image,2026-08-12 11:27:07,2026-08-12 11:27:07
3808983,image,https://cdn.bookmepk.com/sky/assets/images/hotels/rooms/c0fa1bd0e7bb66c0453faea7303290f1.jpg,MED,App\Models\Hotels\Room,1719,room-image,2026-08-12 11:27:05,2026-08-12 11:27:05
3808984,image,https://cdn.bookmepk.com/sky/assets/images/hotels/rooms/690c08749d5f0dac00b1f6b052679630.jpg,MED,App\Models\Hotels\Room,1719,room-image,2026-08-12 11:27:05,2026-08-12 11:27:05
3808985,image,https://cdn.bookmepk.com/sky/assets/images/hotels/rooms/fe1ac861cac05d27834f257ffdfc6aad.jpg,MED,App\Models\Hotels\Room,1719,room-image,2026-08-12 11:27:05,2026-08-12 11:27:05
3808986,image,https://cdn.bookmepk.com/sky/assets/images/hotels/rooms/22281a25d0fbc2b8596a11d08e8df3a5.jpg,MED,App\Models\Hotels\Room,1719,room-image,2026-08-12 11:27:05,2026-08-12 11:27:05
3808987,image,https://cdn.bookmepk.com/sky/assets/images/hotels/rooms/5f721d05e6598ac0bbc6356c2302b7d9.jpg,MED,App\Models\Hotels\Room,1719,room-image,2026-08-12 11:27:05,2026-08-12 11:27:05
3809043,image,https://cdn.bookmepk.com/sky/assets/images/hotels/rooms/e5ee10cceae3e306382cd2fa1c3910aa.jpg,MED,App\Models\Hotels\Room,1721,room-image,2026-08-12 11:27:10,2026-08-12 11:27:10
3809044,image,https://cdn.bookmepk.com/sky/assets/images/hotels/rooms/2b0b220ad1fa60c721f1d998691431c1.jpg,MED,App\Models\Hotels\Room,1721,room-image,2026-08-12 11:27:10,2026-08-12 11:27:10
3809045,image,https://cdn.bookmepk.com/sky/assets/images/hotels/rooms/8eca5126716b5822f533237b294d0686.jpg,MED,App\Models\Hotels\Room,1721,room-image,2026-08-12 11:27:10,2026-08-12 11:27:10
3809046,image,https://cdn.bookmepk.com/sky/assets/images/hotels/rooms/345109c1505674f4768a7f180c928f56.jpg,MED,App\Models\Hotels\Room,1721,room-image,2026-08-12 11:27:10,2026-08-12 11:27:10
3809047,image,https://cdn.bookmepk.com/sky/assets/images/hotels/rooms/cd3a6439b93caaa6e2c59d9815441ba6.jpg,MED,App\Models\Hotels\Room,1722,room-image,2026-08-12 11:27:11,2026-08-12 11:27:11
3809048,image,https://cdn.bookmepk.com/sky/assets/images/hotels/rooms/8f28e74138fad41c2bc7f296d323a501.jpg,MED,App\Models\Hotels\Room,1722,room-image,2026-08-12 11:27:11,2026-08-12 11:27:11
3809049,image,https://cdn.bookmepk.com/sky/assets/images/hotels/rooms/83a7f7e5fd48728b71cd8c31d4b1cf50.jpg,MED,App\Models\Hotels\Room,1722,room-image,2026-08-12 11:27:11,2026-08-12 11:27:11
3809050,image,https://cdn.bookmepk.com/sky/assets/images/hotels/rooms/177f7a7a8446500d3981472fc137598a.jpg,MED,App\Models\Hotels\Room,1722,room-image,2026-08-12 11:27:11,2026-08-12 11:27:11
3809051,image,https://cdn.bookmepk.com/sky/assets/images/hotels/rooms/74316653ef1064798572c1b5f9b6b7c6.jpg,MED,App\Models\Hotels\Room,1722,room-image,2026-08-12 11:27:11,2026-08-12 11:27:11
3809056,image,https://cdn.bookmepk.com/sky/assets/images/hotels/rooms/cd3a6439b93caaa6e2c59d9815441ba6.jpg,MED,App\Models\Hotels\Room,1723,room-image,2026-08-12 11:27:11,2026-08-12 11:27:11
3809057,image,https://cdn.bookmepk.com/sky/assets/images/hotels/rooms/8f28e74138fad41c2bc7f296d323a501.jpg,MED,App\Models\Hotels\Room,1723,room-image,2026-08-12 11:27:11,2026-08-12 11:27:11
3809058,image,https://cdn.bookmepk.com/sky/assets/images/hotels/rooms/83a7f7e5fd48728b71cd8c31d4b1cf50.jpg,MED,App\Models\Hotels\Room,1723,room-image,2026-08-12 11:27:11,2026-08-12 11:27:11
3809059,image,https://cdn.bookmepk.com/sky/assets/images/hotels/rooms/177f7a7a8446500d3981472fc137598a.jpg,MED,App\Models\Hotels\Room,1723,room-image,2026-08-12 11:27:12,2026-08-12 11:27:12
3809060,image,https://cdn.bookmepk.com/sky/assets/images/hotels/rooms/74316653ef1064798572c1b5f9b6b7c6.jpg,MED,App\Models\Hotels\Room,1723,room-image,2026-08-12 11:27:12,2026-08-12 11:27:12
3809061,image,https://cdn.bookmepk.com/sky/assets/images/hotels/rooms/e5ee10cceae3e306382cd2fa1c3910aa.jpg,MED,App\Models\Hotels\Room,1725,room-image,2026-08-12 11:27:12,2026-08-12 11:27:12
3809062,image,https://cdn.bookmepk.com/sky/assets/images/hotels/rooms/2b0b220ad1fa60c721f1d998691431c1.jpg,MED,App\Models\Hotels\Room,1725,room-image,2026-08-12 11:27:12,2026-08-12 11:27:12
3809063,image,https://cdn.bookmepk.com/sky/assets/images/hotels/rooms/8eca5126716b5822f533237b294d0686.jpg,MED,App\Models\Hotels\Room,1725,room-image,2026-08-12 11:27:12,2026-08-12 11:27:12
3809064,image,https://cdn.bookmepk.com/sky/assets/images/hotels/rooms/345109c1505674f4768a7f180c928f56.jpg,MED,App\Models\Hotels\Room,1725,room-image,2026-08-12 11:27:12,2026-08-12 11:27:12
3809091,image,https://cdn.bookmepk.com/sky/assets/images/hotels/rooms/22faac3c35d348b71a5a5f7d5df85839.jpg,MED,App\Models\Hotels\Room,1727,room-image,2026-08-12 11:27:14,2026-08-12 11:27:14
3809092,image,https://cdn.bookmepk.com/sky/assets/images/hotels/rooms/8f28e74138fad41c2bc7f296d323a501.jpg,MED,App\Models\Hotels\Room,1727,room-image,2026-08-12 11:27:14,2026-08-12 11:27:14
3809093,image,https://cdn.bookmepk.com/sky/assets/images/hotels/rooms/b3c9f1c990f22e7d108d5a96aeac3440.jpg,MED,App\Models\Hotels\Room,1727,room-image,2026-08-12 11:27:14,2026-08-12 11:27:14
3809094,image,https://cdn.bookmepk.com/sky/assets/images/hotels/rooms/08957a7b5237e8f765a959fbefe50c82.jpg,MED,App\Models\Hotels\Room,1727,room-image,2026-08-12 11:27:14,2026-08-12 11:27:14
3809095,image,https://cdn.bookmepk.com/sky/assets/images/hotels/rooms/5c8996262e129ccf9d1e3865c14bba5a.jpg,MED,App\Models\Hotels\Room,1727,room-image,2026-08-12 11:27:14,2026-08-12 11:27:14
3809276,image,https://cdn.bookmepk.com/sky/assets/images/hotels/rooms/cd3a6439b93caaa6e2c59d9815441ba6.jpg,MED,App\Models\Hotels\Room,1728,room-image,2026-08-12 11:27:31,2026-08-12 11:27:31
3809277,image,https://cdn.bookmepk.com/sky/assets/images/hotels/rooms/8f28e74138fad41c2bc7f296d323a501.jpg,MED,App\Models\Hotels\Room,1728,room-image,2026-08-12 11:27:31,2026-08-12 11:27:31
3809278,image,https://cdn.bookmepk.com/sky/assets/images/hotels/rooms/83a7f7e5fd48728b71cd8c31d4b1cf50.jpg,MED,App\Models\Hotels\Room,1728,room-image,2026-08-12 11:27:31,2026-08-12 11:27:31
3809279,image,https://cdn.bookmepk.com/sky/assets/images/hotels/rooms/177f7a7a8446500d3981472fc137598a.jpg,MED,App\Models\Hotels\Room,1728,room-image,2026-08-12 11:27:31,2026-08-12 11:27:31
3809280,image,https://cdn.bookmepk.com/sky/assets/images/hotels/rooms/74316653ef1064798572c1b5f9b6b7c6.jpg,MED,App\Models\Hotels\Room,1728,room-image,2026-08-12 11:27:31,2026-08-12 11:27:31
3809117,image,https://cdn.bookmepk.com/sky/assets/images/hotels/rooms/22faac3c35d348b71a5a5f7d5df85839.jpg,MED,App\Models\Hotels\Room,1729,room-image,2026-08-12 11:27:16,2026-08-12 11:27:16
3809118,image,https://cdn.bookmepk.com/sky/assets/images/hotels/rooms/8f28e74138fad41c2bc7f296d323a501.jpg,MED,App\Models\Hotels\Room,1729,room-image,2026-08-12 11:27:16,2026-08-12 11:27:16
3809119,image,https://cdn.bookmepk.com/sky/assets/images/hotels/rooms/b3c9f1c990f22e7d108d5a96aeac3440.jpg,MED,App\Models\Hotels\Room,1729,room-image,2026-08-12 11:27:16,2026-08-12 11:27:16
3809120,image,https://cdn.bookmepk.com/sky/assets/images/hotels/rooms/08957a7b5237e8f765a959fbefe50c82.jpg,MED,App\Models\Hotels\Room,1729,room-image,2026-08-12 11:27:16,2026-08-12 11:27:16
3809121,image,https://cdn.bookmepk.com/sky/assets/images/hotels/rooms/5c8996262e129ccf9d1e3865c14bba5a.jpg,MED,App\Models\Hotels\Room,1729,room-image,2026-08-12 11:27:16,2026-08-12 11:27:16
3809285,image,https://cdn.bookmepk.com/sky/assets/images/hotels/rooms/fff37c983589248c5b194e171f26590e.jpg,MED,App\Models\Hotels\Room,1730,room-image,2026-08-12 11:27:31,2026-08-12 11:27:31
3809286,image,https://cdn.bookmepk.com/sky/assets/images/hotels/rooms/8f28e74138fad41c2bc7f296d323a501.jpg,MED,App\Models\Hotels\Room,1730,room-image,2026-08-12 11:27:32,2026-08-12 11:27:32
3809287,image,https://cdn.bookmepk.com/sky/assets/images/hotels/rooms/8ec6c2c977364227ea1fad9226a274ba.jpg,MED,App\Models\Hotels\Room,1730,room-image,2026-08-12 11:27:32,2026-08-12 11:27:32
3809288,image,https://cdn.bookmepk.com/sky/assets/images/hotels/rooms/6a4bbc836edae41ec95b90a64c27de43.jpg,MED,App\Models\Hotels\Room,1730,room-image,2026-08-12 11:27:32,2026-08-12 11:27:32
3809289,image,https://cdn.bookmepk.com/sky/assets/images/hotels/rooms/fff37c983589248c5b194e171f26590e.jpg,MED,App\Models\Hotels\Room,1731,room-image,2026-08-12 11:27:32,2026-08-12 11:27:32
3809290,image,https://cdn.bookmepk.com/sky/assets/images/hotels/rooms/8f28e74138fad41c2bc7f296d323a501.jpg,MED,App\Models\Hotels\Room,1731,room-image,2026-08-12 11:27:32,2026-08-12 11:27:32
3809291,image,https://cdn.bookmepk.com/sky/assets/images/hotels/rooms/8ec6c2c977364227ea1fad9226a274ba.jpg,MED,App\Models\Hotels\Room,1731,room-image,2026-08-12 11:27:32,2026-08-12 11:27:32
3809292,image,https://cdn.bookmepk.com/sky/assets/images/hotels/rooms/6a4bbc836edae41ec95b90a64c27de43.jpg,MED,App\Models\Hotels\Room,1731,room-image,2026-08-12 11:27:32,2026-08-12 11:27:32
3809293,image,https://cdn.bookmepk.com/sky/assets/images/hotels/rooms/8d2b0730004bf5bfad9a1a93c41157cd.jpg,MED,App\Models\Hotels\Room,1732,room-image,2026-08-12 11:27:32,2026-08-12 11:27:32
3809294,image,https://cdn.bookmepk.com/sky/assets/images/hotels/rooms/2b0b220ad1fa60c721f1d998691431c1.jpg,MED,App\Models\Hotels\Room,1732,room-image,2026-08-12 11:27:32,2026-08-12 11:27:32
3809295,image,https://cdn.bookmepk.com/sky/assets/images/hotels/rooms/82e8f4ebe3812f939a856104e6b9246f.jpg,MED,App\Models\Hotels\Room,1732,room-image,2026-08-12 11:27:32,2026-08-12 11:27:32
3809296,image,https://cdn.bookmepk.com/sky/assets/images/hotels/rooms/345109c1505674f4768a7f180c928f56.jpg,MED,App\Models\Hotels\Room,1732,room-image,2026-08-12 11:27:33,2026-08-12 11:27:33
3809297,image,https://cdn.bookmepk.com/sky/assets/images/hotels/rooms/8d2b0730004bf5bfad9a1a93c41157cd.jpg,MED,App\Models\Hotels\Room,1733,room-image,2026-08-12 11:27:33,2026-08-12 11:27:33
3809298,image,https://cdn.bookmepk.com/sky/assets/images/hotels/rooms/2b0b220ad1fa60c721f1d998691431c1.jpg,MED,App\Models\Hotels\Room,1733,room-image,2026-08-12 11:27:33,2026-08-12 11:27:33
3809299,image,https://cdn.bookmepk.com/sky/assets/images/hotels/rooms/82e8f4ebe3812f939a856104e6b9246f.jpg,MED,App\Models\Hotels\Room,1733,room-image,2026-08-12 11:27:33,2026-08-12 11:27:33
3809300,image,https://cdn.bookmepk.com/sky/assets/images/hotels/rooms/345109c1505674f4768a7f180c928f56.jpg,MED,App\Models\Hotels\Room,1733,room-image,2026-08-12 11:27:33,2026-08-12 11:27:33
3809161,image,https://cdn.bookmepk.com/sky/assets/images/hotels/rooms/fff37c983589248c5b194e171f26590e.jpg,MED,App\Models\Hotels\Room,1734,room-image,2026-08-12 11:27:21,2026-08-12 11:27:21
3809162,image,https://cdn.bookmepk.com/sky/assets/images/hotels/rooms/8f28e74138fad41c2bc7f296d323a501.jpg,MED,App\Models\Hotels\Room,1734,room-image,2026-08-12 11:27:21,2026-08-12 11:27:21
3809163,image,https://cdn.bookmepk.com/sky/assets/images/hotels/rooms/8ec6c2c977364227ea1fad9226a274ba.jpg,MED,App\Models\Hotels\Room,1734,room-image,2026-08-12 11:27:21,2026-08-12 11:27:21
3809164,image,https://cdn.bookmepk.com/sky/assets/images/hotels/rooms/6a4bbc836edae41ec95b90a64c27de43.jpg,MED,App\Models\Hotels\Room,1734,room-image,2026-08-12 11:27:22,2026-08-12 11:27:22
3809165,image,https://cdn.bookmepk.com/sky/assets/images/hotels/rooms/8d2b0730004bf5bfad9a1a93c41157cd.jpg,MED,App\Models\Hotels\Room,1735,room-image,2026-08-12 11:27:22,2026-08-12 11:27:22
3809166,image,https://cdn.bookmepk.com/sky/assets/images/hotels/rooms/2b0b220ad1fa60c721f1d998691431c1.jpg,MED,App\Models\Hotels\Room,1735,room-image,2026-08-12 11:27:22,2026-08-12 11:27:22
3809167,image,https://cdn.bookmepk.com/sky/assets/images/hotels/rooms/82e8f4ebe3812f939a856104e6b9246f.jpg,MED,App\Models\Hotels\Room,1735,room-image,2026-08-12 11:27:22,2026-08-12 11:27:22
3809168,image,https://cdn.bookmepk.com/sky/assets/images/hotels/rooms/345109c1505674f4768a7f180c928f56.jpg,MED,App\Models\Hotels\Room,1735,room-image,2026-08-12 11:27:22,2026-08-12 11:27:22
3809301,image,https://cdn.bookmepk.com/sky/assets/images/hotels/rooms/3d780520b03a1acb6da6794779a7bb8d.jpg,MED,App\Models\Hotels\Room,1736,room-image,2026-08-12 11:27:33,2026-08-12 11:27:33
3809302,image,https://cdn.bookmepk.com/sky/assets/images/hotels/rooms/81c85eac6005c92da9678754eb174fb7.jpg,MED,App\Models\Hotels\Room,1736,room-image,2026-08-12 11:27:33,2026-08-12 11:27:33
3809303,image,https://cdn.bookmepk.com/sky/assets/images/hotels/rooms/f44894b2755c34ae54d2ff6db1cee8df.jpg,MED,App\Models\Hotels\Room,1736,room-image,2026-08-12 11:27:33,2026-08-12 11:27:33
3809304,image,https://cdn.bookmepk.com/sky/assets/images/hotels/rooms/a371bf44fff92b1d7a784e5149f57d33.jpg,MED,App\Models\Hotels\Room,1736,room-image,2026-08-12 11:27:33,2026-08-12 11:27:33
3809305,image,https://cdn.bookmepk.com/sky/assets/images/hotels/rooms/ddf17f22d075758003cdb652d7a0e149.jpg,MED,App\Models\Hotels\Room,1736,room-image,2026-08-12 11:27:33,2026-08-12 11:27:33
3809169,image,https://cdn.bookmepk.com/sky/assets/images/hotels/rooms/3d780520b03a1acb6da6794779a7bb8d.jpg,MED,App\Models\Hotels\Room,1737,room-image,2026-08-12 11:27:22,2026-08-12 11:27:22
3809170,image,https://cdn.bookmepk.com/sky/assets/images/hotels/rooms/81c85eac6005c92da9678754eb174fb7.jpg,MED,App\Models\Hotels\Room,1737,room-image,2026-08-12 11:27:22,2026-08-12 11:27:22
3809171,image,https://cdn.bookmepk.com/sky/assets/images/hotels/rooms/f44894b2755c34ae54d2ff6db1cee8df.jpg,MED,App\Models\Hotels\Room,1737,room-image,2026-08-12 11:27:22,2026-08-12 11:27:22
3809172,image,https://cdn.bookmepk.com/sky/assets/images/hotels/rooms/a371bf44fff92b1d7a784e5149f57d33.jpg,MED,App\Models\Hotels\Room,1737,room-image,2026-08-12 11:27:22,2026-08-12 11:27:22
3809173,image,https://cdn.bookmepk.com/sky/assets/images/hotels/rooms/ddf17f22d075758003cdb652d7a0e149.jpg,MED,App\Models\Hotels\Room,1737,room-image,2026-08-12 11:27:22,2026-08-12 11:27:22
3809306,image,https://cdn.bookmepk.com/sky/assets/images/hotels/rooms/bbb422c2d92563c13621b654dd6646bd.jpg,MED,App\Models\Hotels\Room,1738,room-image,2026-08-12 11:27:34,2026-08-12 11:27:34
3809307,image,https://cdn.bookmepk.com/sky/assets/images/hotels/rooms/b38f761c946fd0d07d04cfcccdb4e355.jpg,MED,App\Models\Hotels\Room,1738,room-image,2026-08-12 11:27:34,2026-08-12 11:27:34
3809308,image,https://cdn.bookmepk.com/sky/assets/images/hotels/rooms/f19c6399d7d069e617b8f1a9c0ad2830.jpg,MED,App\Models\Hotels\Room,1738,room-image,2026-08-12 11:27:34,2026-08-12 11:27:34
3809309,image,https://cdn.bookmepk.com/sky/assets/images/hotels/rooms/4b341c771d2d2422118158719036de0c.jpg,MED,App\Models\Hotels\Room,1738,room-image,2026-08-12 11:27:34,2026-08-12 11:27:34
3809310,image,https://cdn.bookmepk.com/sky/assets/images/hotels/rooms/95566e35db34b1c58f6afc8f19b42f74.jpg,MED,App\Models\Hotels\Room,1738,room-image,2026-08-12 11:27:34,2026-08-12 11:27:34
3809197,image,https://cdn.bookmepk.com/sky/assets/images/hotels/rooms/bbb422c2d92563c13621b654dd6646bd.jpg,MED,App\Models\Hotels\Room,1739,room-image,2026-08-12 11:27:24,2026-08-12 11:27:24
3809198,image,https://cdn.bookmepk.com/sky/assets/images/hotels/rooms/b38f761c946fd0d07d04cfcccdb4e355.jpg,MED,App\Models\Hotels\Room,1739,room-image,2026-08-12 11:27:24,2026-08-12 11:27:24
3809199,image,https://cdn.bookmepk.com/sky/assets/images/hotels/rooms/f19c6399d7d069e617b8f1a9c0ad2830.jpg,MED,App\Models\Hotels\Room,1739,room-image,2026-08-12 11:27:24,2026-08-12 11:27:24
3809200,image,https://cdn.bookmepk.com/sky/assets/images/hotels/rooms/4b341c771d2d2422118158719036de0c.jpg,MED,App\Models\Hotels\Room,1739,room-image,2026-08-12 11:27:24,2026-08-12 11:27:24
3809201,image,https://cdn.bookmepk.com/sky/assets/images/hotels/rooms/95566e35db34b1c58f6afc8f19b42f74.jpg,MED,App\Models\Hotels\Room,1739,room-image,2026-08-12 11:27:24,2026-08-12 11:27:24
3809311,image,https://cdn.bookmepk.com/sky/assets/images/hotels/rooms/ec5cc88020b98ba1f5c46f84e336b880.jpg,MED,App\Models\Hotels\Room,1740,room-image,2026-08-12 11:27:34,2026-08-12 11:27:34
3809312,image,https://cdn.bookmepk.com/sky/assets/images/hotels/rooms/88e5cf9a6b9284c986ee08ebbe428c3f.jpg,MED,App\Models\Hotels\Room,1740,room-image,2026-08-12 11:27:34,2026-08-12 11:27:34
3809313,image,https://cdn.bookmepk.com/sky/assets/images/hotels/rooms/e3b84aa59b9e9b129dddf9a50786026d.jpg,MED,App\Models\Hotels\Room,1740,room-image,2026-08-12 11:27:34,2026-08-12 11:27:34
3809314,image,https://cdn.bookmepk.com/sky/assets/images/hotels/rooms/8a4b1d1ef34acbae440f2f45b6448b64.jpg,MED,App\Models\Hotels\Room,1740,room-image,2026-08-12 11:27:34,2026-08-12 11:27:34
3809315,image,https://cdn.bookmepk.com/sky/assets/images/hotels/rooms/2c721e4fbe1f2d86e470373eb18c1561.jpg,MED,App\Models\Hotels\Room,1740,room-image,2026-08-12 11:27:34,2026-08-12 11:27:34
3809217,image,https://cdn.bookmepk.com/sky/assets/images/hotels/rooms/ec5cc88020b98ba1f5c46f84e336b880.jpg,MED,App\Models\Hotels\Room,1741,room-image,2026-08-12 11:27:26,2026-08-12 11:27:26
3809218,image,https://cdn.bookmepk.com/sky/assets/images/hotels/rooms/88e5cf9a6b9284c986ee08ebbe428c3f.jpg,MED,App\Models\Hotels\Room,1741,room-image,2026-08-12 11:27:26,2026-08-12 11:27:26
3809219,image,https://cdn.bookmepk.com/sky/assets/images/hotels/rooms/e3b84aa59b9e9b129dddf9a50786026d.jpg,MED,App\Models\Hotels\Room,1741,room-image,2026-08-12 11:27:26,2026-08-12 11:27:26
3809220,image,https://cdn.bookmepk.com/sky/assets/images/hotels/rooms/8a4b1d1ef34acbae440f2f45b6448b64.jpg,MED,App\Models\Hotels\Room,1741,room-image,2026-08-12 11:27:26,2026-08-12 11:27:26
3809221,image,https://cdn.bookmepk.com/sky/assets/images/hotels/rooms/2c721e4fbe1f2d86e470373eb18c1561.jpg,MED,App\Models\Hotels\Room,1741,room-image,2026-08-12 11:27:26,2026-08-12 11:27:26
3809083,image,https://cdn.bookmepk.com/sky/assets/images/hotels/rooms/e5ee10cceae3e306382cd2fa1c3910aa.jpg,MED,App\Models\Hotels\Room,1750,room-image,2026-08-12 11:27:13,2026-08-12 11:27:13
3809084,image,https://cdn.bookmepk.com/sky/assets/images/hotels/rooms/2b0b220ad1fa60c721f1d998691431c1.jpg,MED,App\Models\Hotels\Room,1750,room-image,2026-08-12 11:27:13,2026-08-12 11:27:13
3809085,image,https://cdn.bookmepk.com/sky/assets/images/hotels/rooms/8eca5126716b5822f533237b294d0686.jpg,MED,App\Models\Hotels\Room,1750,room-image,2026-08-12 11:27:14,2026-08-12 11:27:14
3809086,image,https://cdn.bookmepk.com/sky/assets/images/hotels/rooms/345109c1505674f4768a7f180c928f56.jpg,MED,App\Models\Hotels\Room,1750,room-image,2026-08-12 11:27:14,2026-08-12 11:27:14
3809356,image,https://cdn.bookmepk.com/sky/assets/images/hotels/rooms/fe35a2f93fa8aec31481f4fbea7a0bfd.jpg,MED,App\Models\Hotels\Room,1758,room-image,2026-08-12 12:40:54,2026-08-12 12:40:54
3809357,image,https://cdn.bookmepk.com/sky/assets/images/hotels/rooms/f7cfeb277c3451d62de18092728f69e6.jpg,MED,App\Models\Hotels\Room,1758,room-image,2026-08-12 12:40:54,2026-08-12 12:40:54
3809358,image,https://cdn.bookmepk.com/sky/assets/images/hotels/rooms/f1d213ca46130f0df589c51e387d2fd2.jpg,MED,App\Models\Hotels\Room,1758,room-image,2026-08-12 12:40:54,2026-08-12 12:40:54
3809359,image,https://cdn.bookmepk.com/sky/assets/images/hotels/rooms/162e100529697ae163e1b76789c483f2.jpg,MED,App\Models\Hotels\Room,1758,room-image,2026-08-12 12:40:54,2026-08-12 12:40:54
3809360,image,https://cdn.bookmepk.com/sky/assets/images/hotels/rooms/71283711c8db7aedbe1d94d67040a47f.jpg,MED,App\Models\Hotels\Room,1758,room-image,2026-08-12 12:40:54,2026-08-12 12:40:54
3809351,image,https://cdn.bookmepk.com/sky/assets/images/hotels/rooms/fe35a2f93fa8aec31481f4fbea7a0bfd.jpg,MED,App\Models\Hotels\Room,1759,room-image,2026-08-12 12:40:53,2026-08-12 12:40:53
3809352,image,https://cdn.bookmepk.com/sky/assets/images/hotels/rooms/f7cfeb277c3451d62de18092728f69e6.jpg,MED,App\Models\Hotels\Room,1759,room-image,2026-08-12 12:40:53,2026-08-12 12:40:53
3809353,image,https://cdn.bookmepk.com/sky/assets/images/hotels/rooms/f1d213ca46130f0df589c51e387d2fd2.jpg,MED,App\Models\Hotels\Room,1759,room-image,2026-08-12 12:40:53,2026-08-12 12:40:53
3809354,image,https://cdn.bookmepk.com/sky/assets/images/hotels/rooms/162e100529697ae163e1b76789c483f2.jpg,MED,App\Models\Hotels\Room,1759,room-image,2026-08-12 12:40:53,2026-08-12 12:40:53
3809355,image,https://cdn.bookmepk.com/sky/assets/images/hotels/rooms/71283711c8db7aedbe1d94d67040a47f.jpg,MED,App\Models\Hotels\Room,1759,room-image,2026-08-12 12:40:54,2026-08-12 12:40:54
3809366,image,https://cdn.bookmepk.com/sky/assets/images/hotels/rooms/4ed95bdc74791d0073eef9795745059c.jpg,MED,App\Models\Hotels\Room,1760,room-image,2026-08-12 12:40:56,2026-08-12 12:40:56
3809367,image,https://cdn.bookmepk.com/sky/assets/images/hotels/rooms/8f28e74138fad41c2bc7f296d323a501.jpg,MED,App\Models\Hotels\Room,1760,room-image,2026-08-12 12:40:56,2026-08-12 12:40:56
3809368,image,https://cdn.bookmepk.com/sky/assets/images/hotels/rooms/7163c604820c0e951454d5cc8b7be6fd.jpg,MED,App\Models\Hotels\Room,1760,room-image,2026-08-12 12:40:56,2026-08-12 12:40:56
3809369,image,https://cdn.bookmepk.com/sky/assets/images/hotels/rooms/74316653ef1064798572c1b5f9b6b7c6.jpg,MED,App\Models\Hotels\Room,1760,room-image,2026-08-12 12:40:56,2026-08-12 12:40:56
3809370,image,https://cdn.bookmepk.com/sky/assets/images/hotels/rooms/0fd2aaeede9ccd11464d0823d97865be.jpg,MED,App\Models\Hotels\Room,1760,room-image,2026-08-12 12:40:57,2026-08-12 12:40:57
3809361,image,https://cdn.bookmepk.com/sky/assets/images/hotels/rooms/4ed95bdc74791d0073eef9795745059c.jpg,MED,App\Models\Hotels\Room,1761,room-image,2026-08-12 12:40:55,2026-08-12 12:40:55
3809362,image,https://cdn.bookmepk.com/sky/assets/images/hotels/rooms/8f28e74138fad41c2bc7f296d323a501.jpg,MED,App\Models\Hotels\Room,1761,room-image,2026-08-12 12:40:55,2026-08-12 12:40:55
3809363,image,https://cdn.bookmepk.com/sky/assets/images/hotels/rooms/7163c604820c0e951454d5cc8b7be6fd.jpg,MED,App\Models\Hotels\Room,1761,room-image,2026-08-12 12:40:55,2026-08-12 12:40:55
3809364,image,https://cdn.bookmepk.com/sky/assets/images/hotels/rooms/74316653ef1064798572c1b5f9b6b7c6.jpg,MED,App\Models\Hotels\Room,1761,room-image,2026-08-12 12:40:55,2026-08-12 12:40:55
3809365,image,https://cdn.bookmepk.com/sky/assets/images/hotels/rooms/0fd2aaeede9ccd11464d0823d97865be.jpg,MED,App\Models\Hotels\Room,1761,room-image,2026-08-12 12:40:55,2026-08-12 12:40:55
3809320,image,https://cdn.bookmepk.com/sky/assets/images/hotels/rooms/fe35a2f93fa8aec31481f4fbea7a0bfd.jpg,MED,App\Models\Hotels\Room,1765,room-image,2026-08-12 11:32:55,2026-08-12 11:32:55
3809321,image,https://cdn.bookmepk.com/sky/assets/images/hotels/rooms/f7cfeb277c3451d62de18092728f69e6.jpg,MED,App\Models\Hotels\Room,1765,room-image,2026-08-12 11:32:55,2026-08-12 11:32:55
3809322,image,https://cdn.bookmepk.com/sky/assets/images/hotels/rooms/f1d213ca46130f0df589c51e387d2fd2.jpg,MED,App\Models\Hotels\Room,1765,room-image,2026-08-12 11:32:56,2026-08-12 11:32:56
3809323,image,https://cdn.bookmepk.com/sky/assets/images/hotels/rooms/162e100529697ae163e1b76789c483f2.jpg,MED,App\Models\Hotels\Room,1765,room-image,2026-08-12 11:32:56,2026-08-12 11:32:56
3809324,image,https://cdn.bookmepk.com/sky/assets/images/hotels/rooms/71283711c8db7aedbe1d94d67040a47f.jpg,MED,App\Models\Hotels\Room,1765,room-image,2026-08-12 11:32:56,2026-08-12 11:32:56
3809316,image,https://cdn.bookmepk.com/sky/assets/images/hotels/rooms/8d2b0730004bf5bfad9a1a93c41157cd.jpg,MED,App\Models\Hotels\Room,1770,room-image,2026-08-12 11:27:35,2026-08-12 11:27:35
3809317,image,https://cdn.bookmepk.com/sky/assets/images/hotels/rooms/2b0b220ad1fa60c721f1d998691431c1.jpg,MED,App\Models\Hotels\Room,1770,room-image,2026-08-12 11:27:35,2026-08-12 11:27:35
3809318,image,https://cdn.bookmepk.com/sky/assets/images/hotels/rooms/82e8f4ebe3812f939a856104e6b9246f.jpg,MED,App\Models\Hotels\Room,1770,room-image,2026-08-12 11:27:35,2026-08-12 11:27:35
3809319,image,https://cdn.bookmepk.com/sky/assets/images/hotels/rooms/345109c1505674f4768a7f180c928f56.jpg,MED,App\Models\Hotels\Room,1770,room-image,2026-08-12 11:27:35,2026-08-12 11:27:35
3809330,image,https://cdn.example/b.jpg,MED,App\Models\Hotels\Room,1772,room-image,2026-08-12 12:15:18,2026-08-12 12:15:18
3809341,image,https://cdn.bookmepk.com/sky/assets/images/hotels/rooms/c0fa1bd0e7bb66c0453faea7303290f1.jpg,MED,App\Models\Hotels\Room,1840,room-image,2026-08-12 12:40:50,2026-08-12 12:40:50
3809342,image,https://cdn.bookmepk.com/sky/assets/images/hotels/rooms/690c08749d5f0dac00b1f6b052679630.jpg,MED,App\Models\Hotels\Room,1840,room-image,2026-08-12 12:40:50,2026-08-12 12:40:50
3809343,image,https://cdn.bookmepk.com/sky/assets/images/hotels/rooms/fe1ac861cac05d27834f257ffdfc6aad.jpg,MED,App\Models\Hotels\Room,1840,room-image,2026-08-12 12:40:50,2026-08-12 12:40:50
3809344,image,https://cdn.bookmepk.com/sky/assets/images/hotels/rooms/22281a25d0fbc2b8596a11d08e8df3a5.jpg,MED,App\Models\Hotels\Room,1840,room-image,2026-08-12 12:40:50,2026-08-12 12:40:50
3809345,image,https://cdn.bookmepk.com/sky/assets/images/hotels/rooms/5f721d05e6598ac0bbc6356c2302b7d9.jpg,MED,App\Models\Hotels\Room,1840,room-image,2026-08-12 12:40:51,2026-08-12 12:40:51
3809346,image,https://cdn.bookmepk.com/sky/assets/images/hotels/rooms/3d780520b03a1acb6da6794779a7bb8d.jpg,MED,App\Models\Hotels\Room,1851,room-image,2026-08-12 12:40:51,2026-08-12 12:40:51
3809347,image,https://cdn.bookmepk.com/sky/assets/images/hotels/rooms/81c85eac6005c92da9678754eb174fb7.jpg,MED,App\Models\Hotels\Room,1851,room-image,2026-08-12 12:40:52,2026-08-12 12:40:52
3809348,image,https://cdn.bookmepk.com/sky/assets/images/hotels/rooms/f44894b2755c34ae54d2ff6db1cee8df.jpg,MED,App\Models\Hotels\Room,1851,room-image,2026-08-12 12:40:52,2026-08-12 12:40:52
3809349,image,https://cdn.bookmepk.com/sky/assets/images/hotels/rooms/a371bf44fff92b1d7a784e5149f57d33.jpg,MED,App\Models\Hotels\Room,1851,room-image,2026-08-12 12:40:52,2026-08-12 12:40:52
3809350,image,https://cdn.bookmepk.com/sky/assets/images/hotels/rooms/ddf17f22d075758003cdb652d7a0e149.jpg,MED,App\Models\Hotels\Room,1851,room-image,2026-08-12 12:40:52,2026-08-12 12:40:52
3809333,image,https://cdn.bookmepk.com/sky/assets/images/hotels/rooms/50209ec73fcaab8d4d718e9d4a3bf87a.jpg,MED,App\Models\Hotels\Room,1883,room-image,2026-08-12 12:40:27,2026-08-12 12:40:27
3809334,image,https://cdn.bookmepk.com/sky/assets/images/hotels/rooms/c132c3c62d5d238baa45ad03c4c7e246.jpg,MED,App\Models\Hotels\Room,1883,room-image,2026-08-12 12:40:27,2026-08-12 12:40:27
3809335,image,https://cdn.bookmepk.com/sky/assets/images/hotels/rooms/49f1dfe1370e2435a987b4567ac4277b.jpg,MED,App\Models\Hotels\Room,1883,room-image,2026-08-12 12:40:27,2026-08-12 12:40:27
3809336,image,https://cdn.bookmepk.com/sky/assets/images/hotels/rooms/fcf3480d1522e6686f2740f4e38f8f45.jpg,MED,App\Models\Hotels\Room,1883,room-image,2026-08-12 12:40:28,2026-08-12 12:40:28
3809331,image,https://cdn.example/b.jpg,MED,App\Models\Hotels\Room,1891,room-image,2026-08-12 12:20:10,2026-08-12 12:20:10
3809332,image,https://cdn.example/b.jpg,MED,App\Models\Hotels\Room,1893,room-image,2026-08-12 12:38:43,2026-08-12 12:38:43
3809337,image,https://cdn.bookmepk.com/sky/assets/images/hotels/rooms/50209ec73fcaab8d4d718e9d4a3bf87a.jpg,MED,App\Models\Hotels\Room,1894,room-image,2026-08-12 12:40:28,2026-08-12 12:40:28
3809338,image,https://cdn.bookmepk.com/sky/assets/images/hotels/rooms/c132c3c62d5d238baa45ad03c4c7e246.jpg,MED,App\Models\Hotels\Room,1894,room-image,2026-08-12 12:40:28,2026-08-12 12:40:28
3809339,image,https://cdn.bookmepk.com/sky/assets/images/hotels/rooms/49f1dfe1370e2435a987b4567ac4277b.jpg,MED,App\Models\Hotels\Room,1894,room-image,2026-08-12 12:40:28,2026-08-12 12:40:28
3809340,image,https://cdn.bookmepk.com/sky/assets/images/hotels/rooms/fcf3480d1522e6686f2740f4e38f8f45.jpg,MED,App\Models\Hotels\Room,1894,room-image,2026-08-12 12:40:29,2026-08-12 12:40:29
3809371,image,https://cdn.example/b.jpg,MED,App\Models\Hotels\Room,1896,room-image,2026-08-12 12:56:33,2026-08-12 12:56:33
3809372,image,https://example.test/img2.jpg,MED,App\Models\Hotels\Room,1898,room-image,2026-08-12 18:00:07,2026-08-12 18:00:07
