id,hotel_id,v2_common_hotel_id,name,description,room_category_id,thumbnail,max_adults,max_children,created_at,updated_at,size_sqft
48,0,602,Deluxe Studio,,10,https://cdn.bookmepk.com/sky/assets/images/hotels/rooms/521df2c57a4531d6d7968197261f1f81.jpg,,,2026-08-06 10:02:55,2026-08-06 10:02:55,
49,0,602,Deluxe apartment 1 bedroom,,11,https://cdn.bookmepk.com/sky/assets/images/hotels/rooms/dc757ed3c5656813e0dec714dbe3de76.jpg,,,2026-08-06 10:02:56,2026-08-06 10:02:56,
50,0,602,1 Bedroom Deluxe,,11,https://cdn.bookmepk.com/sky/assets/images/hotels/rooms/dc757ed3c5656813e0dec714dbe3de76.jpg,,,2026-08-06 10:02:58,2026-08-11 11:32:39,700
51,0,602,Premier One-Bedroom Apartment with Free Beach Transfer,,11,https://cdn.bookmepk.com/sky/assets/images/hotels/rooms/7598079dd176fd5bf63c6fccc4b10f0e.jpg,,,2026-08-06 10:02:59,2026-08-06 10:02:59,
52,0,602,1 Bedroom Premier,,11,https://cdn.bookmepk.com/sky/assets/images/hotels/rooms/5d88087fda5e5cb1d3a048c680c8a622.jpg,,,2026-08-06 10:03:00,2026-08-11 11:32:39,646
53,0,602,Two-Bedroom Deluxe City View Apartment with Free Beach Transfer,,12,https://cdn.bookmepk.com/sky/assets/images/hotels/rooms/6e545171e56b0b4669da2fa6a23657d9.jpg,,,2026-08-06 10:03:02,2026-08-06 10:03:02,
54,0,602,2 Bedroom Deluxe,,12,https://cdn.bookmepk.com/sky/assets/images/hotels/rooms/b1ac3e7a276828374eaea6a792c56342.jpg,,,2026-08-06 10:03:03,2026-08-11 11:32:39,1098
55,0,603,Superior City View Room,,24,https://cdn.bookmepk.com/sky/assets/images/hotels/rooms/17f515e0c8bb5849dc78cba69ca1adef.jpg,,,2026-08-06 10:03:58,2026-08-11 11:32:57,560
56,0,603,Superior Pool View Room,,24,https://cdn.bookmepk.com/sky/assets/images/hotels/rooms/0eb4c91f4bba7a080665e1ac2f4c03dc.jpg,,,2026-08-06 10:04:01,2026-08-11 11:32:58,560
57,0,603,Deluxe City View Room,,23,https://cdn.bookmepk.com/sky/assets/images/hotels/rooms/17f515e0c8bb5849dc78cba69ca1adef.jpg,,,2026-08-06 10:04:02,2026-08-11 11:32:58,560
58,0,603,Deluxe Pool View Room,,23,https://cdn.bookmepk.com/sky/assets/images/hotels/rooms/0eb4c91f4bba7a080665e1ac2f4c03dc.jpg,,,2026-08-06 10:04:04,2026-08-11 11:32:58,560
59,0,603,Superior Suite,,8,https://cdn.bookmepk.com/sky/assets/images/hotels/rooms/279bd674946ffe4909afce818b4ef6e1.jpg,,,2026-08-06 10:04:06,2026-08-11 11:32:58,1238
60,0,603,Luxury Suite,,8,https://cdn.bookmepk.com/sky/assets/images/hotels/rooms/4e70b9a804c1ac2894a11e9c1de9787f.jpg,,,2026-08-06 10:04:07,2026-08-11 11:32:58,1981
61,0,603,Anatara Royal Suite with Pool,,6,https://cdn.bookmepk.com/sky/assets/images/hotels/rooms/cb5ce49dbe09ad5950b2766c975097fb.jpg,,,2026-08-06 10:04:08,2026-08-11 11:32:58,2530
62,0,604,Standard Room,,25,https://cdn.bookmepk.com/sky/assets/images/hotels/rooms/0cd4cf084a66a642f8ceded545ebac66.jpg,,,2026-08-06 10:05:25,2026-08-11 11:33:08,409
63,0,604,Premier Lagoon View Room,,22,https://cdn.bookmepk.com/sky/assets/images/hotels/rooms/0e6d8906d401e2c65624e98bead03db6.jpg,,,2026-08-06 10:05:26,2026-08-11 11:33:10,506
64,0,604,One Bedroom Apartment,,11,https://cdn.bookmepk.com/sky/assets/images/hotels/rooms/5c274aab2e9569ecf37a79655d0280bd.jpg,,,2026-08-06 10:05:28,2026-08-11 11:33:10,1152
65,0,604,Deluxe Lagoon View Room,,23,https://cdn.bookmepk.com/sky/assets/images/hotels/rooms/22a5c8a1a7a53c724b467e4e2c78539c.jpg,,,2026-08-06 10:05:29,2026-08-11 11:33:13,560
66,0,604,Lotus Lagoon View Room - Adults Only,,26,https://cdn.bookmepk.com/sky/assets/images/hotels/rooms/f7fd7d787a532642d9733344c5fcef4e.jpg,,,2026-08-06 10:05:32,2026-08-06 10:05:32,
67,0,604,Premier Lagoon Access Room,,22,https://cdn.bookmepk.com/sky/assets/images/hotels/rooms/eb0ab19d04ebd314326b9b2b51457e98.jpg,,,2026-08-06 10:05:34,2026-08-11 11:33:15,506
68,0,604,Lotus Lagoon Access Room - Adults Only,,26,https://cdn.bookmepk.com/sky/assets/images/hotels/rooms/34afe5493eb04207580a730e68b40b2c.jpg,,,2026-08-06 10:05:35,2026-08-06 10:05:35,
69,0,604,Deluxe Lagoon Access Room,,23,https://cdn.bookmepk.com/sky/assets/images/hotels/rooms/3abf942707721cec1ebfbf963589b7c8.jpg,,,2026-08-06 10:05:37,2026-08-11 11:33:17,560
70,0,604,Two Bedroom Apartment,,12,https://cdn.bookmepk.com/sky/assets/images/hotels/rooms/acd15ee734f8cdb67e37f49ee1b516d3.jpg,,,2026-08-06 10:05:38,2026-08-11 11:33:18,1765
71,0,604,One Bedroom Over Water Villa,,3,https://cdn.bookmepk.com/sky/assets/images/hotels/rooms/a8a0c18f28c4c0f2bd8f4e8330ed3c9b.jpg,,,2026-08-06 10:05:40,2026-08-11 11:33:20,1141
72,0,604,One Bedroom Beach Pool Villa,,4,https://cdn.bookmepk.com/sky/assets/images/hotels/rooms/5536c606f4eb67ccb774542ddfeb5572.jpg,,,2026-08-06 10:05:42,2026-08-11 11:33:21,915
73,0,605,Twin Guest Room with Balcony,,26,https://cdn.bookmepk.com/sky/assets/images/hotels/rooms/6acbd755a190e845564bb98c02c0e44e.jpg,,,2026-08-06 10:08:08,2026-08-11 11:33:40,538
74,0,605,King Deluxe Room with Balcony,,23,https://cdn.bookmepk.com/sky/assets/images/hotels/rooms/d01f8cf33c114d8e933961e3ff645c6c.jpg,,,2026-08-06 10:08:09,2026-08-11 11:33:40,538
75,0,605,Twin Deluxe Room With Sea View - Balcony,,23,https://cdn.bookmepk.com/sky/assets/images/hotels/rooms/3c53e90be59926ca982da0fe9d5881be.jpg,,,2026-08-06 10:08:10,2026-08-06 10:08:10,
76,0,605,King Deluxe Room with Sea View,,23,https://cdn.bookmepk.com/sky/assets/images/hotels/rooms/35d0b67e9f2ad754eabd688f6f108692.jpg,,,2026-08-06 10:08:10,2026-08-11 11:33:41,538
77,0,605,King Executive Room With Sea View - Balcony,,21,https://cdn.bookmepk.com/sky/assets/images/hotels/rooms/0f1bc505fc07be4e758409795704290d.jpg,,,2026-08-06 10:08:11,2026-08-06 10:08:11,
78,0,605,King Junior Suite with Balcony,,7,https://cdn.bookmepk.com/sky/assets/images/hotels/rooms/ef7e07ec3970a347c625d2bf75e80eb3.jpg,,,2026-08-06 10:08:11,2026-08-11 11:33:42,646
79,0,605,King Junior Suite With Sea View - Balcony,,7,https://cdn.bookmepk.com/sky/assets/images/hotels/rooms/00a4ba4abb3658cb4f35fc5a85312c7f.jpg,,,2026-08-06 10:08:12,2026-08-06 10:08:12,
80,0,605,2 Bedroom Family Suite with Balcony,,8,https://cdn.bookmepk.com/sky/assets/images/hotels/rooms/81aad1ec5db8f2e2ad7cc5f29deb63c2.jpg,,,2026-08-06 10:08:13,2026-08-11 11:33:49,1561
81,0,605,2 Bedroom Family Suite W/ Sea View - Balcony,,8,https://cdn.bookmepk.com/sky/assets/images/hotels/rooms/73547dc526e16fe5fdac4b669c290c7b.jpg,,,2026-08-06 10:08:13,2026-08-06 10:08:13,
82,0,605,King Duplex Suite,,8,https://cdn.bookmepk.com/sky/assets/images/hotels/rooms/4a7d2aa09e61b5c1c00c2fa2805074e9.jpg,,,2026-08-06 10:08:14,2026-08-06 10:08:14,
83,0,605,King Duplex Suite with Sea View,,8,https://cdn.bookmepk.com/sky/assets/images/hotels/rooms/4e6ec2460e264fcd4a5a81c135867a1a.jpg,,,2026-08-06 10:08:14,2026-08-06 10:08:14,
84,0,605,3 Bedroom Family Suite With Balcony,,8,https://cdn.bookmepk.com/sky/assets/images/hotels/rooms/81aad1ec5db8f2e2ad7cc5f29deb63c2.jpg,,,2026-08-06 10:08:15,2026-08-11 11:33:49,1894
85,0,605,3 Bedroom Family Suite W/ Sea View - Balcony,,8,https://cdn.bookmepk.com/sky/assets/images/hotels/rooms/73547dc526e16fe5fdac4b669c290c7b.jpg,,,2026-08-06 10:08:16,2026-08-06 10:08:16,
86,0,605,4 Bedroom Family Suite With Balcony,,8,https://cdn.bookmepk.com/sky/assets/images/hotels/rooms/7229355bbeadf7829881d84f68e37082.jpg,,,2026-08-06 10:08:16,2026-08-11 11:33:50,2820
87,0,605,4 Bedroom Family Suite W/ Sea View - Balcony,,8,https://cdn.bookmepk.com/sky/assets/images/hotels/rooms/b35049b5f1bf7b5c96a98af05c36ee80.jpg,,,2026-08-06 10:08:17,2026-08-06 10:08:17,
88,0,606,Two Queens Deluxe Room W/ Partial Sea View,,23,https://cdn.bookmepk.com/sky/assets/images/hotels/rooms/03bcb590c60601c2430f1efca11baea1.jpg,,,2026-08-06 10:09:33,2026-08-11 11:34:14,420
89,0,606,King Deluxe Room W/ Partial Sea View,,23,https://cdn.bookmepk.com/sky/assets/images/hotels/rooms/347d2e0359c1687b863c18e352ae1692.jpg,,,2026-08-06 10:09:33,2026-08-11 11:34:14,420
90,0,606,Two Queens Deluxe Room W/ Sea View - Balcony,,23,https://cdn.bookmepk.com/sky/assets/images/hotels/rooms/2a557da2d363856e59308c2b4d04d8c6.jpg,,,2026-08-06 10:09:34,2026-08-06 10:09:34,
91,0,606,King Deluxe Room W/ Sea View - Balcony,,23,https://cdn.bookmepk.com/sky/assets/images/hotels/rooms/61797a87a7928c6fc20d89abac0be4a3.jpg,,,2026-08-06 10:09:35,2026-08-06 10:09:35,
92,0,606,Two Queen Deluxe Room W/ Ain Dubai - Sea View,,23,https://cdn.bookmepk.com/sky/assets/images/hotels/rooms/075321d64a139c7e3f66aee826ae34dc.jpg,,,2026-08-06 10:09:35,2026-08-06 10:09:35,
93,0,606,King Deluxe Room W/ Ain Dubai - Sea View,,23,https://cdn.bookmepk.com/sky/assets/images/hotels/rooms/855cb06b0f9f4011bea39202a27ff89f.jpg,,,2026-08-06 10:09:36,2026-08-06 10:09:36,
94,0,606,Two Queens Exec Room W/ Sea View - Balcony,,21,https://cdn.bookmepk.com/sky/assets/images/hotels/rooms/f776fc511eb931324d6a328dc4f487ec.jpg,,,2026-08-06 10:09:36,2026-08-06 10:09:36,
95,0,606,King Executive Room With Sea View - Balcony,,21,https://cdn.bookmepk.com/sky/assets/images/hotels/rooms/04932ad05b35f18d0af94732d1edee70.jpg,,,2026-08-06 10:09:37,2026-08-06 10:09:37,
96,0,606,King One Bedroom Suite W/ Sea View - Balcony,,8,https://cdn.bookmepk.com/sky/assets/images/hotels/rooms/796f711dd020cba7e818662ff32dee50.jpg,,,2026-08-06 10:09:38,2026-08-06 10:09:38,
97,0,606,King Corner Suite With Sea View - Balcony,,8,https://cdn.bookmepk.com/sky/assets/images/hotels/rooms/d636bdea16e8eb72a53898c7fe81f2e6.jpg,,,2026-08-06 10:09:38,2026-08-06 10:09:38,
98,0,606,King Executive Suite With Sea View,,2,https://cdn.bookmepk.com/sky/assets/images/hotels/rooms/4cbaa8a230e93ff0d0743f9662d5fa8c.jpg,,,2026-08-06 10:09:39,2026-08-11 11:34:23,743
99,0,606,King Gulf Suite With Sea View - Balcony,,8,https://cdn.bookmepk.com/sky/assets/images/hotels/rooms/04cb36d0f7cab28688cb95b1e35407cf.jpg,,,2026-08-06 10:09:39,2026-08-06 10:09:39,
100,0,606,Two Queens Fam Suite W/ Partial Sea View,,8,https://cdn.bookmepk.com/sky/assets/images/hotels/rooms/409c750d92669224011831dfda0f3ec9.jpg,,,2026-08-06 10:09:40,2026-08-11 11:34:25,743
101,0,606,King Royal Suite With Sea View - Balcony,,6,https://cdn.bookmepk.com/sky/assets/images/hotels/rooms/0057692a59347ad9c5945fec9794f7d3.jpg,,,2026-08-06 10:09:40,2026-08-06 10:09:40,
103,0,7288,Classic Room,,25,https://cdn.bookmepk.com/sky/assets/images/hotels/rooms/51b2573d8ffc6c2d9adbc27c207e71aa.jpg,,,2026-08-06 11:43:01,2026-08-06 11:43:01,
104,0,7288,Superior City View,,24,https://cdn.bookmepk.com/sky/assets/images/hotels/rooms/e378a5e4bbdd8e016ebc85f70ce193b5.jpg,,,2026-08-06 11:43:03,2026-08-06 11:43:03,
105,0,7288,Superior Twin Room,,24,https://cdn.bookmepk.com/sky/assets/images/hotels/rooms/e378a5e4bbdd8e016ebc85f70ce193b5.jpg,,,2026-08-06 11:43:04,2026-08-06 11:43:04,
106,0,7288,Suite,,8,https://cdn.bookmepk.com/sky/assets/images/hotels/rooms/544ea062b9a17a728757605ede659b9d.jpg,,,2026-08-06 11:43:05,2026-08-06 11:43:05,
107,0,7442,Standard Double Room,,25,https://cdn.bookmepk.com/sky/assets/images/hotels/rooms/824d758a60e71e025be7c66c2a466588.jpg,,,2026-08-06 11:44:16,2026-08-06 11:44:16,
108,0,7442,Superior Double Room,,24,https://cdn.bookmepk.com/sky/assets/images/hotels/rooms/c7049d30bc1382c1b8efef21d0525faf.jpg,,,2026-08-06 11:44:17,2026-08-06 11:44:17,
109,0,7442,Executive Suite,,2,https://cdn.bookmepk.com/sky/assets/images/hotels/rooms/ebc8f07c3c573ae300ebc6ff53dad1a1.jpg,,,2026-08-06 11:44:18,2026-08-06 11:44:18,
110,0,7442,Standard Apartment,,15,https://cdn.bookmepk.com/sky/assets/images/hotels/rooms/d4760d780f8afa315552b9df65074f79.jpg,,,2026-08-06 11:44:19,2026-08-06 11:44:19,
111,0,7442,Superior Apartment,,15,https://cdn.bookmepk.com/sky/assets/images/hotels/rooms/d4760d780f8afa315552b9df65074f79.jpg,,,2026-08-06 11:44:20,2026-08-06 11:44:20,
112,0,7442,Standard Triple Room,,19,https://cdn.bookmepk.com/sky/assets/images/hotels/rooms/d4760d780f8afa315552b9df65074f79.jpg,,,2026-08-06 11:44:21,2026-08-06 11:44:21,
113,0,7674,Premium Triple Apartment,,15,https://cdn.bookmepk.com/sky/assets/images/hotels/rooms/2014a2590b819521092ab6991e9e19a0.jpg,,,2026-08-06 11:45:49,2026-08-06 11:45:49,
114,0,7674,Deluxe Apartment,,15,https://cdn.bookmepk.com/sky/assets/images/hotels/rooms/252828db37a25a2945f99ab8ab38771f.jpg,,,2026-08-06 11:45:50,2026-08-06 11:45:50,
115,0,7674,Premium Family Apartment,,15,https://cdn.bookmepk.com/sky/assets/images/hotels/rooms/b0126afa69bbb895ad74ea2d442bf783.jpg,,,2026-08-06 11:45:51,2026-08-06 11:45:51,
116,0,7674,Duplex Apartment,,15,https://cdn.bookmepk.com/sky/assets/images/hotels/rooms/0f5fc6df26e7250f4f20f9d0d3f97ffe.jpg,,,2026-08-06 11:45:53,2026-08-06 11:45:53,
117,0,7674,Superior Family Apartment,,15,https://cdn.bookmepk.com/sky/assets/images/hotels/rooms/da231a18ba2776ac7ab6b84a753b7f66.jpg,,,2026-08-06 11:45:54,2026-08-06 11:45:54,
118,0,7674,Premium Double Room,,22,https://cdn.bookmepk.com/sky/assets/images/hotels/rooms/9e8bc32e76220d75a3fb8810dd315915.jpg,,,2026-08-06 11:45:55,2026-08-06 11:45:55,
119,0,7674,Premium Triple Room,,19,https://cdn.bookmepk.com/sky/assets/images/hotels/rooms/feb7ecf67b20086f2a2c2e8b47780e17.jpg,,,2026-08-06 11:45:56,2026-08-06 11:45:56,
120,0,7088,Double Standard,,25,,,,2026-08-06 12:34:43,2026-08-06 12:34:43,
121,0,7088,Twin Room Superior,,24,https://cdn.bookmepk.com/sky/assets/images/hotels/rooms/06873139eb5038d8cd38e8abe5e9fbf3.jpg,,,2026-08-06 12:34:43,2026-08-06 12:34:43,
122,0,7088,Double Room Superior,,24,https://cdn.bookmepk.com/sky/assets/images/hotels/rooms/d3162c707cd88e8c909f7a0bcc72de89.jpg,,,2026-08-06 12:34:45,2026-08-06 12:34:45,
123,0,7088,Quadruple Superior,,19,https://cdn.bookmepk.com/sky/assets/images/hotels/rooms/d3162c707cd88e8c909f7a0bcc72de89.jpg,,,2026-08-06 12:34:46,2026-08-06 12:34:46,
124,0,7088,"Standard Room, 1 Queen Bed",,25,,,,2026-08-06 12:34:48,2026-08-06 12:34:48,
125,0,7088,Twin Superior,,24,https://cdn.bookmepk.com/sky/assets/images/hotels/rooms/06873139eb5038d8cd38e8abe5e9fbf3.jpg,,,2026-08-06 12:34:48,2026-08-06 12:34:48,
126,0,7088,1 King Bed Non Smoking,,26,,,,2026-08-06 12:34:50,2026-08-06 12:34:50,
127,0,7088,Superior Room (Twin),,24,https://cdn.bookmepk.com/sky/assets/images/hotels/rooms/06873139eb5038d8cd38e8abe5e9fbf3.jpg,,,2026-08-06 12:34:50,2026-08-06 12:34:50,
128,0,7088,Family Room,,19,https://cdn.bookmepk.com/sky/assets/images/hotels/rooms/06873139eb5038d8cd38e8abe5e9fbf3.jpg,,,2026-08-06 12:34:52,2026-08-06 12:34:52,
129,0,7088,"Superior Room, 1 King Bed",,24,https://cdn.bookmepk.com/sky/assets/images/hotels/rooms/6bb04592b29ea9d5f7272e4149ca097b.jpg,,,2026-08-06 12:34:53,2026-08-06 12:34:53,
130,0,7088,"Room, 2 Queen Beds, Accessible",,18,https://cdn.bookmepk.com/sky/assets/images/hotels/rooms/06873139eb5038d8cd38e8abe5e9fbf3.jpg,,,2026-08-06 12:34:54,2026-08-06 12:34:54,
131,0,7088,Room Standard,,25,,,,2026-08-06 12:34:56,2026-08-06 12:34:56,
132,0,7088,Room Superior,,24,https://cdn.bookmepk.com/sky/assets/images/hotels/rooms/6bb04592b29ea9d5f7272e4149ca097b.jpg,,,2026-08-06 12:34:56,2026-08-06 12:34:56,
133,0,7088,Single Standard,,25,,,,2026-08-06 12:34:57,2026-08-06 12:34:57,
134,0,7088,Triple Room Superior,,19,https://cdn.bookmepk.com/sky/assets/images/hotels/rooms/d3162c707cd88e8c909f7a0bcc72de89.jpg,,,2026-08-06 12:34:58,2026-08-06 12:34:58,
135,0,7088,Superior King Room,,24,https://cdn.bookmepk.com/sky/assets/images/hotels/rooms/6bb04592b29ea9d5f7272e4149ca097b.jpg,,,2026-08-06 12:34:59,2026-08-06 12:34:59,
136,0,7088,Mobility Accessible Queen Room,,18,https://cdn.bookmepk.com/sky/assets/images/hotels/rooms/06873139eb5038d8cd38e8abe5e9fbf3.jpg,,,2026-08-06 12:35:01,2026-08-06 12:35:01,
137,0,7088,Superior Twin Room,,24,https://cdn.bookmepk.com/sky/assets/images/hotels/rooms/06873139eb5038d8cd38e8abe5e9fbf3.jpg,,,2026-08-06 12:35:02,2026-08-06 12:35:02,
138,0,7088,Superior Triple Room,,19,https://cdn.bookmepk.com/sky/assets/images/hotels/rooms/d3162c707cd88e8c909f7a0bcc72de89.jpg,,,2026-08-06 12:35:03,2026-08-06 12:35:03,
139,0,7088,Double Queen Size Bed,,26,,,,2026-08-06 12:35:05,2026-08-06 12:35:05,
140,0,7088,Family Room Standard,,19,https://cdn.bookmepk.com/sky/assets/images/hotels/rooms/06873139eb5038d8cd38e8abe5e9fbf3.jpg,,,2026-08-06 12:35:05,2026-08-06 12:35:05,
141,0,7088,Double Or Twin Superior With Double Bed,,24,https://cdn.bookmepk.com/sky/assets/images/hotels/rooms/06873139eb5038d8cd38e8abe5e9fbf3.jpg,,,2026-08-06 12:35:06,2026-08-06 12:35:06,
142,0,7088,Room Run Of House,,25,,,,2026-08-06 12:35:08,2026-08-06 12:35:08,
143,0,7088,Triple Superior,,19,https://cdn.bookmepk.com/sky/assets/images/hotels/rooms/d3162c707cd88e8c909f7a0bcc72de89.jpg,,,2026-08-06 12:35:08,2026-08-06 12:35:08,
144,0,7088,Habitaci&#Xf3;N Est&#Xe1;Ndar / Standard,,25,,,,2026-08-06 12:35:09,2026-08-06 12:35:09,
145,0,7088,Habitaci&#Xf3;N Familiar,,26,,,,2026-08-06 12:35:09,2026-08-06 12:35:09,
146,0,7088,Habitaci&#Xf3;N Superior Matrimonial,,24,https://cdn.bookmepk.com/sky/assets/images/hotels/rooms/6bb04592b29ea9d5f7272e4149ca097b.jpg,,,2026-08-06 12:35:10,2026-08-06 12:35:10,
147,0,7088,Habitaci&#Xf3;N Superior Twin,,24,https://cdn.bookmepk.com/sky/assets/images/hotels/rooms/06873139eb5038d8cd38e8abe5e9fbf3.jpg,,,2026-08-06 12:35:11,2026-08-06 12:35:11,
148,0,7088,S T A N D A R D,,26,,,,2026-08-06 12:35:12,2026-08-06 12:35:12,
149,0,7088,Standard Room,,25,,,,2026-08-06 12:35:12,2026-08-06 12:35:12,
150,0,7088,Superior Twin,,24,https://cdn.bookmepk.com/sky/assets/images/hotels/rooms/06873139eb5038d8cd38e8abe5e9fbf3.jpg,,,2026-08-06 12:35:13,2026-08-06 12:35:13,
151,0,7088,S U P E R I O R,,26,,,,2026-08-06 12:35:14,2026-08-06 12:35:14,
152,0,7088,Superior,,24,https://cdn.bookmepk.com/sky/assets/images/hotels/rooms/6bb04592b29ea9d5f7272e4149ca097b.jpg,,,2026-08-06 12:35:14,2026-08-06 12:35:14,
153,0,7088,Habitaci&#Xf3;N Superior Triple,,19,https://cdn.bookmepk.com/sky/assets/images/hotels/rooms/d3162c707cd88e8c909f7a0bcc72de89.jpg,,,2026-08-06 12:35:16,2026-08-06 12:35:16,
154,0,7088,Triple Room,,19,https://cdn.bookmepk.com/sky/assets/images/hotels/rooms/d3162c707cd88e8c909f7a0bcc72de89.jpg,,,2026-08-06 12:35:17,2026-08-06 12:35:17,
155,0,7088,T R I P L E,,26,,,,2026-08-06 12:35:18,2026-08-06 12:35:18,
156,0,7088,Habitación Superior Triple,,19,https://cdn.bookmepk.com/sky/assets/images/hotels/rooms/d3162c707cd88e8c909f7a0bcc72de89.jpg,,,2026-08-06 12:35:19,2026-08-06 12:35:19,
157,0,7088,Queen Room Mobility Accessible,,18,https://cdn.bookmepk.com/sky/assets/images/hotels/rooms/06873139eb5038d8cd38e8abe5e9fbf3.jpg,,,2026-08-06 12:35:20,2026-08-06 12:35:20,
158,0,7169,Standard Room,,25,https://cdn.bookmepk.com/sky/assets/images/hotels/rooms/ee55c13fc8d35968260470769c779705.jpg,,,2026-08-06 12:35:55,2026-08-06 12:35:55,
159,0,7169,Standard Double Room,,25,https://cdn.bookmepk.com/sky/assets/images/hotels/rooms/a1240b2e4662a994703b993ce6260f19.jpg,,,2026-08-06 12:35:55,2026-08-06 12:35:55,
160,0,7169,Family Room,,19,https://cdn.bookmepk.com/sky/assets/images/hotels/rooms/165dd6ef687e35cbbbc02b095990d3b6.jpg,,,2026-08-06 12:35:57,2026-08-06 12:35:57,
161,0,7169,Superior Double Room,,24,https://cdn.bookmepk.com/sky/assets/images/hotels/rooms/35d5c29a889e0aa91c793d558a6c3839.jpg,,,2026-08-06 12:35:58,2026-08-06 12:35:58,
162,0,7169,Superior Family Room,,19,https://cdn.bookmepk.com/sky/assets/images/hotels/rooms/3795ab080e8635c9da2c7b0708dad5b2.jpg,,,2026-08-06 12:35:59,2026-08-06 12:35:59,
163,0,7169,Executive Triple Room,,19,https://cdn.bookmepk.com/sky/assets/images/hotels/rooms/f6e64b60712a7dadadd68665a47a2346.jpg,,,2026-08-06 12:36:01,2026-08-06 12:36:01,
164,0,7169,Suite,,8,https://cdn.bookmepk.com/sky/assets/images/hotels/rooms/e41772c04e52852d38a49c55c160f080.jpg,,,2026-08-06 12:36:01,2026-08-06 12:36:01,
165,0,7169,Quadruple Room,,19,https://cdn.bookmepk.com/sky/assets/images/hotels/rooms/6abc7b8dc3645894cbb7af57ad79237c.jpg,,,2026-08-06 12:36:03,2026-08-06 12:36:03,
166,0,7169,Pet Family,,19,https://cdn.bookmepk.com/sky/assets/images/hotels/rooms/172ca112bbe5dad3913b4107c4759b03.jpg,,,2026-08-06 12:36:03,2026-08-06 12:36:03,
167,0,7079,Twin Room,,26,https://cdn.bookmepk.com/sky/assets/images/hotels/rooms/66727bb4cb84be82725215cd3ee3391a.jpg,,,2026-08-06 12:36:23,2026-08-06 12:36:23,
168,0,7079,Double Room,,26,https://cdn.bookmepk.com/sky/assets/images/hotels/rooms/3c15ce4dbcec11b38b4e61c2ec347c74.jpg,,,2026-08-06 12:36:24,2026-08-06 12:36:24,
169,0,7079,Single Room,,26,https://cdn.bookmepk.com/sky/assets/images/hotels/rooms/3c15ce4dbcec11b38b4e61c2ec347c74.jpg,,,2026-08-06 12:36:25,2026-08-06 12:36:25,
170,0,7457,Standard Double or Twin Room,,25,https://cdn.bookmepk.com/sky/assets/images/hotels/rooms/5832db18c59f2e375082a6774433fa3c.jpg,,,2026-08-06 12:37:01,2026-08-06 12:37:01,
171,0,7457,Superior Double or Twin Room,,24,https://cdn.bookmepk.com/sky/assets/images/hotels/rooms/90a3ad6333dafc103ae4f3ade2302d09.jpg,,,2026-08-06 12:37:02,2026-08-06 12:37:02,
172,0,7457,Deluxe Double or Twin Room,,23,https://cdn.bookmepk.com/sky/assets/images/hotels/rooms/3a0631b3675ad09efd8674a2763b3ea9.jpg,,,2026-08-06 12:37:04,2026-08-06 12:37:04,
173,0,7457,Deluxe Double or Twin Room with Balcony,,23,https://cdn.bookmepk.com/sky/assets/images/hotels/rooms/5776d21143fdfcc08550866ca49aa9a9.jpg,,,2026-08-06 12:37:05,2026-08-06 12:37:05,
174,0,7457,Suite,,8,https://cdn.bookmepk.com/sky/assets/images/hotels/rooms/fd8c14cf321a574856dd7235392a9890.jpg,,,2026-08-06 12:37:06,2026-08-06 12:37:06,
175,0,7457,Deluxe Triple Room,,19,https://cdn.bookmepk.com/sky/assets/images/hotels/rooms/8da1e2fc381607de82589b2ca9d9566b.jpg,,,2026-08-06 12:37:08,2026-08-06 12:37:08,
176,0,7457,Quadruple Room,,19,https://cdn.bookmepk.com/sky/assets/images/hotels/rooms/90a3ad6333dafc103ae4f3ade2302d09.jpg,,,2026-08-06 12:37:09,2026-08-06 12:37:09,
177,0,7271,Standard Double Room,,25,https://cdn.bookmepk.com/sky/assets/images/hotels/rooms/91a40d5d884a444b770bf207c75e1dc9.jpg,,,2026-08-06 12:37:44,2026-08-06 12:37:44,
178,0,7271,Deluxe Double or Twin Room,,23,https://cdn.bookmepk.com/sky/assets/images/hotels/rooms/9ef937716c57d91488692f093bf8459b.jpg,,,2026-08-06 12:37:45,2026-08-06 12:37:45,
179,0,7271,Standard Triple Room,,19,https://cdn.bookmepk.com/sky/assets/images/hotels/rooms/ec5c6cfb881c0d0f7af81a4e079a2462.jpg,,,2026-08-06 12:37:47,2026-08-06 12:37:47,
180,0,7271,Quadruple Room,,19,https://cdn.bookmepk.com/sky/assets/images/hotels/rooms/ee3a94558768238f91eeb87dc69e80f8.jpg,,,2026-08-06 12:37:48,2026-08-06 12:37:48,
181,0,7271,Two Connecting Rooms,,26,https://cdn.bookmepk.com/sky/assets/images/hotels/rooms/2aa47576272457a0e68fb8bc13ac769e.jpg,,,2026-08-06 12:37:50,2026-08-06 12:37:50,
182,0,7271,Standard Room,,25,https://cdn.bookmepk.com/sky/assets/images/hotels/rooms/5eda0d81942675428c34052645a63f51.jpg,,,2026-08-06 12:37:51,2026-08-06 12:37:51,
183,0,7271,Family Room with Private Bathroom,,19,https://cdn.bookmepk.com/sky/assets/images/hotels/rooms/395e4830f2b7e73a70fa846df65b3dff.jpg,,,2026-08-06 12:37:51,2026-08-06 12:37:51,
184,,644,Double Double Superior,,,,,,2026-08-06 15:51:16,2026-08-06 15:51:16,
185,,644,Double Double Deluxe,,,,,,2026-08-06 15:51:16,2026-08-06 15:51:16,
186,,644,Double Double Executive,,,,,,2026-08-06 15:51:16,2026-08-06 15:51:16,
187,,644,"Superior Room, 1 Double Bed",,,,,,2026-08-06 15:52:57,2026-08-06 15:52:57,
188,,644,"Superior Room, 2 Twin Beds",,,,,,2026-08-06 15:52:57,2026-08-06 15:52:57,
189,,644,Deluxe Room,,,,,,2026-08-06 15:52:57,2026-08-06 15:52:57,
190,,644,Executive Room,,,,,,2026-08-06 15:52:57,2026-08-06 15:52:57,
191,,644,Executive Suite,,,,,,2026-08-06 15:52:57,2026-08-06 15:52:57,
192,,661,Double Room King,,,,,,2026-08-06 15:53:36,2026-08-06 15:53:36,
193,,661,Double Standard Double King,,,,,,2026-08-06 15:53:36,2026-08-06 15:53:36,
194,,661,Twin Standard Double Twin,,,,,,2026-08-06 15:53:36,2026-08-06 15:53:36,
195,,661,Double Room Twin Bed De Luxe,,,,,,2026-08-06 15:53:36,2026-08-06 15:53:36,
196,,661,Standard King Room,,,,,,2026-08-06 15:53:36,2026-08-06 15:53:36,
197,,661,Standard Twin,,,,,,2026-08-06 15:53:36,2026-08-06 15:53:36,
198,,661,Double Or Twin Deluxe Double Twin,,,,,,2026-08-06 15:53:36,2026-08-06 15:53:36,
199,,661,Deluxe Twin,,,,,,2026-08-06 15:53:36,2026-08-06 15:53:36,
200,,661,Standard Double King,,,,,,2026-08-06 15:53:36,2026-08-06 15:53:36,
201,,661,Standard Double Twin,,,,,,2026-08-06 15:53:36,2026-08-06 15:53:36,
202,,661,Deluxe Double Twin,,,,,,2026-08-06 15:53:36,2026-08-06 15:53:36,
203,,661,Triple Room Family,,,,,,2026-08-06 15:55:12,2026-08-06 15:55:12,
204,,661,Double Room King Bed De Luxe,,,,,,2026-08-06 15:55:12,2026-08-06 15:55:12,
205,,661,Double Deluxe Double King,,,,,,2026-08-06 15:55:12,2026-08-06 15:55:12,
206,,661,Triple Room De Luxe,,,,,,2026-08-06 15:55:12,2026-08-06 15:55:12,
207,,661,Twin/King Room,,,,,,2026-08-06 15:55:12,2026-08-06 15:55:12,
208,,661,Standard Room (Non Refundable),,,,,,2026-08-06 15:55:12,2026-08-06 15:55:12,
209,,661,Suite Executive,,,,,,2026-08-06 15:55:12,2026-08-06 15:55:12,
210,,661,Standard Triple Room,,,,,,2026-08-06 15:55:12,2026-08-06 15:55:12,
211,,661,Deluxe King,,,,,,2026-08-06 15:55:12,2026-08-06 15:55:12,
212,,661,"Standard Double Room, 1 King Bed",,,,,,2026-08-06 15:55:12,2026-08-06 15:55:12,
213,,661,"Standard Double Room, 2 Twin Beds",,,,,,2026-08-06 15:55:12,2026-08-06 15:55:12,
214,,661,Deluxe Triple Room,,,,,,2026-08-06 15:55:12,2026-08-06 15:55:12,
215,,661,Executive Suite,,,,,,2026-08-06 15:55:12,2026-08-06 15:55:12,
216,,661,Family Room,,,,,,2026-08-06 15:55:12,2026-08-06 15:55:12,
217,,661,Family Room Standard Triple Family Room,,,,,,2026-08-06 15:55:12,2026-08-06 15:55:12,
218,,661,Triple Deluxe Triple,,,,,,2026-08-06 15:55:12,2026-08-06 15:55:12,
219,,661,Suite Executive Suite,,,,,,2026-08-06 15:55:12,2026-08-06 15:55:12,
220,,661,"Deluxe Double Room, 1 King Bed",,,,,,2026-08-06 15:55:12,2026-08-06 15:55:12,
221,,661,Standard Room,,,,,,2026-08-06 15:55:12,2026-08-06 15:55:12,
222,,661,Standard Room Triple,,,,,,2026-08-06 15:55:12,2026-08-06 15:55:12,
223,,661,"Deluxe Double Room, 2 Twin Beds",,,,,,2026-08-06 15:55:12,2026-08-06 15:55:12,
224,,690,Apartment Premier,,,,,,2026-08-06 15:56:33,2026-08-06 15:56:33,
225,,690,1 Bedroom Premier,,,,,,2026-08-06 15:56:33,2026-08-06 15:56:33,
226,,690,Premiere One Bedroom Apartment,,,,,,2026-08-06 15:56:33,2026-08-06 15:56:33,
227,,690,Premiere 1 Bedroom Apartment,,,,,,2026-08-06 15:56:33,2026-08-06 15:56:33,
228,,690,Room Assigned On Arrival,,,,,,2026-08-06 15:56:33,2026-08-06 15:56:33,
229,,690,Standard 1 Bed Apartment,,,,,,2026-08-06 15:56:33,2026-08-06 15:56:33,
230,,690,Deluxe 1 Bed Room,,,,,,2026-08-06 15:56:33,2026-08-06 15:56:33,
231,,690,Apartment 1 Bedroom De Luxe,,,,,,2026-08-06 15:56:33,2026-08-06 15:56:33,
232,,690,Apartment 1 Bedroom,,,,,,2026-08-06 15:56:33,2026-08-06 15:56:33,
233,,690,"Standard Apartment, 1 Bedroom , 1 King Bed",,,,,,2026-08-06 15:56:33,2026-08-06 15:56:33,
234,,690,"Deluxe Apartment, 1 Bedroom , 1 King Bed",,,,,,2026-08-06 15:56:33,2026-08-06 15:56:33,
235,,690,Deluxe Apartment,,,,,,2026-08-06 15:56:33,2026-08-06 15:56:33,
236,,690,Apartment One Bedroom,,,,,,2026-08-06 15:56:33,2026-08-06 15:56:33,
237,,690,One Bedroom Deluxe King Apartment Non Smoking,,,,,,2026-08-06 15:56:33,2026-08-06 15:56:33,
238,,690,2 Bedroom Premier,,,,,,2026-08-06 15:56:33,2026-08-06 15:56:33,
239,,690,"Premiere One Bedroom Apartment , 1 King Bed",,,,,,2026-08-06 15:56:33,2026-08-06 15:56:33,
240,,690,Premiere One Bed Apartment,,,,,,2026-08-06 15:56:33,2026-08-06 15:56:33,
241,,690,Premiere 2 Bedroom Apartment,,,,,,2026-08-06 15:56:33,2026-08-06 15:56:33,
242,,690,"Deluxe Apartment,1 Bedroom",,,,,,2026-08-06 15:56:33,2026-08-06 15:56:33,
243,,690,"1 Bedroom, Apartment",,,,,,2026-08-06 15:56:33,2026-08-06 15:56:33,
244,,690,Apartment Triple De Luxe,,,,,,2026-08-06 15:56:33,2026-08-06 15:56:33,
245,,690,3 Bedroom Deluxe,,,,,,2026-08-06 15:56:33,2026-08-06 15:56:33,
246,,690,Deluxe 2 Bedroom Apartment,,,,,,2026-08-06 15:56:33,2026-08-06 15:56:33,
247,,690,3 Bedroom Deluxe Apartment,,,,,,2026-08-06 15:56:33,2026-08-06 15:56:33,
248,,690,3 Bedroom Premier,,,,,,2026-08-06 15:56:33,2026-08-06 15:56:33,
249,,690,Apartment Apartment Premier Two Bedrooms,,,,,,2026-08-06 15:56:33,2026-08-06 15:56:33,
250,,690,Premiere 3 Bedroom Apartment,,,,,,2026-08-06 15:56:33,2026-08-06 15:56:33,
251,,690,Apartment Premier Two Bedrooms,,,,,,2026-08-06 15:56:33,2026-08-06 15:56:33,
252,,690,Apartment Premier One Bedroom,,,,,,2026-08-06 15:56:33,2026-08-06 15:56:33,
253,,690,"Premiere Three Bedroom Apartment , 2 Double Beds And 2 Twin Beds",,,,,,2026-08-06 15:56:33,2026-08-06 15:56:33,
254,,690,Three Bedrooms Premier,,,,,,2026-08-06 15:56:33,2026-08-06 15:56:33,
255,,690,Standard One Bedroom Apartment,,,,,,2026-08-06 15:59:29,2026-08-06 15:59:29,
256,,690,Deluxe One Bedroom Apartment,,,,,,2026-08-06 15:59:29,2026-08-06 15:59:29,
257,,690,Apartment 1 Bedroom Premier,,,,,,2026-08-06 15:59:29,2026-08-06 15:59:29,
258,,690,Premiere Three Bedroom Apartment,,,,,,2026-08-06 15:59:29,2026-08-06 15:59:29,
259,,690,Apartment,,,,,,2026-08-06 15:59:49,2026-08-06 15:59:49,
260,,690,1 Bedroom Standard,,,,,,2026-08-06 15:59:49,2026-08-06 15:59:49,
261,,690,1 Bedroom Apartment Single,,,,,,2026-08-06 15:59:49,2026-08-06 15:59:49,
262,,690,Apartment De Luxe,,,,,,2026-08-06 15:59:49,2026-08-06 15:59:49,
263,,690,1 Bedroom Deluxe,,,,,,2026-08-06 15:59:49,2026-08-06 15:59:49,
264,,690,1 Bedroom Deluxe Apartment Single,,,,,,2026-08-06 15:59:49,2026-08-06 15:59:49,
265,,690,Apartment One Bedroom Standard,,,,,,2026-08-06 15:59:49,2026-08-06 15:59:49,
266,,690,Apartment One Bedroom Deluxe,,,,,,2026-08-06 15:59:49,2026-08-06 15:59:49,
267,,690,Apartment Apartment Premier One Bedroom,,,,,,2026-08-06 15:59:50,2026-08-06 15:59:50,
268,,690,Premiere Two Bedroom Apartment,,,,,,2026-08-06 15:59:50,2026-08-06 15:59:50,
269,,690,Apartment Apartment Deluxe Three Bedroom,,,,,,2026-08-06 15:59:50,2026-08-06 15:59:50,
270,,690,Apartment Three Bedrooms Premier,,,,,,2026-08-06 15:59:50,2026-08-06 15:59:50,
271,,690,Deluxe Three Bedroom Apartment,,,,,,2026-08-06 15:59:50,2026-08-06 15:59:50,
272,,690,Standard One Bed Apartment,,,,,,2026-08-06 15:59:51,2026-08-06 15:59:51,
273,,690,Deluxe One Bed Apartment,,,,,,2026-08-06 15:59:51,2026-08-06 15:59:51,
274,,690,One Bedroom Standard King Apartment Non Smoking,,,,,,2026-08-06 15:59:51,2026-08-06 15:59:51,
275,,690,Premiere Two Bed Apartment,,,,,,2026-08-06 15:59:51,2026-08-06 15:59:51,
276,,690,Deluxe Three Bed Apartment,,,,,,2026-08-06 15:59:51,2026-08-06 15:59:51,
277,,690,Premiere Three Bed Apartment,,,,,,2026-08-06 15:59:51,2026-08-06 15:59:51,
278,,615,Deluxe Room,,,,,,2026-08-07 06:22:08,2026-08-07 06:22:08,
279,,615,Deluxe Room King,,,,,,2026-08-07 06:22:08,2026-08-07 06:22:08,
280,,615,Deluxe Room Double,,,,,,2026-08-07 06:22:08,2026-08-07 06:22:08,
281,,615,Executive Room (With Access To The Executive Lounge),,,,,,2026-08-07 06:22:08,2026-08-07 06:22:08,
282,,615,Executive Room King,,,,,,2026-08-07 06:22:08,2026-08-07 06:22:08,
283,,615,Executive Room Double,,,,,,2026-08-07 06:22:08,2026-08-07 06:22:08,
284,,615,Family Room (Interconnecting Deluxe Room And Deluxe Room),,,,,,2026-08-07 06:22:08,2026-08-07 06:22:08,
285,,615,Executive Suite (With Access To The Executive Lounge),,,,,,2026-08-07 06:22:08,2026-08-07 06:22:08,
286,,615,Deluxe Family Room King And Double,,,,,,2026-08-07 06:22:08,2026-08-07 06:22:08,
287,,615,Executive Suite King,,,,,,2026-08-07 06:22:08,2026-08-07 06:22:08,
288,,615,Family Suite (Executive Suite Connected To One Deluxe Room With Access To The Executive Lounge),,,,,,2026-08-07 06:22:08,2026-08-07 06:22:08,
289,,615,Executive Two Bedroom Family Suite King And Double,,,,,,2026-08-07 06:22:08,2026-08-07 06:22:08,
290,,615,Family Room,,,,,,2026-08-07 06:42:21,2026-08-07 06:42:21,
291,,615,Executive Suite,,,,,,2026-08-07 06:42:21,2026-08-07 06:42:21,
292,,7271,Habitacion Standard Doble,,,,,,2026-08-07 06:50:13,2026-08-07 06:50:13,
293,,7271,Triple Room,,,,,,2026-08-07 06:50:13,2026-08-07 06:50:13,
294,,7271,Deluxe Room,,,,,,2026-08-07 06:50:13,2026-08-07 06:50:13,
295,,7271,Habitacion Cuadruple,,,,,,2026-08-07 06:50:13,2026-08-07 06:50:13,
296,,7271,2 Habitaciones Comunicadas,,,,,,2026-08-07 06:50:13,2026-08-07 06:50:13,
298,,7271,Twin Room,,,,,,2026-08-07 06:53:52,2026-08-07 06:53:52,
299,,7271,Double Standard,,,,,,2026-08-07 06:57:20,2026-08-07 06:57:20,
300,,7271,Double,,,,,,2026-08-07 06:57:20,2026-08-07 06:57:20,
301,,7271,Triple Standard,,,,,,2026-08-07 06:57:20,2026-08-07 06:57:20,
302,,7271,Room Executive,,,,,,2026-08-07 06:57:20,2026-08-07 06:57:20,
303,,7271,Double Deluxe One Bed,,,,,,2026-08-07 06:57:20,2026-08-07 06:57:20,
304,,7271,Quadruple Standard,,,,,,2026-08-07 06:57:20,2026-08-07 06:57:20,
306,,638,One Bedroom Apartment,,,,,,2026-08-07 13:16:11,2026-08-07 13:16:11,
307,,638,Two Bedroom Apartment,,,,,,2026-08-07 13:16:11,2026-08-07 13:16:11,
308,,681,Family Room Superior Sofa Bed,,,,,,2026-08-10 11:49:39,2026-08-10 11:49:39,
309,,681,Twin Room Superior,,,,,,2026-08-10 11:49:39,2026-08-10 11:49:39,
310,,681,Superior Room With Two Single Size Beds,,,,,,2026-08-10 11:49:39,2026-08-10 11:49:39,
311,,681,Superior Room With One Double Size Bed,,,,,,2026-08-10 11:49:39,2026-08-10 11:49:39,
312,,681,Superior Family Room With One Double Size Bed And Sofa Bed,,,,,,2026-08-10 11:49:39,2026-08-10 11:49:39,
313,,681,Superior Room With Two Single Size Beds Non Refundable,,,,,,2026-08-10 11:49:39,2026-08-10 11:49:39,
314,,681,Superior Family Room With One Double Size Bed And Sofa Bed Non Refundable,,,,,,2026-08-10 11:49:39,2026-08-10 11:49:39,
315,,681,Superior Room With One Double Size Bed Non Refundable,,,,,,2026-08-10 11:49:39,2026-08-10 11:49:39,
316,,681,Superior Family Room,,,,,,2026-08-10 11:49:39,2026-08-10 11:49:39,
317,,681,Double Room Queen Bed Executive Sofa Bed,,,,,,2026-08-10 11:49:39,2026-08-10 11:49:39,
318,,681,Twin Room Executive,,,,,,2026-08-10 11:49:39,2026-08-10 11:49:39,
319,,681,Executive Room With One Queen Size Bed And Sofa Bed,,,,,,2026-08-10 11:49:39,2026-08-10 11:49:39,
320,,681,Executive Room With Two Single Size Beds,,,,,,2026-08-10 11:49:39,2026-08-10 11:49:39,
321,,681,"Superior Twin Room 30% Off Dining, Family Movie Night On Friday And Saturday And Kids Play Area Until End Of July 2026",,,,,,2026-08-10 11:49:39,2026-08-10 11:49:39,
322,,681,"Superior Double Room 30% Off Dining, Family Movie Night On Friday And Saturday And Kids Play Area Until End Of July 2026",,,,,,2026-08-10 11:49:39,2026-08-10 11:49:39,
323,,681,Executive Room With Two Single Size Beds Non Refundable,,,,,,2026-08-10 11:49:39,2026-08-10 11:49:39,
324,,681,Executive Room With One Queen Size Bed And Sofa Bed Non Refundable,,,,,,2026-08-10 11:49:39,2026-08-10 11:49:39,
325,,681,Executive Room With Double Bed And Sofa,,,,,,2026-08-10 11:49:39,2026-08-10 11:49:39,
326,,681,Executive Room With 1 Double Bed,,,,,,2026-08-10 11:49:39,2026-08-10 11:49:39,
327,,681,Suite King Bed Executive Sofa Bed,,,,,,2026-08-10 11:49:39,2026-08-10 11:49:39,
328,,681,Executive Suite With One King Size Bed And Sofa Bed,,,,,,2026-08-10 11:49:39,2026-08-10 11:49:39,
329,,681,Executive Suite With One King Size Bed And Sofa Bed Non Refundable,,,,,,2026-08-10 11:49:39,2026-08-10 11:49:39,
330,,681,Executive Suite,,,,,,2026-08-10 11:49:39,2026-08-10 11:49:39,
331,,681,Executive King Suite,,,,,,2026-08-10 11:49:39,2026-08-10 11:49:39,
332,,690,Apartment With Double Bed,,,,,,2026-08-10 12:22:50,2026-08-10 12:22:50,
333,,690,Apartment 2 Bedrooms Premier,,,,,,2026-08-10 12:22:50,2026-08-10 12:22:50,
334,,7271,Double Double Standard,,,,,,2026-08-10 12:32:47,2026-08-10 12:32:47,
335,,7271,Triple Triple Standard,,,,,,2026-08-10 12:32:47,2026-08-10 12:32:47,
336,,7271,Double Double Deluxe One Bed,,,,,,2026-08-10 12:32:47,2026-08-10 12:32:47,
337,,7271,Quadruple Quadruple Standard,,,,,,2026-08-10 12:32:47,2026-08-10 12:32:47,
338,,7271,Standard Double Or Twin Room (2 Twin Beds) Package Rate,,,,,,2026-08-10 12:42:24,2026-08-10 12:42:24,
339,,7271,Standard Triple Room (1 Queen Bed And 1 Twin Bed) Package Rate,,,,,,2026-08-10 12:42:24,2026-08-10 12:42:24,
340,,7271,Deluxe Double Or Twin Room (2 Twin Beds) Package Rate,,,,,,2026-08-10 12:42:24,2026-08-10 12:42:24,
341,,7271,Quadruple Room (1 Queen Bed And 2 Twin Beds) Package Rate,,,,,,2026-08-10 12:42:24,2026-08-10 12:42:24,
342,,7271,Triple,,,,,,2026-08-10 12:45:51,2026-08-10 12:45:51,
343,,7271,Double Deluxe.,,,,,,2026-08-10 12:45:51,2026-08-10 12:45:51,
344,,7271,Quadruple,,,,,,2026-08-10 12:45:51,2026-08-10 12:45:51,
345,0,56643,Double Room,,26,https://cdn.bookmepk.com/sky/assets/images/hotels/rooms/0df09a82785a541d3e9dbed9f76946b6.jpg,,,2026-08-10 20:43:40,2026-08-10 20:43:40,
346,0,56643,Double Room Single Use,,26,https://cdn.bookmepk.com/sky/assets/images/hotels/rooms/81e1412799500d9319bc7b4c78c8a9e7.jpg,,,2026-08-10 20:43:41,2026-08-10 20:43:41,
347,0,56173,Comfort Double Room (2 Twin Beds) Package Rate,,26,https://cdn.bookmepk.com/sky/assets/images/hotels/rooms/818403c6cd6ddeea1d7479d1077bb0a4.jpg,,,2026-08-10 20:44:13,2026-08-10 20:44:13,
348,0,56173,Comfort Double Room (Plus) (2 Twin Beds) Package Rate,,26,https://cdn.bookmepk.com/sky/assets/images/hotels/rooms/818403c6cd6ddeea1d7479d1077bb0a4.jpg,,,2026-08-10 20:44:14,2026-08-10 20:44:14,
349,0,56173,"Suite, 1 King Bed (1 King Bed) Package Rate",,8,https://cdn.bookmepk.com/sky/assets/images/hotels/rooms/ac7a7993b1e4baf1896b36a4a4e04b56.jpg,,,2026-08-10 20:44:14,2026-08-10 20:44:14,
350,0,56173,Comfort Room,,26,https://cdn.bookmepk.com/sky/assets/images/hotels/rooms/818403c6cd6ddeea1d7479d1077bb0a4.jpg,,,2026-08-10 20:44:15,2026-08-10 20:44:15,
351,0,56173,Comfort Double Room,,26,https://cdn.bookmepk.com/sky/assets/images/hotels/rooms/818403c6cd6ddeea1d7479d1077bb0a4.jpg,,,2026-08-10 20:44:16,2026-08-10 20:44:16,
352,0,56173,Comfort Double Room(2 Twin Beds),,26,https://cdn.bookmepk.com/sky/assets/images/hotels/rooms/818403c6cd6ddeea1d7479d1077bb0a4.jpg,,,2026-08-10 20:44:17,2026-08-10 20:44:17,
353,0,56173,Comfort Double Room (Plus)(2 Twin Beds),,26,https://cdn.bookmepk.com/sky/assets/images/hotels/rooms/818403c6cd6ddeea1d7479d1077bb0a4.jpg,,,2026-08-10 20:44:18,2026-08-10 20:44:18,
354,0,56173,Comfort Double Room (Plus),,26,https://cdn.bookmepk.com/sky/assets/images/hotels/rooms/818403c6cd6ddeea1d7479d1077bb0a4.jpg,,,2026-08-10 20:44:18,2026-08-10 20:44:18,
355,0,56173,Comfort Double Room (Plus)(1 King Bed),,26,https://cdn.bookmepk.com/sky/assets/images/hotels/rooms/818403c6cd6ddeea1d7479d1077bb0a4.jpg,,,2026-08-10 20:44:19,2026-08-10 20:44:19,
356,0,56173,Comfort Double Room(2 Twin Beds) Breakfast For Adults Only,,26,https://cdn.bookmepk.com/sky/assets/images/hotels/rooms/818403c6cd6ddeea1d7479d1077bb0a4.jpg,,,2026-08-10 20:44:20,2026-08-10 20:44:20,
357,0,56173,King Room,,26,https://cdn.bookmepk.com/sky/assets/images/hotels/rooms/818403c6cd6ddeea1d7479d1077bb0a4.jpg,,,2026-08-10 20:44:21,2026-08-10 20:44:21,
358,0,56173,Comfort Room Plus,,26,https://cdn.bookmepk.com/sky/assets/images/hotels/rooms/818403c6cd6ddeea1d7479d1077bb0a4.jpg,,,2026-08-10 20:44:21,2026-08-10 20:44:21,
359,0,56173,Run Of House Breakfast For Adults Only,,25,,,,2026-08-10 20:44:22,2026-08-10 20:44:22,
360,0,56173,Twin/Double Room Comfort,,26,https://cdn.bookmepk.com/sky/assets/images/hotels/rooms/818403c6cd6ddeea1d7479d1077bb0a4.jpg,,,2026-08-10 20:44:22,2026-08-10 20:44:22,
361,0,56173,Twin/Double Room Comfort Plus,,26,https://cdn.bookmepk.com/sky/assets/images/hotels/rooms/818403c6cd6ddeea1d7479d1077bb0a4.jpg,,,2026-08-10 20:44:23,2026-08-10 20:44:23,
362,0,56173,Comfort Double Room (Plus) Breakfast For Adults Only,,26,https://cdn.bookmepk.com/sky/assets/images/hotels/rooms/818403c6cd6ddeea1d7479d1077bb0a4.jpg,,,2026-08-10 20:44:24,2026-08-10 20:44:24,
363,0,56173,Comfort Double Room (Plus)(1 King Bed) Breakfast For Adults Only,,26,https://cdn.bookmepk.com/sky/assets/images/hotels/rooms/818403c6cd6ddeea1d7479d1077bb0a4.jpg,,,2026-08-10 20:44:25,2026-08-10 20:44:25,
364,0,56173,Comfort Double Room (Plus)(2 Twin Beds) Breakfast For Adults Only,,26,https://cdn.bookmepk.com/sky/assets/images/hotels/rooms/818403c6cd6ddeea1d7479d1077bb0a4.jpg,,,2026-08-10 20:44:26,2026-08-10 20:44:26,
365,0,56173,"Suite, 1 King Bed",,8,https://cdn.bookmepk.com/sky/assets/images/hotels/rooms/ac7a7993b1e4baf1896b36a4a4e04b56.jpg,,,2026-08-10 20:44:26,2026-08-10 20:44:26,
366,0,56173,Comfort Double Room Breakfast For Adults Only,,26,https://cdn.bookmepk.com/sky/assets/images/hotels/rooms/818403c6cd6ddeea1d7479d1077bb0a4.jpg,,,2026-08-10 20:44:27,2026-08-10 20:44:27,
367,0,56173,1 King Bed Suite,,8,https://cdn.bookmepk.com/sky/assets/images/hotels/rooms/ac7a7993b1e4baf1896b36a4a4e04b56.jpg,,,2026-08-10 20:44:28,2026-08-10 20:44:28,
368,0,56173,Suite,,8,https://cdn.bookmepk.com/sky/assets/images/hotels/rooms/ac7a7993b1e4baf1896b36a4a4e04b56.jpg,,,2026-08-10 20:44:29,2026-08-10 20:44:29,
369,0,57014,Rubys Choice,,26,https://cdn.bookmepk.com/sky/assets/images/hotels/rooms/657e0ca290de2848f1d3cfb2db7d9314.jpg,,,2026-08-10 20:44:49,2026-08-10 20:44:49,
370,0,57014,Cosy Room,,26,https://cdn.bookmepk.com/sky/assets/images/hotels/rooms/657e0ca290de2848f1d3cfb2db7d9314.jpg,,,2026-08-10 20:44:50,2026-08-10 20:44:50,
371,0,57014,Cosy Accessible Room,,18,https://cdn.bookmepk.com/sky/assets/images/hotels/rooms/657e0ca290de2848f1d3cfb2db7d9314.jpg,,,2026-08-10 20:44:51,2026-08-10 20:44:51,
372,0,57014,Rubys Choice Upgraded,,26,https://cdn.bookmepk.com/sky/assets/images/hotels/rooms/657e0ca290de2848f1d3cfb2db7d9314.jpg,,,2026-08-10 20:44:52,2026-08-10 20:44:52,
373,0,57014,Lovely Room,,26,https://cdn.bookmepk.com/sky/assets/images/hotels/rooms/ec45fa239469cce84d96c563f50ad742.jpg,,,2026-08-10 20:44:52,2026-08-10 20:44:52,
374,0,57014,Wow Room,,26,https://cdn.bookmepk.com/sky/assets/images/hotels/rooms/0be172b3181bc52d7a9226e5d6f26f87.jpg,,,2026-08-10 20:44:53,2026-08-10 20:44:53,
375,0,57014,Loft Room,,26,https://cdn.bookmepk.com/sky/assets/images/hotels/rooms/64f86f621a3a8cdb9426587b92ddaca2.jpg,,,2026-08-10 20:44:54,2026-08-10 20:44:54,
376,0,58453,"Deluxe Room, 2 Twin Beds (2 Twin Beds) Package Rate",,23,https://cdn.bookmepk.com/sky/assets/images/hotels/rooms/ecacb02891d79542e86935cc208405db.jpg,,,2026-08-10 21:04:03,2026-08-10 21:04:03,
377,0,58453,Junior Suite (1 Double Bed And 1 Twin Sofa Bed) Package Rate,,7,https://cdn.bookmepk.com/sky/assets/images/hotels/rooms/e8ce757436f4da8606dbb7070e61dc43.jpg,,,2026-08-10 21:04:04,2026-08-10 21:04:04,
378,0,58453,Deluxe Room,,23,https://cdn.bookmepk.com/sky/assets/images/hotels/rooms/ecacb02891d79542e86935cc208405db.jpg,,,2026-08-10 21:04:05,2026-08-10 21:04:05,
379,0,58453,Executive Suite (1 King Bed And 1 Twin Sofa Bed) Package Rate,,2,https://cdn.bookmepk.com/sky/assets/images/hotels/rooms/765623645030543c176adca04fd84111.jpg,,,2026-08-10 21:04:06,2026-08-10 21:04:06,
380,0,58453,Family Suite (1 King Bed And 1 Twin Bed) Package Rate,,8,https://cdn.bookmepk.com/sky/assets/images/hotels/rooms/f6dc6b3bdb3ae41dcf2ac996c09067ae.jpg,,,2026-08-10 21:04:07,2026-08-10 21:04:07,
381,0,58453,Deluxe Double Room,,23,https://cdn.bookmepk.com/sky/assets/images/hotels/rooms/2e2087a472d4b5b0e03cb04387ca5b1e.jpg,,,2026-08-10 21:04:08,2026-08-10 21:04:08,
382,0,86224,Single Room De Luxe,,23,https://cdn.bookmepk.com/sky/assets/images/hotels/rooms/d453aef51fe2b1239980e1773228bfa8.jpg,,,2026-08-10 21:14:40,2026-08-10 21:14:40,
383,0,86224,Double Room De Luxe Super,,23,https://cdn.bookmepk.com/sky/assets/images/hotels/rooms/3f2b974259bacf64093db5435dd9fdec.jpg,,,2026-08-10 21:14:41,2026-08-10 21:14:41,
384,0,86224,Twin Room Super De Luxe,,23,https://cdn.bookmepk.com/sky/assets/images/hotels/rooms/f86c47499643f8d6a582a68607e96acf.jpg,,,2026-08-10 21:14:42,2026-08-10 21:14:42,
385,0,86224,Executive Suite,,2,https://cdn.bookmepk.com/sky/assets/images/hotels/rooms/b256cf0dcb4ddee05254e2de5e5bf477.jpg,,,2026-08-10 21:14:43,2026-08-10 21:14:43,
386,0,86224,Exclusive Twin Room,,26,https://cdn.bookmepk.com/sky/assets/images/hotels/rooms/d9b80be2f7259cc9a3e300a1a27fcb70.jpg,,,2026-08-10 21:14:43,2026-08-10 21:14:43,
387,0,59569,Single King Room,,26,https://cdn.bookmepk.com/sky/assets/images/hotels/rooms/7626cb3407dbc1bb31b0b3127f52577d.jpg,,,2026-08-10 21:15:28,2026-08-10 21:15:28,
388,0,59569,Shared Twin Room,,26,https://cdn.bookmepk.com/sky/assets/images/hotels/rooms/d66545d5ac38087f9bb9d5805a2210de.jpg,,,2026-08-10 21:15:29,2026-08-10 21:15:29,
389,0,59569,King Room with Lake View,,26,https://cdn.bookmepk.com/sky/assets/images/hotels/rooms/f3cacec5909a718b9eac6da8e9fc1ef9.jpg,,,2026-08-10 21:15:30,2026-08-10 21:15:30,
390,0,59569,Deluxe Family Room with Balcony,,19,https://cdn.bookmepk.com/sky/assets/images/hotels/rooms/ca559302f3e148788e142077526ca2e1.jpg,,,2026-08-10 21:15:30,2026-08-10 21:15:30,
391,0,59569,Double Room with Lake View,,26,https://cdn.bookmepk.com/sky/assets/images/hotels/rooms/ff36e40de295f8438ba7cec41bb0ba0b.jpg,,,2026-08-10 21:15:31,2026-08-10 21:15:31,
392,0,59578,Super Deluxe Double Room,,23,https://cdn.bookmepk.com/sky/assets/images/hotels/rooms/c754e7ebef7bdec5bc1a8295a9ac411e.jpg,,,2026-08-10 21:15:48,2026-08-10 21:15:48,
393,0,59578,Deluxe Twin Room,,23,https://cdn.bookmepk.com/sky/assets/images/hotels/rooms/cd364195f43df9ab8e448b61e141d168.jpg,,,2026-08-10 21:15:49,2026-08-10 21:15:49,
394,0,59578,Executive Suite,,2,https://cdn.bookmepk.com/sky/assets/images/hotels/rooms/f7e9d5532e1ccccba3b38c14598e4b8b.jpg,,,2026-08-10 21:15:50,2026-08-10 21:15:50,
395,0,59578,Deluxe Single Room,,23,https://cdn.bookmepk.com/sky/assets/images/hotels/rooms/a3ed83e22b9d791dd0a7a1f674967fa8.jpg,,,2026-08-10 21:15:50,2026-08-10 21:15:50,
396,0,16933,Studio Apartment,,10,https://cdn.bookmepk.com/sky/assets/images/hotels/rooms/6c9ec762cbed241b105c84e5627d867d.jpg,,,2026-08-10 21:21:59,2026-08-10 21:21:59,
397,0,16669,Deluxe Double Room,,23,https://cdn.bookmepk.com/sky/assets/images/hotels/rooms/31e52dc9818e9ec35899685905354bf8.jpg,,,2026-08-10 21:22:22,2026-08-10 21:22:22,
398,0,16669,Standard Double or Twin Room,,25,https://cdn.bookmepk.com/sky/assets/images/hotels/rooms/22b0b746bb4c150efd280d7f6fa4426e.jpg,,,2026-08-10 21:22:23,2026-08-10 21:22:23,
399,0,16669,Deluxe Triple Room,,19,https://cdn.bookmepk.com/sky/assets/images/hotels/rooms/ad6b6d79b9bfb08b1b26ca223e227929.jpg,,,2026-08-10 21:22:24,2026-08-10 21:22:24,
400,0,16669,Economy Single Room,,25,https://cdn.bookmepk.com/sky/assets/images/hotels/rooms/5ba39666e1cee0d464981bfc1daf6c02.jpg,,,2026-08-10 21:22:25,2026-08-10 21:22:25,
401,0,16655,Cottage with Terrace,,16,https://cdn.bookmepk.com/sky/assets/images/hotels/rooms/94b414fd63762b5a9fa743822057ed85.jpg,,,2026-08-10 21:22:54,2026-08-10 21:22:54,
402,0,16655,Family Room with Mountain View,,19,https://cdn.bookmepk.com/sky/assets/images/hotels/rooms/603d16cecb6bd5492e82a01300c3dd21.jpg,,,2026-08-10 21:22:54,2026-08-10 21:22:54,
403,0,16655,Deluxe Bungalow,,17,https://cdn.bookmepk.com/sky/assets/images/hotels/rooms/47d1e2220576fcaf6c87a6aff374fda4.jpg,,,2026-08-10 21:22:55,2026-08-10 21:22:55,
404,0,16655,Apartment with Balcony,,15,https://cdn.bookmepk.com/sky/assets/images/hotels/rooms/f3b6eacb2ba1e284325e822db75eddd9.jpg,,,2026-08-10 21:22:56,2026-08-10 21:22:56,
405,0,16655,Family Cottage with Terrace,,16,https://cdn.bookmepk.com/sky/assets/images/hotels/rooms/5a036ceee50b25d64fd02993fa1a7787.jpg,,,2026-08-10 21:22:56,2026-08-10 21:22:56,
406,0,16655,Two-Bedroom Cottage,,12,https://cdn.bookmepk.com/sky/assets/images/hotels/rooms/0a2d9a43fc6c3e8a203f335b9e3f3189.jpg,,,2026-08-10 21:22:57,2026-08-10 21:22:57,
407,0,16655,"Cottage, Terrace",,16,https://cdn.bookmepk.com/sky/assets/images/hotels/rooms/6c1c747935d1a09edbf5a26010a987db.jpg,,,2026-08-10 21:22:58,2026-08-10 21:22:58,
408,0,16655,Double Room with Mountain View,,26,https://cdn.bookmepk.com/sky/assets/images/hotels/rooms/0428bb1e1ccb4e63fd11416f5bd89f48.jpg,,,2026-08-10 21:22:58,2026-08-10 21:22:58,
409,0,16655,Three-Bedroom Apartment,,13,https://cdn.bookmepk.com/sky/assets/images/hotels/rooms/a282d7ef9abc92f39bbe6e5fe1babdb9.jpg,,,2026-08-10 21:22:59,2026-08-10 21:22:59,
410,0,16655,One-Bedroom Apartment,,11,https://cdn.bookmepk.com/sky/assets/images/hotels/rooms/65275f3ea352f33800a1934ccaca2eef.jpg,,,2026-08-10 21:23:00,2026-08-10 21:23:00,
411,0,75840,Standard Double Room,,25,https://cdn.bookmepk.com/sky/assets/images/hotels/rooms/18f4a1c175e77dd26fdd9ef9a055b27a.jpg,,,2026-08-10 21:24:47,2026-08-10 21:24:47,
412,0,75840,Standard Quadruple Room,,19,https://cdn.bookmepk.com/sky/assets/images/hotels/rooms/52a35ef504dc7a3b5449b86c099ec4f3.jpg,,,2026-08-10 21:24:48,2026-08-10 21:24:48,
413,0,75840,Suite (2 Adults),,8,https://cdn.bookmepk.com/sky/assets/images/hotels/rooms/96d3d8bcfe90f1f42217c3e66adfbf8d.jpg,,,2026-08-10 21:24:49,2026-08-10 21:24:49,
414,0,75840,Deluxe Suite,,8,https://cdn.bookmepk.com/sky/assets/images/hotels/rooms/1e36986916402bdb08796e0a08cbf4f1.jpg,,,2026-08-10 21:24:49,2026-08-10 21:24:49,
415,0,75840,Standard Triple Room,,19,https://cdn.bookmepk.com/sky/assets/images/hotels/rooms/c7808024720043dbf6903a6cac0f6b39.jpg,,,2026-08-10 21:24:50,2026-08-10 21:24:50,
416,0,73503,Standard Suite,,8,https://cdn.bookmepk.com/sky/assets/images/hotels/rooms/fd853ee298925f10f0929b4144504974.jpg,,,2026-08-10 21:25:17,2026-08-10 21:25:17,
417,0,73503,Double or Twin Room,,26,https://cdn.bookmepk.com/sky/assets/images/hotels/rooms/44c412389a803e6f7651f1d65696b22a.jpg,,,2026-08-10 21:25:18,2026-08-10 21:25:18,
418,0,73503,Suite with Garden View,,8,https://cdn.bookmepk.com/sky/assets/images/hotels/rooms/392385bd4b5c5a5c21f22f3619656be4.jpg,,,2026-08-10 21:25:19,2026-08-10 21:25:19,
419,0,74159,Superior Double Room,,24,https://cdn.bookmepk.com/sky/assets/images/hotels/rooms/0da85fd40fab0a3fb1e62463ffeeeeb8.jpg,,,2026-08-10 21:25:41,2026-08-10 21:25:41,
420,0,74159,Standard Twin Room,,25,https://cdn.bookmepk.com/sky/assets/images/hotels/rooms/534595e69053272904888709bb91db79.jpg,,,2026-08-10 21:25:41,2026-08-10 21:25:41,
421,0,74159,Twin Room,,26,https://cdn.bookmepk.com/sky/assets/images/hotels/rooms/e63351e4a56e885c49393b8cc6ccb7bb.jpg,,,2026-08-10 21:25:41,2026-08-10 21:25:41,
422,0,74159,Standard Double Room,,25,https://cdn.bookmepk.com/sky/assets/images/hotels/rooms/d85727439b8866127dee7a18e7c48320.jpg,,,2026-08-10 21:25:42,2026-08-10 21:25:42,
423,0,74032,Double Room,,26,https://cdn.bookmepk.com/sky/assets/images/hotels/rooms/b1c8719a8ada809d8ce662be7ae8ba86.jpg,,,2026-08-10 21:25:59,2026-08-10 21:25:59,
424,0,74032,Standard Room,,25,https://cdn.bookmepk.com/sky/assets/images/hotels/rooms/cf9c266b45270f9d725434eec9ca916a.jpg,,,2026-08-10 21:26:00,2026-08-10 21:26:00,
425,0,74032,Twin Room,,26,https://cdn.bookmepk.com/sky/assets/images/hotels/rooms/9d59978a35d3de62dd547226138581e2.jpg,,,2026-08-10 21:26:00,2026-08-10 21:26:00,
426,0,74032,Triple Room,,19,https://cdn.bookmepk.com/sky/assets/images/hotels/rooms/b1c8719a8ada809d8ce662be7ae8ba86.jpg,,,2026-08-10 21:26:01,2026-08-10 21:26:01,
427,0,74032,Quadruple Room,,19,https://cdn.bookmepk.com/sky/assets/images/hotels/rooms/9d59978a35d3de62dd547226138581e2.jpg,,,2026-08-10 21:26:02,2026-08-10 21:26:02,
428,0,74032,Triple Couple +1,,19,https://cdn.bookmepk.com/sky/assets/images/hotels/rooms/cf9c266b45270f9d725434eec9ca916a.jpg,,,2026-08-10 21:26:03,2026-08-10 21:26:03,
429,0,74032,Single Room,,26,https://cdn.bookmepk.com/sky/assets/images/hotels/rooms/e7324642ba6bd7e945cf91b0368d2400.jpg,,,2026-08-10 21:26:03,2026-08-10 21:26:03,
430,0,2549,Superior Double for Single Use,,24,https://cdn.bookmepk.com/sky/assets/images/hotels/rooms/4466869a44672cf695325976d813b24e.jpg,,,2026-08-10 21:27:48,2026-08-10 21:27:48,
431,0,2549,Standard Double or Twin Room,,25,https://cdn.bookmepk.com/sky/assets/images/hotels/rooms/5023422497870a9ff740d6283a90c3ad.jpg,,,2026-08-10 21:27:49,2026-08-10 21:27:49,
432,0,2549,Superior Double or Twin Room,,24,https://cdn.bookmepk.com/sky/assets/images/hotels/rooms/c980483a992fb26bff67dbc27b9ee237.jpg,,,2026-08-10 21:27:50,2026-08-10 21:27:50,
433,0,2549,Junior Family,,19,https://cdn.bookmepk.com/sky/assets/images/hotels/rooms/e1875813dddaa32552867ae1ad1f089c.jpg,,,2026-08-10 21:27:50,2026-08-10 21:27:50,
434,0,2549,Triple Superior,,19,https://cdn.bookmepk.com/sky/assets/images/hotels/rooms/bffc66c0302fa5332a697d25d5d8e58e.jpg,,,2026-08-10 21:27:51,2026-08-10 21:27:51,
435,0,12462,King Room with Mountain View,,26,https://cdn.bookmepk.com/sky/assets/images/hotels/rooms/36bfc3f73821d77cb7928e8ec806a26b.jpg,,,2026-08-10 21:34:14,2026-08-10 21:34:14,
436,0,12462,Double Room with Mountain View,,26,https://cdn.bookmepk.com/sky/assets/images/hotels/rooms/c87a49ea66c9223c26c19bd7eb8d1708.jpg,,,2026-08-10 21:34:15,2026-08-10 21:34:15,
437,0,602,Backfill Test Room ZZZ,,,https://cdn.example/a.jpg,,,2026-08-11 06:45:55,2026-08-11 06:45:55,
438,0,602,Backfill Test Room Fresh,,,https://cdn.example/f.jpg,,,2026-08-11 07:33:21,2026-08-11 07:33:21,250
439,0,602,Backfill Test Room Fresh 1786433647,,,https://cdn.example/f.jpg,,,2026-08-11 07:34:08,2026-08-11 07:34:08,250
440,0,602,Backfill Test Room ZZZ 1786433647,,,https://cdn.example/a.jpg,,,2026-08-11 07:34:09,2026-08-11 07:34:10,431
441,0,602,Backfill Test Room Fresh 1786433675,,,https://cdn.example/f.jpg,,,2026-08-11 07:34:36,2026-08-11 07:34:36,250
442,0,602,Backfill Test Room ZZZ 1786433675,,,https://cdn.example/a.jpg,,,2026-08-11 07:34:37,2026-08-11 07:34:39,431
443,0,602,Backfill Test Room Fresh 1786433690,,,https://cdn.example/f.jpg,,,2026-08-11 07:34:51,2026-08-11 07:34:51,250
444,0,602,Backfill Test Room ZZZ 1786433690,,,https://cdn.example/a.jpg,,,2026-08-11 07:34:51,2026-08-11 07:34:53,431
445,0,602,Backfill Test Room Fresh 1786433696,,,https://cdn.example/f.jpg,,,2026-08-11 07:34:57,2026-08-11 07:34:57,250
446,0,602,Backfill Test Room ZZZ 1786433696,,,https://cdn.example/a.jpg,,,2026-08-11 07:34:58,2026-08-11 07:35:00,431
447,0,602,Backfill Test Room Fresh 1786433731.098809,,,https://cdn.example/f.jpg,,,2026-08-11 07:35:32,2026-08-11 07:35:32,250
448,0,602,Backfill Test Room ZZZ 1786433731.098809,,,https://cdn.example/a.jpg,,,2026-08-11 07:35:32,2026-08-11 07:35:34,431
449,0,602,Backfill Test Room Fresh 1786433939.378752,,,https://cdn.example/f.jpg,,,2026-08-11 07:39:00,2026-08-11 07:39:00,250
450,0,602,Backfill Test Room ZZZ 1786433939.378752,,,https://cdn.example/a.jpg,,,2026-08-11 07:39:01,2026-08-11 07:39:03,431
451,0,7671,Studio Apartment,,10,https://cdn.bookmepk.com/sky/assets/images/hotels/rooms/552354869ea867f674e96cfdde5ea73c.jpg,,,2026-08-11 07:41:19,2026-08-11 07:41:19,
452,0,85543,Standard Room Twin Beds,,25,https://cdn.bookmepk.com/sky/assets/images/hotels/rooms/f22bf6366a258e7c446896e25eb6d8c9.jpg,,,2026-08-11 07:43:37,2026-08-11 07:43:37,
453,0,85543,Standard Room,,25,https://cdn.bookmepk.com/sky/assets/images/hotels/rooms/f22bf6366a258e7c446896e25eb6d8c9.jpg,,,2026-08-11 07:43:37,2026-08-11 07:43:37,
454,0,85543,Classic Room,,25,https://cdn.bookmepk.com/sky/assets/images/hotels/rooms/40c9ae0d84beb99dba04e0021f0aa917.jpg,,,2026-08-11 07:43:37,2026-08-11 07:43:37,
455,0,85543,King Room - Non-Smoking,,26,https://cdn.bookmepk.com/sky/assets/images/hotels/rooms/22bdd8ad88be504bd804c0ec0fa08522.jpg,,,2026-08-11 07:43:38,2026-08-11 07:43:38,323
456,0,85543,Classic Twin Room,,25,https://cdn.bookmepk.com/sky/assets/images/hotels/rooms/9005bd45f3ff32a9aa87ff150a497304.jpg,,,2026-08-11 07:43:39,2026-08-11 07:43:39,323
457,0,85543,King Room - Mobility Access/Non-Smoking,,18,https://cdn.bookmepk.com/sky/assets/images/hotels/rooms/22bdd8ad88be504bd804c0ec0fa08522.jpg,,,2026-08-11 07:43:40,2026-08-11 07:43:40,323
458,0,85543,Room,,26,https://cdn.bookmepk.com/sky/assets/images/hotels/rooms/f22bf6366a258e7c446896e25eb6d8c9.jpg,,,2026-08-11 07:43:41,2026-08-11 07:43:41,
459,0,85543,Room Accessible,,18,https://cdn.bookmepk.com/sky/assets/images/hotels/rooms/f22bf6366a258e7c446896e25eb6d8c9.jpg,,,2026-08-11 07:43:42,2026-08-11 07:43:42,
460,0,85543,Classic Triple Room,,19,https://cdn.bookmepk.com/sky/assets/images/hotels/rooms/9005bd45f3ff32a9aa87ff150a497304.jpg,,,2026-08-11 07:43:42,2026-08-11 07:43:42,323
461,0,85543,King Suite - Non-Smoking,,8,https://cdn.bookmepk.com/sky/assets/images/hotels/rooms/8a58c4544d3f80d4a28de8b128365ffe.jpg,,,2026-08-11 07:43:43,2026-08-11 07:43:43,538
462,0,602,Backfill Test Room Fresh 1786435030.908825,,,https://cdn.example/f.jpg,,,2026-08-11 07:57:11,2026-08-11 07:57:11,250
463,0,602,Backfill Test Room ZZZ 1786435030.908825,,,https://cdn.example/a.jpg,,,2026-08-11 07:57:12,2026-08-11 07:57:14,431
464,0,602,Deluxe Studio With Free Beach Transfer,,10,https://cdn.bookmepk.com/sky/assets/images/hotels/rooms/521df2c57a4531d6d7968197261f1f81.jpg,,,2026-08-11 11:32:37,2026-08-12 11:26:07,398
465,0,602,Deluxe Studio 2 Single Bed,,10,https://cdn.bookmepk.com/sky/assets/images/hotels/rooms/521df2c57a4531d6d7968197261f1f81.jpg,,,2026-08-11 11:32:37,2026-08-11 11:32:37,398
466,0,602,Deluxe One Bedroom Apartment With Free Beach Transfer,,11,,,,2026-08-11 11:32:38,2026-08-11 11:32:38,
467,0,602,Deluxe One Bedroom Apartment,,11,,,,2026-08-11 11:32:38,2026-08-11 11:32:38,
468,0,602,Premier One Bedroom Apartment With Free Beach Transfer,,11,,,,2026-08-11 11:32:38,2026-08-11 11:32:38,
469,0,602,Premier One Bedroom Apartment,,11,,,,2026-08-11 11:32:38,2026-08-11 11:32:38,
470,0,602,Two Bedroom Deluxe City View Apartment With Free Beach Transfer,,12,,,,2026-08-11 11:32:39,2026-08-11 11:32:39,
471,0,602,Deluxe Two Bedroom Apartment With City View,,12,,,,2026-08-11 11:32:39,2026-08-11 11:32:39,
472,0,602,Two Bedroom Villa City View With Free Beach Transfer,,4,,,,2026-08-11 11:32:39,2026-08-11 11:32:39,
473,0,604,Room Standard Room Residence,,15,,,,2026-08-11 11:33:08,2026-08-11 11:33:08,
474,0,604,Standard Room Residence,,15,https://cdn.bookmepk.com/sky/assets/images/hotels/rooms/0cd4cf084a66a642f8ceded545ebac66.jpg,,,2026-08-11 11:33:08,2026-08-12 11:26:55,409
475,0,604,Standard Room With Room Only For 10 Adults,,25,https://cdn.bookmepk.com/sky/assets/images/hotels/rooms/0cd4cf084a66a642f8ceded545ebac66.jpg,,,2026-08-11 11:33:08,2026-08-12 11:26:56,409
476,0,604,"Standard Room Residence Comfortable Room, Resort Or Sea View, Private Balcony 1 Double Bed",,15,https://cdn.bookmepk.com/sky/assets/images/hotels/rooms/0cd4cf084a66a642f8ceded545ebac66.jpg,,,2026-08-11 11:33:08,2026-08-12 11:26:57,409
477,0,604,Room Assigned On Arrival,,26,,,,2026-08-11 11:33:08,2026-08-11 11:33:08,
478,0,604,Apartment,,15,,,,2026-08-11 11:33:09,2026-08-11 11:33:09,
479,0,604,Premier Lagoon View,,22,https://cdn.bookmepk.com/sky/assets/images/hotels/rooms/0e6d8906d401e2c65624e98bead03db6.jpg,,,2026-08-11 11:33:09,2026-08-12 11:26:58,506
480,0,604,Deluxe Lagoon View,,23,https://cdn.bookmepk.com/sky/assets/images/hotels/rooms/22a5c8a1a7a53c724b467e4e2c78539c.jpg,,,2026-08-11 11:33:09,2026-08-12 11:27:00,560
481,0,604,Double Or Twin Premier Lagoon View Room,,22,,,,2026-08-11 11:33:09,2026-08-11 11:33:09,
482,0,604,Premier Lagoon View King Or Twin,,22,https://cdn.bookmepk.com/sky/assets/images/hotels/rooms/0e6d8906d401e2c65624e98bead03db6.jpg,,,2026-08-11 11:33:09,2026-08-12 11:27:27,506
483,0,604,Apartment 1 Bedroom,,11,https://cdn.bookmepk.com/sky/assets/images/hotels/rooms/5c274aab2e9569ecf37a79655d0280bd.jpg,,,2026-08-11 11:33:09,2026-08-12 11:27:00,1152
484,0,604,Premier,,22,https://cdn.bookmepk.com/sky/assets/images/hotels/rooms/0e6d8906d401e2c65624e98bead03db6.jpg,,,2026-08-11 11:33:10,2026-08-12 11:27:01,506
485,0,604,One Bedroom Standard Apartment,,11,https://cdn.bookmepk.com/sky/assets/images/hotels/rooms/5c274aab2e9569ecf37a79655d0280bd.jpg,,,2026-08-11 11:33:10,2026-08-12 11:27:01,1152
486,0,604,"One Bedroom Apartment Separate Living Room, Fully Equipped Kitchen, Dining Area 1 Double Bed",,11,https://cdn.bookmepk.com/sky/assets/images/hotels/rooms/5c274aab2e9569ecf37a79655d0280bd.jpg,,,2026-08-11 11:33:10,2026-08-12 11:27:01,1152
487,0,604,One Bedroom Apartment With Room Only For 10 Adults,,11,https://cdn.bookmepk.com/sky/assets/images/hotels/rooms/5c274aab2e9569ecf37a79655d0280bd.jpg,,,2026-08-11 11:33:11,2026-08-12 11:27:02,1152
488,0,604,Premier Lagoon View Room With Room Only For 10 Adults,,22,https://cdn.bookmepk.com/sky/assets/images/hotels/rooms/0e6d8906d401e2c65624e98bead03db6.jpg,,,2026-08-11 11:33:11,2026-08-12 11:27:02,506
489,0,604,Double Or Twin Deluxe Lagoon View Room,,23,,,,2026-08-11 11:33:11,2026-08-11 11:33:11,
490,0,604,"Premier Lagoon View Room Private Balcony, Lagoon Views, Relaxing Seating Area 2 Twin Beds",,22,https://cdn.bookmepk.com/sky/assets/images/hotels/rooms/0e6d8906d401e2c65624e98bead03db6.jpg,,,2026-08-11 11:33:11,2026-08-12 11:27:03,506
491,0,604,"Premier Lagoon View Room Private Balcony, Lagoon Views, Relaxing Seating Area 1 King Bed",,22,https://cdn.bookmepk.com/sky/assets/images/hotels/rooms/0e6d8906d401e2c65624e98bead03db6.jpg,,,2026-08-11 11:33:11,2026-08-12 11:27:03,506
492,0,604,Deluxe Lagoon View King Or Twin,,23,https://cdn.bookmepk.com/sky/assets/images/hotels/rooms/22a5c8a1a7a53c724b467e4e2c78539c.jpg,,,2026-08-11 11:33:11,2026-08-12 11:27:09,560
493,0,604,Lagoon View,,26,https://cdn.bookmepk.com/sky/assets/images/hotels/rooms/22a5c8a1a7a53c724b467e4e2c78539c.jpg,,,2026-08-11 11:33:12,2026-08-12 11:27:04,560
494,0,604,Premier Room,,22,,,,2026-08-11 11:33:12,2026-08-11 11:33:12,
495,0,604,Lotus Lagoon View Room Adults Only,,26,https://cdn.bookmepk.com/sky/assets/images/hotels/rooms/f7fd7d787a532642d9733344c5fcef4e.jpg,,,2026-08-11 11:33:12,2026-08-11 11:33:12,506
496,0,604,Twin/Double Room De Luxe Lagoon View,,23,https://cdn.bookmepk.com/sky/assets/images/hotels/rooms/22a5c8a1a7a53c724b467e4e2c78539c.jpg,,,2026-08-11 11:33:13,2026-08-12 11:27:05,560
497,0,604,Premier Lagoon Access,,22,https://cdn.bookmepk.com/sky/assets/images/hotels/rooms/eb0ab19d04ebd314326b9b2b51457e98.jpg,,,2026-08-11 11:33:13,2026-08-12 11:27:07,506
498,0,604,"Lotus Lagoon View Room Adults Only, Private Balcony, Lagoon Views, Adults Only Swimming Lagoon 2 Twin Beds",,26,https://cdn.bookmepk.com/sky/assets/images/hotels/rooms/f7fd7d787a532642d9733344c5fcef4e.jpg,,,2026-08-11 11:33:13,2026-08-12 11:27:07,506
499,0,604,"Lotus Lagoon View Room Adults Only, Private Balcony, Lagoon Views, Adults Only Swimming Lagoon 1 King Bed",,26,https://cdn.bookmepk.com/sky/assets/images/hotels/rooms/f7fd7d787a532642d9733344c5fcef4e.jpg,,,2026-08-11 11:33:13,2026-08-12 11:27:07,506
500,0,604,"Lotus Lagoon View Room Adults Only, Private Balcony, Lagoon Views, Adults Only Swimming Lagoon , 1 King Bed",,26,https://cdn.bookmepk.com/sky/assets/images/hotels/rooms/f7fd7d787a532642d9733344c5fcef4e.jpg,,,2026-08-11 11:33:13,2026-08-12 11:27:08,506
501,0,604,Double Or Twin Premier Lagoon Access Room,,22,,,,2026-08-11 11:33:14,2026-08-11 11:33:14,
502,0,604,Lotus Lagoon View Room Adults Only With Room Only For 10 Adults,,26,https://cdn.bookmepk.com/sky/assets/images/hotels/rooms/f7fd7d787a532642d9733344c5fcef4e.jpg,,,2026-08-11 11:33:14,2026-08-12 11:27:08,506
503,0,604,Premier Lagoon Access King Or Twin,,22,https://cdn.bookmepk.com/sky/assets/images/hotels/rooms/eb0ab19d04ebd314326b9b2b51457e98.jpg,,,2026-08-11 11:33:14,2026-08-12 11:27:27,506
504,0,604,"Deluxe Lagoon View Room Private Balcony, Lagoon Views, Relaxing Seating Area 2 Twin Beds",,23,https://cdn.bookmepk.com/sky/assets/images/hotels/rooms/22a5c8a1a7a53c724b467e4e2c78539c.jpg,,,2026-08-11 11:33:14,2026-08-12 11:27:09,560
505,0,604,"Deluxe Lagoon View Room Private Balcony, Lagoon Views, Relaxing Seating Area 1 King Bed",,23,https://cdn.bookmepk.com/sky/assets/images/hotels/rooms/22a5c8a1a7a53c724b467e4e2c78539c.jpg,,,2026-08-11 11:33:14,2026-08-12 11:27:09,560
506,0,604,Deluxe Lagoon View Room With Room Only For 10 Adults,,23,https://cdn.bookmepk.com/sky/assets/images/hotels/rooms/22a5c8a1a7a53c724b467e4e2c78539c.jpg,,,2026-08-11 11:33:14,2026-08-12 11:27:10,560
507,0,604,Deluxe Lagoon Access,,23,https://cdn.bookmepk.com/sky/assets/images/hotels/rooms/3abf942707721cec1ebfbf963589b7c8.jpg,,,2026-08-11 11:33:15,2026-08-12 11:27:11,560
508,0,604,Lotus Lagoon View Room – Adults Only,,26,https://cdn.bookmepk.com/sky/assets/images/hotels/rooms/f7fd7d787a532642d9733344c5fcef4e.jpg,,,2026-08-11 11:33:15,2026-08-12 11:27:12,506
509,0,604,Deluxe Room,,23,,,,2026-08-11 11:33:15,2026-08-11 11:33:15,
510,0,604,Double Or Twin Deluxe Lagoon Access Room,,23,,,,2026-08-11 11:33:15,2026-08-11 11:33:15,
511,0,604,Lotus Lagoon View (Adults Only),,26,https://cdn.bookmepk.com/sky/assets/images/hotels/rooms/f7fd7d787a532642d9733344c5fcef4e.jpg,,,2026-08-11 11:33:15,2026-08-12 11:27:12,506
512,0,604,Deluxe Lagoon Access King Or Twin,,23,https://cdn.bookmepk.com/sky/assets/images/hotels/rooms/3abf942707721cec1ebfbf963589b7c8.jpg,,,2026-08-11 11:33:15,2026-08-12 11:27:15,560
513,0,604,"Premier Lagoon Access Room Direct Lagoon Access, Private Terrace, Spacious Layout 1 Twin Bed",,22,https://cdn.bookmepk.com/sky/assets/images/hotels/rooms/eb0ab19d04ebd314326b9b2b51457e98.jpg,,,2026-08-11 11:33:16,2026-08-12 11:27:13,506
514,0,604,"Premier Lagoon Access Room Direct Lagoon Access, Private Terrace, Spacious Layout 1 King Bed",,22,https://cdn.bookmepk.com/sky/assets/images/hotels/rooms/eb0ab19d04ebd314326b9b2b51457e98.jpg,,,2026-08-11 11:33:16,2026-08-12 11:27:13,506
515,0,604,Twin/Double Room De Luxe Lagoon Access,,23,https://cdn.bookmepk.com/sky/assets/images/hotels/rooms/3abf942707721cec1ebfbf963589b7c8.jpg,,,2026-08-11 11:33:16,2026-08-12 11:27:14,560
516,0,604,Lagoon Access,,26,https://cdn.bookmepk.com/sky/assets/images/hotels/rooms/3abf942707721cec1ebfbf963589b7c8.jpg,,,2026-08-11 11:33:16,2026-08-12 11:27:14,560
517,0,604,Apartment 2 Bedrooms,,12,https://cdn.bookmepk.com/sky/assets/images/hotels/rooms/5940323e8e2e6c327f7a3133a8c8991c.jpg,,,2026-08-11 11:33:16,2026-08-12 11:27:15,1765
518,0,604,"Deluxe Lagoon Access Room Direct Lagoon Access, Private Terrace, Spacious Layout 1 King Bed",,23,https://cdn.bookmepk.com/sky/assets/images/hotels/rooms/3abf942707721cec1ebfbf963589b7c8.jpg,,,2026-08-11 11:33:17,2026-08-12 11:27:15,560
519,0,604,"Deluxe Lagoon Access Room Direct Lagoon Access, Private Terrace, Spacious Layout 2 Twin Beds",,23,https://cdn.bookmepk.com/sky/assets/images/hotels/rooms/3abf942707721cec1ebfbf963589b7c8.jpg,,,2026-08-11 11:33:17,2026-08-12 11:27:16,560
520,0,604,Lotus Lagoon Access Room Adults Only,,26,https://cdn.bookmepk.com/sky/assets/images/hotels/rooms/34afe5493eb04207580a730e68b40b2c.jpg,,,2026-08-11 11:33:17,2026-08-11 11:33:17,506
521,0,604,Deluxe Lagoon Access Room With Room Only For 10 Adults,,23,https://cdn.bookmepk.com/sky/assets/images/hotels/rooms/3abf942707721cec1ebfbf963589b7c8.jpg,,,2026-08-11 11:33:18,2026-08-12 11:27:17,560
522,0,604,"Lotus Lagoon Access Room Adults Only, Direct Lagoon Access, Private Terrace, Adults Only Swimming 1 King Bed",,26,https://cdn.bookmepk.com/sky/assets/images/hotels/rooms/80759e168710d9c454fd484a15febc97.jpg,,,2026-08-11 11:33:18,2026-08-12 11:27:17,506
523,0,604,"Lotus Lagoon Access Room Adults Only, Direct Lagoon Access, Private Terrace, Adults Only Swimming 1 Twin Bed",,26,https://cdn.bookmepk.com/sky/assets/images/hotels/rooms/80759e168710d9c454fd484a15febc97.jpg,,,2026-08-11 11:33:18,2026-08-12 11:27:18,506
524,0,604,Two Bedroom Standard Apartment,,12,https://cdn.bookmepk.com/sky/assets/images/hotels/rooms/5940323e8e2e6c327f7a3133a8c8991c.jpg,,,2026-08-11 11:33:19,2026-08-12 11:27:18,1765
525,0,604,"Lotus Lagoon Access Room Adults Only, Direct Lagoon Access, Private Terrace, Adults Only Swimming , 1 King Bed",,26,https://cdn.bookmepk.com/sky/assets/images/hotels/rooms/80759e168710d9c454fd484a15febc97.jpg,,,2026-08-11 11:33:19,2026-08-12 11:27:18,506
526,0,604,"Two Bedroom Apartment Separate Living Room, Fully Equipped Kitchen, Dining Area 1 Double Bed",,12,https://cdn.bookmepk.com/sky/assets/images/hotels/rooms/5940323e8e2e6c327f7a3133a8c8991c.jpg,,,2026-08-11 11:33:19,2026-08-12 11:27:19,1765
527,0,604,Lotus Lagoon Access Room Adults Only With Room Only For 10 Adults,,26,https://cdn.bookmepk.com/sky/assets/images/hotels/rooms/80759e168710d9c454fd484a15febc97.jpg,,,2026-08-11 11:33:19,2026-08-12 11:27:19,506
528,0,604,Two Bedroom Apartment With Room Only For 10 Adults,,12,https://cdn.bookmepk.com/sky/assets/images/hotels/rooms/5940323e8e2e6c327f7a3133a8c8991c.jpg,,,2026-08-11 11:33:19,2026-08-12 11:27:21,1765
529,0,604,Lotus Lagoon Access Room – Adults Only,,26,https://cdn.bookmepk.com/sky/assets/images/hotels/rooms/80759e168710d9c454fd484a15febc97.jpg,,,2026-08-11 11:33:19,2026-08-12 11:27:23,506
530,0,604,Lotus Lagoon Access (Adults Only),,26,https://cdn.bookmepk.com/sky/assets/images/hotels/rooms/80759e168710d9c454fd484a15febc97.jpg,,,2026-08-11 11:33:19,2026-08-12 11:27:22,506
531,0,604,Villa 1 Bedroom Over Water,,3,https://cdn.bookmepk.com/sky/assets/images/hotels/rooms/892f6f2acc907f0336379d8d28b143cf.jpg,,,2026-08-11 11:33:20,2026-08-12 11:27:23,1141
532,0,604,Villa One Bedroom Over Water Villa,,3,,,,2026-08-11 11:33:20,2026-08-11 11:33:20,
533,0,604,"One Bedroom Over Water Villa, Overwater Location, Sea View, Private Terrace 1 King Bed",,3,https://cdn.bookmepk.com/sky/assets/images/hotels/rooms/892f6f2acc907f0336379d8d28b143cf.jpg,,,2026-08-11 11:33:20,2026-08-12 11:27:23,1141
534,0,604,One Bedroom Over Water Villa With Room Only For 10 Adults,,3,https://cdn.bookmepk.com/sky/assets/images/hotels/rooms/892f6f2acc907f0336379d8d28b143cf.jpg,,,2026-08-11 11:33:20,2026-08-12 11:27:24,1141
535,0,604,Twin/Double Room Premier,,22,,,,2026-08-11 11:33:20,2026-08-11 11:33:20,
536,0,604,Villa 1 Bedroom,,4,https://cdn.bookmepk.com/sky/assets/images/hotels/rooms/892f6f2acc907f0336379d8d28b143cf.jpg,,,2026-08-11 11:33:21,2026-08-12 11:27:25,1141
537,0,604,"One Bedroom Beach Pool Villa Private Pool, Sea View, Beachfront Location, Private Terrace 1 King Bed",,4,https://cdn.bookmepk.com/sky/assets/images/hotels/rooms/5536c606f4eb67ccb774542ddfeb5572.jpg,,,2026-08-11 11:33:21,2026-08-12 11:27:25,915
538,0,604,One Bedroom Beach Pool Villa With Room Only For 10 Adults,,4,https://cdn.bookmepk.com/sky/assets/images/hotels/rooms/5536c606f4eb67ccb774542ddfeb5572.jpg,,,2026-08-11 11:33:21,2026-08-12 11:27:25,915
539,0,604,Villa 1 Bedroom Pool Beach,,4,https://cdn.bookmepk.com/sky/assets/images/hotels/rooms/5536c606f4eb67ccb774542ddfeb5572.jpg,,,2026-08-11 11:33:21,2026-08-12 11:27:26,915
540,0,604,Apartment One Bedroom Apartment,,11,,,,2026-08-11 11:33:21,2026-08-11 11:33:21,
541,0,604,Apartment Two Bedroom Apartment,,12,,,,2026-08-11 11:33:22,2026-08-11 11:33:22,
542,0,604,Single Room De Luxe Lagoon View,,23,https://cdn.bookmepk.com/sky/assets/images/hotels/rooms/22a5c8a1a7a53c724b467e4e2c78539c.jpg,,,2026-08-11 11:33:22,2026-08-12 11:27:27,560
543,0,604,Lotus Lagoon View Room,,26,https://cdn.bookmepk.com/sky/assets/images/hotels/rooms/f7fd7d787a532642d9733344c5fcef4e.jpg,,,2026-08-11 11:33:22,2026-08-12 11:27:06,506
544,0,604,Single Room De Luxe Lagoon Access,,23,https://cdn.bookmepk.com/sky/assets/images/hotels/rooms/3abf942707721cec1ebfbf963589b7c8.jpg,,,2026-08-11 11:33:22,2026-08-12 11:27:28,560
545,0,604,Lotus Lagoon Access Room,,26,https://cdn.bookmepk.com/sky/assets/images/hotels/rooms/80759e168710d9c454fd484a15febc97.jpg,,,2026-08-11 11:33:22,2026-08-12 11:27:17,506
546,0,604,Single Room Premier,,22,https://cdn.bookmepk.com/sky/assets/images/hotels/rooms/0e6d8906d401e2c65624e98bead03db6.jpg,,,2026-08-11 11:33:22,2026-08-12 11:27:28,506
547,0,605,Deluxe Room With Balcony,,23,,,,2026-08-11 11:33:38,2026-08-11 11:33:38,
548,0,605,King Studio,,10,,,,2026-08-11 11:33:38,2026-08-11 11:33:38,
549,0,605,Twin Studio,,10,,,,2026-08-11 11:33:38,2026-08-11 11:33:38,
550,0,605,Deluxe Room Sea View,,23,,,,2026-08-11 11:33:38,2026-08-11 11:33:38,
551,0,605,Twin Guest Room With Balcony (2 Twin Beds) Package Rate,,26,,,,2026-08-11 11:33:38,2026-08-11 11:33:38,
552,0,605,King Guest Room (1 King Bed) Package Rate,,26,,,,2026-08-11 11:33:38,2026-08-11 11:33:38,
553,0,605,Executive King Studio,,10,,,,2026-08-11 11:33:39,2026-08-11 11:33:39,
554,0,605,King Studio With Sea View,,10,,,,2026-08-11 11:33:39,2026-08-11 11:33:39,
555,0,605,King Guest Room,,26,https://cdn.bookmepk.com/sky/assets/images/hotels/rooms/26ab97ec28edd2cae9b1fb2d9f5f17bd.jpg,,,2026-08-11 11:33:39,2026-08-11 11:33:39,527
556,0,605,King Deluxe Room With Balcony (1 King Bed) Package Rate,,23,,,,2026-08-11 11:33:40,2026-08-11 11:33:40,
557,0,605,King Room,,26,,,,2026-08-11 11:33:40,2026-08-11 11:33:40,
558,0,605,King Deluxe Room With Sea View (1 King Bed) Package Rate,,23,,,,2026-08-11 11:33:40,2026-08-11 11:33:40,
559,0,605,Executive Room Sea View With Balcony,,21,,,,2026-08-11 11:33:40,2026-08-11 11:33:40,
560,0,605,Executive King Studio With Sea View,,10,,,,2026-08-11 11:33:41,2026-08-11 11:33:41,
561,0,605,Deluxe King Studio,,10,,,,2026-08-11 11:33:41,2026-08-11 11:33:41,
562,0,605,King Executive Room With Sea View Balcony,,21,https://cdn.bookmepk.com/sky/assets/images/hotels/rooms/0f1bc505fc07be4e758409795704290d.jpg,,,2026-08-11 11:33:41,2026-08-11 11:33:41,538
563,0,605,Junior Suite With Balcony,,7,,,,2026-08-11 11:33:42,2026-08-11 11:33:42,
564,0,605,Junior Suite With Sea View,,7,,,,2026-08-11 11:33:42,2026-08-11 11:33:42,
565,0,605,Junior Suite Sea View With Balcony,,7,,,,2026-08-11 11:33:42,2026-08-11 11:33:42,
566,0,605,King Junior Suite With Sea View Balcony,,7,https://cdn.bookmepk.com/sky/assets/images/hotels/rooms/00a4ba4abb3658cb4f35fc5a85312c7f.jpg,,,2026-08-11 11:33:43,2026-08-11 11:33:43,646
567,0,605,Two Bedroom Family Suite,,8,,,,2026-08-11 11:33:43,2026-08-11 11:33:43,
568,0,605,Two Bedroom Family Suite Sea View With Balcony,,8,https://cdn.bookmepk.com/sky/assets/images/hotels/rooms/73547dc526e16fe5fdac4b669c290c7b.jpg,,,2026-08-11 11:33:44,2026-08-11 11:33:44,1561
569,0,605,Two Bedroom Family Suite With Sea View,,8,,,,2026-08-11 11:33:45,2026-08-11 11:33:45,
570,0,605,Loft Apartment,,15,,,,2026-08-11 11:33:45,2026-08-11 11:33:45,
571,0,605,Loft Apartment With Sea View,,15,,,,2026-08-11 11:33:45,2026-08-11 11:33:45,
572,0,605,Three Bedroom Family Apartment,,13,,,,2026-08-11 11:33:45,2026-08-11 11:33:45,
573,0,605,Three Bedroom Family Suite With Balcony,,8,,,,2026-08-11 11:33:45,2026-08-11 11:33:45,
574,0,605,Three Bedroom Family Suite Sea View With Balcony,,8,,,,2026-08-11 11:33:45,2026-08-11 11:33:45,
575,0,605,3 Bedrooms Family Suite With Sea View,,8,https://cdn.bookmepk.com/sky/assets/images/hotels/rooms/4e6ec2460e264fcd4a5a81c135867a1a.jpg,,,2026-08-11 11:33:45,2026-08-11 11:33:45,1981
576,0,605,Four Bedroom Family Suite With Balcony,,8,,,,2026-08-11 11:33:46,2026-08-11 11:33:46,
577,0,605,Four Bedroom Family Suite Sea View With Balcony,,8,https://cdn.bookmepk.com/sky/assets/images/hotels/rooms/b35049b5f1bf7b5c96a98af05c36ee80.jpg,,,2026-08-11 11:33:46,2026-08-11 11:33:46,2820
578,0,605,Four Bedroom Family Suite,,8,,,,2026-08-11 11:33:47,2026-08-11 11:33:47,
579,0,605,Four Bedroom Family Suite With Sea View,,8,,,,2026-08-11 11:33:48,2026-08-11 11:33:48,
580,0,605,Royal Suite,,6,https://cdn.bookmepk.com/sky/assets/images/hotels/rooms/42c8c90afe1baee9a173cce58b2c704f.jpg,,,2026-08-11 11:33:48,2026-08-11 11:33:48,2820
581,0,605,Guest Room,,26,,,,2026-08-11 11:33:49,2026-08-11 11:33:49,
582,0,605,Twin Studio With Sea View,,10,,,,2026-08-11 11:33:49,2026-08-11 11:33:49,
583,0,605,Twin Deluxe Room With Sea View Balcony (2 Twin Beds) Package Rate,,23,,,,2026-08-11 11:33:49,2026-08-11 11:33:49,
584,0,605,Two Bedroom Family Suite With Balcony,,8,,,,2026-08-11 11:33:49,2026-08-11 11:33:49,
585,0,605,3 Bedroom Family Suite W/ Sea View Balcony,,8,https://cdn.bookmepk.com/sky/assets/images/hotels/rooms/73547dc526e16fe5fdac4b669c290c7b.jpg,,,2026-08-11 11:33:50,2026-08-11 11:33:50,1894
586,0,606,Deluxe Jbr Walk View Room,,23,,,,2026-08-11 11:34:05,2026-08-11 11:34:05,
587,0,606,Deluxe Partial Sea View,,23,,,,2026-08-11 11:34:06,2026-08-11 11:34:06,
588,0,606,Deluxe Sea And Ain Dubai View,,23,,,,2026-08-11 11:34:06,2026-08-11 11:34:06,
589,0,606,"Deluxe, King Bed, Accessible",,18,https://cdn.bookmepk.com/sky/assets/images/hotels/rooms/dd919531b8e78f1b11264cd89086d1a2.jpg,,,2026-08-11 11:34:06,2026-08-11 11:34:06,409
590,0,606,"Deluxe Room, 2 Queen Beds",,23,,,,2026-08-11 11:34:07,2026-08-11 11:34:07,
591,0,606,"Deluxe Room, 1 King Bed",,23,,,,2026-08-11 11:34:07,2026-08-11 11:34:07,
592,0,606,"Deluxe Room, 1 King Bed, Accessible",,18,,,,2026-08-11 11:34:07,2026-08-11 11:34:07,
593,0,606,Deluxe Queen Room With Two Queen Beds,,23,,,,2026-08-11 11:34:07,2026-08-11 11:34:07,
594,0,606,Deluxe King Room,,23,,,,2026-08-11 11:34:07,2026-08-11 11:34:07,
595,0,606,"Room, 1 King Bed, Partial Sea View",,26,,,,2026-08-11 11:34:08,2026-08-11 11:34:08,
596,0,606,"Room, 2 Queen Beds, Partial Sea View",,26,,,,2026-08-11 11:34:08,2026-08-11 11:34:08,
597,0,606,Deluxe Queen Room With Two Queen Beds And Partial Sea View,,23,,,,2026-08-11 11:34:08,2026-08-11 11:34:08,
598,0,606,Deluxe King Room With Partial Sea View,,23,,,,2026-08-11 11:34:08,2026-08-11 11:34:08,
599,0,606,"Deluxe Room, 1 King Bed, Balcony, Sea View",,23,,,,2026-08-11 11:34:08,2026-08-11 11:34:08,
600,0,606,Deluxe King Room With Sea View And Balcony,,23,,,,2026-08-11 11:34:09,2026-08-11 11:34:09,
601,0,606,"Room, 2 Queen Beds, Sea View",,26,,,,2026-08-11 11:34:09,2026-08-11 11:34:09,
602,0,606,Deluxe King Room With Ain Dubai Sea View,,23,,,,2026-08-11 11:34:09,2026-08-11 11:34:09,
603,0,606,"Deluxe Queen Room With Two Queen Beds, Ain Dubai And Sea View",,23,,,,2026-08-11 11:34:09,2026-08-11 11:34:09,
604,0,606,Executive Sea View,,21,,,,2026-08-11 11:34:09,2026-08-11 11:34:09,
605,0,606,"Executive Room, 2 Queen Beds, Sea View",,21,,,,2026-08-11 11:34:09,2026-08-11 11:34:09,
606,0,606,"Executive Room, 1 King Bed, Sea View",,21,,,,2026-08-11 11:34:10,2026-08-11 11:34:10,
607,0,606,Suite,,8,,,,2026-08-11 11:34:10,2026-08-11 11:34:10,
608,0,606,Family Suite,,8,,,,2026-08-11 11:34:10,2026-08-11 11:34:10,
609,0,606,"Executive Suite, 1 King Bed, Sea View",,2,,,,2026-08-11 11:34:10,2026-08-11 11:34:10,
610,0,606,"Suite, 1 King Bed, Sea View",,8,,,,2026-08-11 11:34:10,2026-08-11 11:34:10,
611,0,606,Family Suite With Two Queen Beds And Partial Sea View,,8,,,,2026-08-11 11:34:10,2026-08-11 11:34:10,
612,0,606,"Family Suite, Sea View",,8,,,,2026-08-11 11:34:11,2026-08-11 11:34:11,
613,0,606,"Deluxe, King Bed",,23,,,,2026-08-11 11:34:11,2026-08-11 11:34:11,
614,0,606,Accessible Twin Deluxe Room Non Smoking,,18,,,,2026-08-11 11:34:11,2026-08-11 11:34:11,
615,0,606,Two Queens Deluxe Room,,23,https://cdn.bookmepk.com/sky/assets/images/hotels/rooms/039b63eb94797b9fdab50343f30448e6.jpg,,,2026-08-11 11:34:11,2026-08-11 11:34:11,420
616,0,606,Two Queens Accessible Deluxe Room W/ Balcony,,18,https://cdn.bookmepk.com/sky/assets/images/hotels/rooms/957f5afcbbb00e55426b2d9ee4e00587.jpg,,,2026-08-11 11:34:12,2026-08-11 11:34:12,323
617,0,606,King Deluxe Room,,23,https://cdn.bookmepk.com/sky/assets/images/hotels/rooms/347d2e0359c1687b863c18e352ae1692.jpg,,,2026-08-11 11:34:13,2026-08-11 11:34:13,409
618,0,606,"Deluxe Twin Room, Accessible",,18,,,,2026-08-11 11:34:14,2026-08-11 11:34:14,
619,0,606,Deluxe King Room With Balcony And Sea View,,23,,,,2026-08-11 11:34:14,2026-08-11 11:34:14,
620,0,606,Deluxe Room,,23,,,,2026-08-11 11:34:14,2026-08-11 11:34:14,
621,0,606,Deluxe Room Disabled Adapted,,18,,,,2026-08-11 11:34:15,2026-08-11 11:34:15,
622,0,606,King Deluxe Room W/ Sea View Balcony,,23,https://cdn.bookmepk.com/sky/assets/images/hotels/rooms/61797a87a7928c6fc20d89abac0be4a3.jpg,,,2026-08-11 11:34:15,2026-08-11 11:34:15,431
623,0,606,Two Queens Deluxe Room W/ Sea View Balcony,,23,,,,2026-08-11 11:34:16,2026-08-11 11:34:16,
624,0,606,Deluxe King Room With Ain Dubai And Sea View,,23,,,,2026-08-11 11:34:16,2026-08-11 11:34:16,
625,0,606,Two Queen Deluxe Room W/ Ain Dubai Sea View,,23,https://cdn.bookmepk.com/sky/assets/images/hotels/rooms/075321d64a139c7e3f66aee826ae34dc.jpg,,,2026-08-11 11:34:17,2026-08-11 11:34:17,409
626,0,606,King Deluxe Room W/ Ain Dubai Sea View,,23,https://cdn.bookmepk.com/sky/assets/images/hotels/rooms/855cb06b0f9f4011bea39202a27ff89f.jpg,,,2026-08-11 11:34:17,2026-08-11 11:34:17,409
627,0,606,Deluxe Room Side Sea View,,23,,,,2026-08-11 11:34:18,2026-08-11 11:34:18,
628,0,606,Executive King Room With Sea View,,21,,,,2026-08-11 11:34:19,2026-08-11 11:34:19,
629,0,606,Executive Two Queen Room With Sea View,,21,,,,2026-08-11 11:34:19,2026-08-11 11:34:19,
630,0,606,King Executive Room With Sea View Balcony,,21,https://cdn.bookmepk.com/sky/assets/images/hotels/rooms/04932ad05b35f18d0af94732d1edee70.jpg,,,2026-08-11 11:34:19,2026-08-11 11:34:19,409
631,0,606,Two Queens Exec Room W/ Sea View Balcony,,21,https://cdn.bookmepk.com/sky/assets/images/hotels/rooms/f776fc511eb931324d6a328dc4f487ec.jpg,,,2026-08-11 11:34:20,2026-08-11 11:34:20,420
632,0,606,Room Sea View,,26,,,,2026-08-11 11:34:21,2026-08-11 11:34:21,
633,0,606,Executive Room Sea View,,21,,,,2026-08-11 11:34:21,2026-08-11 11:34:21,
634,0,606,One Bedroom Family King Suite,,8,,,,2026-08-11 11:34:21,2026-08-11 11:34:21,
635,0,606,King One Bedroom Suite W/ Sea View Balcony,,8,https://cdn.bookmepk.com/sky/assets/images/hotels/rooms/409c750d92669224011831dfda0f3ec9.jpg,,,2026-08-11 11:34:21,2026-08-11 11:34:21,743
636,0,606,King Corner Alcove Room With Sea View,,26,,,,2026-08-11 11:34:22,2026-08-11 11:34:22,
637,0,606,King Corner Suite With Sea View Balcony,,8,https://cdn.bookmepk.com/sky/assets/images/hotels/rooms/d636bdea16e8eb72a53898c7fe81f2e6.jpg,,,2026-08-11 11:34:22,2026-08-11 11:34:22,657
638,0,606,Executive Family King Suite With Sea View,,8,,,,2026-08-11 11:34:23,2026-08-11 11:34:23,
639,0,606,King Gulf Suite With Sea View,,8,,,,2026-08-11 11:34:24,2026-08-11 11:34:24,
640,0,606,King Gulf Suite With Sea View Balcony,,8,https://cdn.bookmepk.com/sky/assets/images/hotels/rooms/04cb36d0f7cab28688cb95b1e35407cf.jpg,,,2026-08-11 11:34:24,2026-08-11 11:34:24,1152
641,0,606,Family Suite With Sea View,,8,,,,2026-08-11 11:34:25,2026-08-11 11:34:25,
642,0,606,Suite Lateral Sea View,,8,,,,2026-08-11 11:34:25,2026-08-11 11:34:25,
643,0,606,Royal Suite With Sea View,,6,,,,2026-08-11 11:34:25,2026-08-11 11:34:25,
644,0,606,King Royal Suite With Sea View Balcony,,6,https://cdn.bookmepk.com/sky/assets/images/hotels/rooms/0057692a59347ad9c5945fec9794f7d3.jpg,,,2026-08-11 11:34:25,2026-08-11 11:34:25,2196
645,0,606,"Deluxe Room, 1 King Bed (1 King Bed) Package Rate",,23,,,,2026-08-11 11:34:26,2026-08-11 11:34:26,
646,0,606,"Deluxe Twin Room, Accessible (2 Twin Beds) Package Rate",,18,,,,2026-08-11 11:34:26,2026-08-11 11:34:26,
647,0,606,"Deluxe Room, 1 King Bed, Balcony, Sea View (1 King Bed) Package Rate",,23,,,,2026-08-11 11:34:26,2026-08-11 11:34:26,
648,0,606,"Deluxe Room, 1 King Bed, Accessible (1 King Bed) Package Rate",,18,,,,2026-08-11 11:34:27,2026-08-11 11:34:27,
649,0,608,Double Room King Bed Fairmont,,26,,,,2026-08-11 11:35:04,2026-08-11 11:35:04,
650,0,608,Fairmont Heritage King,,26,,,,2026-08-11 11:35:04,2026-08-11 11:35:04,
651,0,608,Double Room King Bed Fairmont Partial Sea View,,26,,,,2026-08-11 11:35:04,2026-08-11 11:35:04,
652,0,608,Double Standard,,25,,,,2026-08-11 11:35:04,2026-08-11 11:35:04,
653,0,608,Fairmont Heritage King Partial Palm Sea View,,26,,,,2026-08-11 11:35:04,2026-08-11 11:35:04,
654,0,608,Double Room Queen Bed Partial Sea View,,26,,,,2026-08-11 11:35:05,2026-08-11 11:35:05,
655,0,608,Fairmont Heritage Double Queen Partial Palm Sea View,,26,,,,2026-08-11 11:35:05,2026-08-11 11:35:05,
656,0,608,Room Non Smoking,,26,,,,2026-08-11 11:35:05,2026-08-11 11:35:05,
657,0,608,"Heritage, Fairmont, King Bed",,26,,,,2026-08-11 11:35:05,2026-08-11 11:35:05,
658,0,608,Room Two Queen Beds,,26,,,,2026-08-11 11:35:05,2026-08-11 11:35:05,
659,0,608,Double Room Queen Bed De Luxe Sea View,,23,,,,2026-08-11 11:35:06,2026-08-11 11:35:06,
660,0,608,Deluxe Double Queen Palm Sea View,,23,,,,2026-08-11 11:35:06,2026-08-11 11:35:06,
661,0,608,Twin/Double Room De Luxe King Palm Sea View,,23,,,,2026-08-11 11:35:06,2026-08-11 11:35:06,
662,0,608,Double King Size Bed,,26,,,,2026-08-11 11:35:06,2026-08-11 11:35:06,
663,0,608,Fairmont Heritage King Room,,26,,,,2026-08-11 11:35:06,2026-08-11 11:35:06,
664,0,608,Deluxe King Palm Sea View,,23,,,,2026-08-11 11:35:07,2026-08-11 11:35:07,
665,0,608,Room Deluxe Two Queen Beds,,23,,,,2026-08-11 11:35:07,2026-08-11 11:35:07,
666,0,608,Fairmont Heritage King Room With Partial Palm Sea View,,26,,,,2026-08-11 11:35:07,2026-08-11 11:35:07,
667,0,608,Double Partial Sea View,,26,,,,2026-08-11 11:35:07,2026-08-11 11:35:07,
668,0,608,Fairmont Heritage Double Queen With Partial Sea View,,26,,,,2026-08-11 11:35:08,2026-08-11 11:35:08,
669,0,608,Deluxe Double Queen With Palm Sea View,,23,,,,2026-08-11 11:35:08,2026-08-11 11:35:08,
670,0,608,Double Deluxe With Views,,23,,,,2026-08-11 11:35:08,2026-08-11 11:35:08,
671,0,608,Deluxe King Room With Palm Sea View,,23,,,,2026-08-11 11:35:08,2026-08-11 11:35:08,
672,0,608,Double Room King Bed Gold,,26,,,,2026-08-11 11:35:08,2026-08-11 11:35:08,
673,0,608,Double Room Queen Bed,,26,,,,2026-08-11 11:35:09,2026-08-11 11:35:09,
674,0,608,Fairmont Gold Heritage King Lounge Access,,20,,,,2026-08-11 11:35:09,2026-08-11 11:35:09,
675,0,608,Fairmont Gold Heritage Double Queen Lounge Access,,20,,,,2026-08-11 11:35:09,2026-08-11 11:35:09,
676,0,608,Suite 1 Bedroom Sea View,,8,,,,2026-08-11 11:35:09,2026-08-11 11:35:09,
677,0,608,Fairmont One Bedroom Suite Palm Sea View,,8,,,,2026-08-11 11:35:10,2026-08-11 11:35:10,
678,0,608,Double With Views,,26,,,,2026-08-11 11:35:10,2026-08-11 11:35:10,
679,0,608,Single Standard,,25,,,,2026-08-11 11:35:10,2026-08-11 11:35:10,
680,0,608,Suite King Bed Non Smoking,,8,,,,2026-08-11 11:35:10,2026-08-11 11:35:10,
681,0,608,Fairmont Gold Heritage Double Queen Room With Lounge Access,,20,,,,2026-08-11 11:35:10,2026-08-11 11:35:10,
682,0,608,Double Queen Size Bed,,26,,,,2026-08-11 11:35:10,2026-08-11 11:35:10,
683,0,608,"Room, 2 Queen Beds (Fairmont Gold Heritage, Lounge Access)",,20,,,,2026-08-11 11:35:11,2026-08-11 11:35:11,
684,0,608,Suite Sea View One Bedroom,,8,,,,2026-08-11 11:35:11,2026-08-11 11:35:11,
685,0,608,Fairmont One Bedroom Suite With Palm Sea View,,8,,,,2026-08-11 11:35:11,2026-08-11 11:35:11,
686,0,608,Double Room Queen Bed Sea View,,26,,,,2026-08-11 11:35:11,2026-08-11 11:35:11,
687,0,608,Fairmont Gold Double Queen Palm Sea View Lounge Access,,20,,,,2026-08-11 11:35:12,2026-08-11 11:35:12,
688,0,608,Family Room Balcony,,19,,,,2026-08-11 11:35:12,2026-08-11 11:35:12,
689,0,608,Family Room Grand Balcony,,19,,,,2026-08-11 11:35:12,2026-08-11 11:35:12,
690,0,608,"Grand Family Heritage Room, 1 King Bed, 2 Queen Beds, Balcony",,19,,,,2026-08-11 11:35:12,2026-08-11 11:35:12,
691,0,608,"Grand Family Heritage Room, 2 King Beds, Balcony",,19,,,,2026-08-11 11:35:12,2026-08-11 11:35:12,
692,0,608,Family Room Two Queen Beds,,19,,,,2026-08-11 11:35:12,2026-08-11 11:35:12,
693,0,608,Fairmont Gold Double Queen Room With Palm Sea View And Lounge Access,,20,,,,2026-08-11 11:35:13,2026-08-11 11:35:13,
694,0,608,Double Sea View,,26,,,,2026-08-11 11:35:13,2026-08-11 11:35:13,
695,0,608,Family Room De Luxe Balcony Sea View,,19,,,,2026-08-11 11:35:13,2026-08-11 11:35:13,
696,0,608,Suite Jacuzzi,,8,,,,2026-08-11 11:35:13,2026-08-11 11:35:13,
697,0,608,Grand Family Heritage Room With Two King Beds And Balcony,,19,,,,2026-08-11 11:35:13,2026-08-11 11:35:13,
698,0,608,"Deluxe Grand Family Heritage Palm Sea View Room, 2 King Beds, Balcony",,19,,,,2026-08-11 11:35:13,2026-08-11 11:35:13,
699,0,608,"Deluxe Grand Family Heritage Palm Sea View Room, 1 King Bed, 2 Queen Beds, Balcony",,19,,,,2026-08-11 11:35:14,2026-08-11 11:35:14,
700,0,608,Signature Jacuzzi Suite Panoramic Palm Sea View,,8,,,,2026-08-11 11:35:14,2026-08-11 11:35:14,
701,0,608,"Family Room, 2 Double Beds",,19,,,,2026-08-11 11:35:14,2026-08-11 11:35:14,
702,0,608,Grand Family Heritage Room With One King Bed And Two Queen Beds Balcony,,19,,,,2026-08-11 11:35:14,2026-08-11 11:35:14,
703,0,608,Suite One Bedroom,,8,,,,2026-08-11 11:35:14,2026-08-11 11:35:14,
704,0,608,Family Room Deluxe,,19,,,,2026-08-11 11:35:14,2026-08-11 11:35:14,
705,0,608,Suite 1 Bedroom Gold Sea View,,8,,,,2026-08-11 11:35:14,2026-08-11 11:35:14,
706,0,608,Deluxe One Bedroom Suite With Panoramic Palm Sea View,,8,,,,2026-08-11 11:35:15,2026-08-11 11:35:15,
707,0,608,Fairmont Gold One Bedroom Suite Palm Sea View Lounge Access,,8,,,,2026-08-11 11:35:15,2026-08-11 11:35:15,
708,0,608,"Deluxe Suite, 1 Bedroom, Sea View",,8,,,,2026-08-11 11:35:15,2026-08-11 11:35:15,
709,0,608,Signature Jacuzzi Suite With Panoramic Palm Sea View,,8,,,,2026-08-11 11:35:15,2026-08-11 11:35:15,
710,0,608,Deluxe Grand Family Heritage Palm Sea View Room With Balcony,,19,,,,2026-08-11 11:35:15,2026-08-11 11:35:15,
711,0,608,Fairmont Gold One Bedroom Suite Palm Sea View  Lounge Access,,8,,,,2026-08-11 11:35:16,2026-08-11 11:35:16,
712,0,608,Fairmont Gold One Bedroom Suite With Palm Sea View And Lounge Access,,8,,,,2026-08-11 11:35:16,2026-08-11 11:35:16,
713,0,608,Fairmont Gold Jacuzzi Corner Palm Sea View Suite With Lounge Access And Balcony,,8,,,,2026-08-11 11:35:16,2026-08-11 11:35:16,
714,0,608,Suite Two Bedrooms,,8,,,,2026-08-11 11:35:16,2026-08-11 11:35:16,
715,0,608,Apartment 2 Bedrooms King Bed Sea View,,12,,,,2026-08-11 11:35:16,2026-08-11 11:35:16,
716,0,608,Two Bedroom Apartment Double King Palm Sea View,,12,,,,2026-08-11 11:35:17,2026-08-11 11:35:17,
717,0,608,Apartment King Bed Two Bedrooms,,12,,,,2026-08-11 11:35:17,2026-08-11 11:35:17,
718,0,608,Deluxe Three Bedroom Family Suite,,8,,,,2026-08-11 11:35:17,2026-08-11 11:35:17,
719,0,608,Two Bedroom Apartment With Double And King Beds And Palm Sea View,,12,,,,2026-08-11 11:35:17,2026-08-11 11:35:17,
720,0,608,Apartment Sea View King Bed,,15,,,,2026-08-11 11:35:17,2026-08-11 11:35:17,
721,0,608,"Apartment, 2 Bedrooms, Sea View",,12,,,,2026-08-11 11:35:18,2026-08-11 11:35:18,
722,0,608,Double Room Queen Bed Fairmont,,26,,,,2026-08-11 11:35:18,2026-08-11 11:35:18,
723,0,608,Fairmont Heritage Double Queen,,26,,,,2026-08-11 11:35:18,2026-08-11 11:35:18,
724,0,608,Fairmont Gold Heritage King Room With Lounge Access,,20,,,,2026-08-11 11:35:18,2026-08-11 11:35:18,
725,0,608,One Bedroom Apartment,,11,,,,2026-08-11 11:35:19,2026-08-11 11:35:19,
726,0,608,"Family Room, Multiple Beds, Balcony (Grand Family Heritage)",,19,,,,2026-08-11 11:35:19,2026-08-11 11:35:19,
727,0,608,Deluxe Grand Family Heritage With Palm Sea View Room And Balcony,,19,,,,2026-08-11 11:35:19,2026-08-11 11:35:19,
728,0,608,Two Bedroom Apartment With Double And King Beds,,12,,,,2026-08-11 11:35:19,2026-08-11 11:35:19,
729,0,608,Single Room De Luxe King Palm Sea View,,23,,,,2026-08-11 11:35:19,2026-08-11 11:35:19,
730,0,610,One Bedroom Apartment,,11,https://cdn.bookmepk.com/sky/assets/images/hotels/rooms/765b1f68c3ec279ffe2c00f704a23a32.jpg,,,2026-08-11 11:36:13,2026-08-11 11:36:13,1206
731,0,610,Apartment 1 Bedroom Premium,,11,,,,2026-08-11 11:36:14,2026-08-11 11:36:14,
732,0,610,One Bedroom Premium Apartment With Burj Khalifa And Creek View,,11,https://cdn.bookmepk.com/sky/assets/images/hotels/rooms/765b1f68c3ec279ffe2c00f704a23a32.jpg,,,2026-08-11 11:36:14,2026-08-11 11:36:14,1206
733,0,610,Two Bedroom Apartment,,12,https://cdn.bookmepk.com/sky/assets/images/hotels/rooms/6fb5dc6fd7fd005f0c5aab8b37b3ae05.jpg,,,2026-08-11 11:36:15,2026-08-11 11:36:15,1593
734,0,610,Apartment 1 Bedroom,,11,,,,2026-08-11 11:36:16,2026-08-11 11:36:16,
735,0,610,Apartment 2 Bedrooms Premium,,12,,,,2026-08-11 11:36:16,2026-08-11 11:36:16,
736,0,610,Two Bedroom Premium Apartment With Burj Khalifa And Creek View,,12,https://cdn.bookmepk.com/sky/assets/images/hotels/rooms/1cd68b8afaf05e6bda75d253db6b686b.jpg,,,2026-08-11 11:36:16,2026-08-11 11:36:16,1593
737,0,610,Apartment 2 Bedrooms,,12,,,,2026-08-11 11:36:17,2026-08-11 11:36:17,
738,0,610,Three Bedroom Premium Apartment,,13,https://cdn.bookmepk.com/sky/assets/images/hotels/rooms/9145acff07e770bd560b5d51ac15584d.jpg,,,2026-08-11 11:36:17,2026-08-11 11:36:17,2034
739,0,610,Apartment 3 Bedrooms Premium,,13,,,,2026-08-11 11:36:18,2026-08-11 11:36:18,
740,0,611,Fairmont Room,,26,,,,2026-08-11 11:36:39,2026-08-11 11:36:39,
741,0,611,Double Room King Bed Fairmont,,26,,,,2026-08-11 11:36:40,2026-08-11 11:36:40,
742,0,611,Twin Room Fairmont,,26,,,,2026-08-11 11:36:40,2026-08-11 11:36:40,
743,0,611,Fairmont 2 Single Beds,,26,,,,2026-08-11 11:36:40,2026-08-11 11:36:40,
744,0,611,Fairmont King Room,,26,,,,2026-08-11 11:36:40,2026-08-11 11:36:40,
745,0,611,Deluxe Skyline View King Room,,23,,,,2026-08-11 11:36:40,2026-08-11 11:36:40,
746,0,611,Double Room King Bed De Luxe Skyline View,,23,,,,2026-08-11 11:36:40,2026-08-11 11:36:40,
747,0,611,Deluxe Skyline View King,,23,,,,2026-08-11 11:36:41,2026-08-11 11:36:41,
748,0,611,Fairmont Room 2 Twin Beds,,26,,,,2026-08-11 11:36:41,2026-08-11 11:36:41,
749,0,611,One Bedroom Suite King&#Xd;,,8,,,,2026-08-11 11:36:41,2026-08-11 11:36:41,
750,0,611,Junior Suite King,,7,,,,2026-08-11 11:36:41,2026-08-11 11:36:41,
751,0,611,Suite 1 Bedroom King Bed,,8,,,,2026-08-11 11:36:41,2026-08-11 11:36:41,
752,0,611,One Bedroom Suite King,,8,,,,2026-08-11 11:36:41,2026-08-11 11:36:41,
753,0,611,Two Bedroom Suite 2 King,,8,,,,2026-08-11 11:36:42,2026-08-11 11:36:42,
754,0,611,"Two Bedroom Suite, 2 Kings",,8,,,,2026-08-11 11:36:42,2026-08-11 11:36:42,
755,0,611,Suite 2 Bedrooms King/King,,8,,,,2026-08-11 11:36:42,2026-08-11 11:36:42,
756,0,611,"Signature Two Bedroom Suite, 2 King",,8,,,,2026-08-11 11:36:42,2026-08-11 11:36:42,
757,0,611,Signature 2 Bedroom Suite 2 King,,8,,,,2026-08-11 11:36:42,2026-08-11 11:36:42,
758,0,611,Fairmont Double Room (Full Double Bed) (King Size Bed),,26,,,,2026-08-11 11:36:42,2026-08-11 11:36:42,
759,0,611,Deluxe Double Room With Skyline View (Full Double Bed) (Bed Type Is Subject To Availability),,23,,,,2026-08-11 11:36:43,2026-08-11 11:36:43,
760,0,611,Fairmont 2 Single Beds 41Sm 441Sf,,26,https://cdn.bookmepk.com/sky/assets/images/hotels/rooms/3b48fdd664c45ebc51dbd06a79b89659.jpg,,,2026-08-11 11:36:43,2026-08-11 11:36:43,452
761,0,611,Fairmont King 41Sm 441Sf,,26,https://cdn.bookmepk.com/sky/assets/images/hotels/rooms/c83f623ba65041fba4dbd1926a73d3f8.jpg,,,2026-08-11 11:36:44,2026-08-11 11:36:44,452
762,0,611,Deluxe Skyline View King 41Sm 441Sf,,23,https://cdn.bookmepk.com/sky/assets/images/hotels/rooms/2c24757701e0bb76e3f39f00df8dca68.jpg,,,2026-08-11 11:36:45,2026-08-11 11:36:45,452
763,0,611,Twin Standard,,25,,,,2026-08-11 11:36:46,2026-08-11 11:36:46,
764,0,611,Room Run Of House,,25,,,,2026-08-11 11:36:46,2026-08-11 11:36:46,
765,0,611,1 Bedroom Double Suite (Full Double Bed) (Bed Type Is Subject To Availability),,8,,,,2026-08-11 11:36:46,2026-08-11 11:36:46,
766,0,611,Double Deluxe King Bed,,23,,,,2026-08-11 11:36:46,2026-08-11 11:36:46,
767,0,611,Junior Suite King 55Sm 592Sf. Combined Living And Sleep Area.,,7,https://cdn.bookmepk.com/sky/assets/images/hotels/rooms/5554692a15df4b233e50915a155918c1.jpg,,,2026-08-11 11:36:46,2026-08-11 11:36:46,
768,0,611,Fairmont Double Room (Twin Beds),,26,,,,2026-08-11 11:36:47,2026-08-11 11:36:47,
769,0,611,Double King Size Bed,,26,,,,2026-08-11 11:36:47,2026-08-11 11:36:47,
770,0,611,"One Bedroom Suite King 83Sm 893Sf. Separate Living Room, Dining Table For 4.",,8,,,,2026-08-11 11:36:47,2026-08-11 11:36:47,
771,0,611,Junior Suite King Size Bed,,7,,,,2026-08-11 11:36:48,2026-08-11 11:36:48,
772,0,611,Suite King Size Bed,,8,,,,2026-08-11 11:36:48,2026-08-11 11:36:48,
773,0,611,Double Junior Suite (Full Double Bed) (King Size Bed),,7,,,,2026-08-11 11:36:48,2026-08-11 11:36:48,
774,0,611,Deluxe Double Room With Skyline View (Full Double Bed) (King Size Bed),,23,,,,2026-08-11 11:36:48,2026-08-11 11:36:48,
775,0,611,2 Bedrooms Suite,,8,,,,2026-08-11 11:36:48,2026-08-11 11:36:48,
776,0,611,1 Bedroom Double Suite (Full Double Bed) (King Size Bed),,8,,,,2026-08-11 11:36:48,2026-08-11 11:36:48,
777,0,611,2 Bedrooms Signature Suite,,8,,,,2026-08-11 11:36:48,2026-08-11 11:36:48,
778,0,611,Fairmont King 41Sm 441Sf Non Refundable,,26,,,,2026-08-11 11:36:49,2026-08-11 11:36:49,
779,0,611,Fairmont 2 Single Beds 41Sm 441Sf Non Refundable,,26,,,,2026-08-11 11:36:49,2026-08-11 11:36:49,
780,0,611,Deluxe Skyline View King 41Sm 441Sf Non Refundable,,23,,,,2026-08-11 11:36:49,2026-08-11 11:36:49,
781,0,611,Fairmont King 41Sm 441Sf.,,26,,,,2026-08-11 11:36:49,2026-08-11 11:36:49,
782,0,611,Junior Suite King 55Sm 592Sf Non Refundable,,7,,,,2026-08-11 11:36:49,2026-08-11 11:36:49,
783,0,611,Junior Suite King 55Sm 592Sf,,7,,,,2026-08-11 11:36:49,2026-08-11 11:36:49,
784,0,611,One Bedroom Suite King 83Sm 893Sf Non Refundable,,8,,,,2026-08-11 11:36:50,2026-08-11 11:36:50,
785,0,611,One Bedroom Suite King 83Sm 893Sf,,8,,,,2026-08-11 11:36:50,2026-08-11 11:36:50,
786,0,611,Fairmont Double Room (Full Double Bed) (Bed Type Is Subject To Availability),,26,,,,2026-08-11 11:36:50,2026-08-11 11:36:50,
787,0,611,Fairmont Double Room (Twin Beds) (Bed Type Is Subject To Availability),,26,,,,2026-08-11 11:36:50,2026-08-11 11:36:50,
788,0,611,"One Bedroom Suite King 83Sm 893Sf. Separate L Iving Room, Dining Table For 4.",,8,https://cdn.bookmepk.com/sky/assets/images/hotels/rooms/f413b0cfe01755f1a9b7906df96d2014.jpg,,,2026-08-11 11:36:50,2026-08-11 11:36:50,
789,0,611,Two Bedroom Suite 2 King 105Sm 1130Sf Non Refundable,,8,,,,2026-08-11 11:36:51,2026-08-11 11:36:51,
790,0,611,Two Bedroom Suite 2 King 105Sm 1130Sf,,8,,,,2026-08-11 11:36:51,2026-08-11 11:36:51,
791,0,611,"Two Bedroom Suite 2 King 105Sm 1130Sf. Separa Te Living Room, Dining Table For 6.",,8,https://cdn.bookmepk.com/sky/assets/images/hotels/rooms/811f5e55b71d883d0f16ed52454337b0.jpg,,,2026-08-11 11:36:51,2026-08-11 11:36:51,
792,0,611,Signature 2 Bedroom Suite 2 King 136Sm 1463Sf Non Refundable,,8,,,,2026-08-11 11:36:52,2026-08-11 11:36:52,
793,0,611,Signature 2 Bedroom Suite 2 King 136Sm 1463Sf,,8,,,,2026-08-11 11:36:52,2026-08-11 11:36:52,
794,0,611,"Signature 2 Bedroom Suite 2 King 136Sm 1463Sf. Large Corner Suite, Living Room, Table For 6.",,8,https://cdn.bookmepk.com/sky/assets/images/hotels/rooms/811f5e55b71d883d0f16ed52454337b0.jpg,,,2026-08-11 11:36:52,2026-08-11 11:36:52,1130
795,,7271,Family Room Two Connecting Rooms,,,,,,2026-08-12 07:20:00,2026-08-12 07:20:00,
796,,7271,Family Room Quintuple,,,,,,2026-08-12 07:20:00,2026-08-12 07:20:00,
797,0,602,Apply Review Test Room 1786520976.905585,,26,https://cdn.bookmepk.com/sky/assets/images/hotels/rooms/ec5dac07f6cdb4b78242bc5bfdea0663.jpg,,,2026-08-12 07:49:52,2026-08-12 07:49:52,222
798,,605,King Guest Room Non Refundable,,,,,,2026-08-12 09:41:14,2026-08-12 09:41:14,
799,,605,Twin Guest Room With Balcony Non Refundable,,,,,,2026-08-12 09:41:14,2026-08-12 09:41:14,
800,,605,King Deluxe Room With Balcony Non Refundable,,,,,,2026-08-12 09:41:14,2026-08-12 09:41:14,
801,,605,Standard Room,,,,,,2026-08-12 09:41:14,2026-08-12 09:41:14,
802,,605,Room,,,,,,2026-08-12 09:41:14,2026-08-12 09:41:14,
803,,605,Twin Deluxe Room With Sea View Balcony Non Refundable,,,,,,2026-08-12 09:41:14,2026-08-12 09:41:14,
804,,605,King Deluxe Room With Sea View Non Refundable,,,,,,2026-08-12 09:41:14,2026-08-12 09:41:14,
805,,605,Deluxe King Room With Balcony,,,,,,2026-08-12 09:41:14,2026-08-12 09:41:14,
806,,605,Deluxe Room,,,,,,2026-08-12 09:41:14,2026-08-12 09:41:14,
807,,605,Deluxe King Room With Sea View,,,,,,2026-08-12 09:41:14,2026-08-12 09:41:14,
808,,605,King Executive Room With Sea View Balcony Non Refundable,,,,,,2026-08-12 09:41:14,2026-08-12 09:41:14,
809,,605,Club Room,,,,,,2026-08-12 09:41:14,2026-08-12 09:41:14,
810,,605,King Junior Suite With Balcony Non Refundable,,,,,,2026-08-12 09:41:14,2026-08-12 09:41:14,
811,,605,Junior Suite,,,,,,2026-08-12 09:41:14,2026-08-12 09:41:14,
812,,605,King Executive Room With Sea View And Balcony,,,,,,2026-08-12 09:41:14,2026-08-12 09:41:14,
813,,605,Junior King Suite With Balcony,,,,,,2026-08-12 09:41:14,2026-08-12 09:41:14,
814,,605,2 Bedroom Family Suite With Balcony Non Refundable,,,,,,2026-08-12 09:41:14,2026-08-12 09:41:14,
815,,605,2 Bedroom Family Suite W/ Sea View Balcony Non Refundable,,,,,,2026-08-12 09:41:14,2026-08-12 09:41:14,
816,,605,King Duplex Suite With Sea View Non Refundable,,,,,,2026-08-12 09:41:14,2026-08-12 09:41:14,
817,,605,3 Bedroom Family Suite With Balcony Non Refundable,,,,,,2026-08-12 09:41:14,2026-08-12 09:41:14,
818,,605,Duplex Suite With Sea View,,,,,,2026-08-12 09:41:14,2026-08-12 09:41:14,
819,,605,3 Bedroom Family Suite W/ Sea View Balcony Non Refundable,,,,,,2026-08-12 09:41:14,2026-08-12 09:41:14,
820,,605,Family Suite Sea View,,,,,,2026-08-12 09:41:14,2026-08-12 09:41:14,
821,,608,Double Or Twin Deluxe With Views,,,,,,2026-08-12 09:41:20,2026-08-12 09:41:20,
822,,608,Family Room Deluxe Sea View,,,,,,2026-08-12 09:41:20,2026-08-12 09:41:20,
823,,606,Accessible King Deluxe Room Non Smoking,,,,,,2026-08-12 09:41:25,2026-08-12 09:41:25,
824,,606,Deluxe Accessible Room With Balcony,,,,,,2026-08-12 09:41:25,2026-08-12 09:41:25,
825,,606,"Deluxe Room, 1 King Bed, Sea View (1 King Bed) Package Rate",,,,,,2026-08-12 09:41:25,2026-08-12 09:41:25,
826,,606,Suite Sea View,,,,,,2026-08-12 09:41:25,2026-08-12 09:41:25,
827,,606,Executive Suite Sea View,,,,,,2026-08-12 09:41:25,2026-08-12 09:41:25,
828,,603,Twin/Double Room De Luxe Pool View,,,,,,2026-08-12 09:41:28,2026-08-12 09:41:28,
829,,603,Room Deluxe With Views,,,,,,2026-08-12 09:41:28,2026-08-12 09:41:28,
830,,603,Luxury City View With Balcony,,,,,,2026-08-12 09:41:28,2026-08-12 09:41:28,
831,,603,Suite Royal Pool,,,,,,2026-08-12 09:41:28,2026-08-12 09:41:28,
832,,612,Deluxe Sea View,,,,,,2026-08-12 09:41:31,2026-08-12 09:41:31,
833,,612,Deluxe Room Burj View,,,,,,2026-08-12 09:41:31,2026-08-12 09:41:31,
834,,612,Double Deluxe Sea View,,,,,,2026-08-12 09:41:31,2026-08-12 09:41:31,
835,,612,Twin Deluxe Seaview 2 Twins,,,,,,2026-08-12 09:41:31,2026-08-12 09:41:31,
836,,612,"Deluxe Room, 1 King Bed, Sea View",,,,,,2026-08-12 09:41:31,2026-08-12 09:41:31,
837,,612,Double Deluxe Burj Khalifa View 1 King,,,,,,2026-08-12 09:41:31,2026-08-12 09:41:31,
838,,612,Twin Deluxe Burj Khalifa View 2 Twins,,,,,,2026-08-12 09:41:31,2026-08-12 09:41:31,
839,,612,"Deluxe Room, 1 King Bed (Burj Khalifa View)",,,,,,2026-08-12 09:41:31,2026-08-12 09:41:31,
840,,612,Double Deluxe,,,,,,2026-08-12 09:41:31,2026-08-12 09:41:31,
841,,612,Horizon Deluxe,,,,,,2026-08-12 09:41:31,2026-08-12 09:41:31,
842,,612,Double Horizon Executive Room (Includes Club Access And,,,,,,2026-08-12 09:41:31,2026-08-12 09:41:31,
843,,612,Horizon Executive Room,,,,,,2026-08-12 09:41:31,2026-08-12 09:41:31,
844,,612,Horizon Premier,,,,,,2026-08-12 09:41:31,2026-08-12 09:41:31,
845,,612,Room Picture Perfect Room,,,,,,2026-08-12 09:41:31,2026-08-12 09:41:31,
846,,612,Double Horizon Premier Room (Includes Club Access),,,,,,2026-08-12 09:41:31,2026-08-12 09:41:31,
847,,612,Double One Bedroom Suite,,,,,,2026-08-12 09:41:31,2026-08-12 09:41:31,
848,,612,1 Bedroom Suite,,,,,,2026-08-12 09:41:31,2026-08-12 09:41:31,
849,,612,"Suite, 1 Bedroom",,,,,,2026-08-12 09:41:31,2026-08-12 09:41:31,
850,,606,Accessible Deluxe King Room With Balcony,,,,,,2026-08-12 09:44:01,2026-08-12 09:44:01,
851,,606,"Room, 1 King Bed, Sea View, Corner (Alcove)",,,,,,2026-08-12 09:44:01,2026-08-12 09:44:01,
852,,604,"Standard Room Residence Comfortable Room, Resort Or Sea View, Private Balcony",,,https://cdn.bookmepk.com/sky/assets/images/hotels/rooms/0cd4cf084a66a642f8ceded545ebac66.jpg,,,2026-08-12 09:44:01,2026-08-12 11:26:58,409
853,,604,Double Standard,,,https://cdn.bookmepk.com/sky/assets/images/hotels/rooms/0cd4cf084a66a642f8ceded545ebac66.jpg,,,2026-08-12 09:44:01,2026-08-12 11:27:29,409
854,,604,Room Premier With Views,,,,,,2026-08-12 09:44:01,2026-08-12 09:44:01,
855,,604,Room Lagoon View,,,https://cdn.bookmepk.com/sky/assets/images/hotels/rooms/22a5c8a1a7a53c724b467e4e2c78539c.jpg,,,2026-08-12 09:44:02,2026-08-12 11:27:30,560
856,,604,Room Premier,,,,,,2026-08-12 09:44:02,2026-08-12 09:44:02,
857,,604,Room Deluxe,,,,,,2026-08-12 09:44:02,2026-08-12 09:44:02,
858,,605,2 Bedroom Family Suite With Balcony (1 King Bed And 2 Twin Beds) Package Rate,,,,,,2026-08-12 09:44:02,2026-08-12 09:44:02,
859,,613,"Superior King Room, Free Beach Club Access In Palm Jumeirah",,,,,,2026-08-12 09:44:03,2026-08-12 09:44:03,
860,,613,"Superior Twin Room, Free Beach Club Access In Palm Jumeirah",,,,,,2026-08-12 09:44:03,2026-08-12 09:44:03,
861,,613,Double Room King Bed Superior,,,,,,2026-08-12 09:44:03,2026-08-12 09:44:03,
862,,613,Twin Room Superior,,,,,,2026-08-12 09:44:03,2026-08-12 09:44:03,
863,,613,Superior Room,,,,,,2026-08-12 09:44:03,2026-08-12 09:44:03,
864,,613,*Superior Lakes View Room,,,,,,2026-08-12 09:44:03,2026-08-12 09:44:03,
865,,613,"Superior Twin Room, Lake View, Free Beach Club Access In Palm Jumeirah",,,,,,2026-08-12 09:44:03,2026-08-12 09:44:03,
866,,613,"Superior King Room, Lake View, Free Beach Club Access In Palm Jumeirah",,,,,,2026-08-12 09:44:03,2026-08-12 09:44:03,
867,,613,Double Room King Bed Superior Lake View,,,,,,2026-08-12 09:44:03,2026-08-12 09:44:03,
868,,613,Twin Room Superior Lake View,,,,,,2026-08-12 09:44:03,2026-08-12 09:44:03,
869,,613,Superior Lakes View Room,,,,,,2026-08-12 09:44:03,2026-08-12 09:44:03,
870,,613,"Junior Suite, Lake View, Free Beach Access In Palm Jumeirah",,,,,,2026-08-12 09:44:03,2026-08-12 09:44:03,
871,,613,Junior Suite Lake View,,,,,,2026-08-12 09:44:03,2026-08-12 09:44:03,
872,,613,Superior,,,,,,2026-08-12 09:44:03,2026-08-12 09:44:03,
873,,613,"Premium One Bedroom Suite, Free Beach Access In Palm Jumeirah",,,,,,2026-08-12 09:44:03,2026-08-12 09:44:03,
874,,613,Suite 1 Bedroom Premium,,,,,,2026-08-12 09:44:03,2026-08-12 09:44:03,
875,,613,Junior Suite,,,,,,2026-08-12 09:44:03,2026-08-12 09:44:03,
876,,613,Premium Suite,,,,,,2026-08-12 09:44:03,2026-08-12 09:44:03,
877,,613,Suite Premium,,,,,,2026-08-12 09:44:03,2026-08-12 09:44:03,
878,,616,Superior Room,,,,,,2026-08-12 09:44:05,2026-08-12 09:44:05,
879,,616,Twin Superior Twin/Double,,,,,,2026-08-12 09:44:05,2026-08-12 09:44:05,
880,,616,Double Superior ( Double),,,,,,2026-08-12 09:44:05,2026-08-12 09:44:05,
881,,616,One Bedroom Executive Apartment,,,,,,2026-08-12 09:44:05,2026-08-12 09:44:05,
882,,616,Apartment Apartment Executive King Bed,,,,,,2026-08-12 09:44:05,2026-08-12 09:44:05,
883,,616,2 Bedroom Deluxe Apartment,,,,,,2026-08-12 09:44:05,2026-08-12 09:44:05,
884,,616,Apartment Deluxe Two Double Beds,,,,,,2026-08-12 09:44:05,2026-08-12 09:44:05,
885,,616,3 Bedroom Deluxe,,,,,,2026-08-12 09:44:05,2026-08-12 09:44:05,
886,,621,Studio Apartment,,,,,,2026-08-12 09:44:05,2026-08-12 09:44:05,
887,,621,One Bed Room Apartment,,,,,,2026-08-12 09:44:05,2026-08-12 09:44:05,
888,,621,Two Bedroom Apartment,,,,,,2026-08-12 09:44:05,2026-08-12 09:44:05,
889,,621,Three Bedroom Apartment,,,,,,2026-08-12 09:44:05,2026-08-12 09:44:05,
890,,626,1 Bedroom Standard,,,,,,2026-08-12 09:44:06,2026-08-12 09:44:06,
891,,626,1 Bedroom Deluxe,,,,,,2026-08-12 09:44:06,2026-08-12 09:44:06,
892,,626,2 Bedroom Standard,,,,,,2026-08-12 09:44:06,2026-08-12 09:44:06,
893,,626,2 Bedroom Deluxe,,,,,,2026-08-12 09:44:06,2026-08-12 09:44:06,
894,,626,Three Bedroom Apartment,,,,,,2026-08-12 09:44:06,2026-08-12 09:44:06,
895,,625,Deluxe One Bedroom Apartment,,,,,,2026-08-12 09:44:07,2026-08-12 09:44:07,
896,,625,1 Bedroom Deluxe Apartment,,,,,,2026-08-12 09:44:07,2026-08-12 09:44:07,
897,,625,1 Bedroom Executive Apartment,,,,,,2026-08-12 09:44:07,2026-08-12 09:44:07,
898,,625,Executive One Bedroom,,,,,,2026-08-12 09:44:07,2026-08-12 09:44:07,
899,,625,Executive Two Bedroom,,,,,,2026-08-12 09:44:07,2026-08-12 09:44:07,
900,,625,2 Bedroom Executive Apartment,,,,,,2026-08-12 09:44:07,2026-08-12 09:44:07,
901,,627,Deluxe Room,,,,,,2026-08-12 09:44:07,2026-08-12 09:44:07,
902,,627,Sea View Room,,,,,,2026-08-12 09:44:07,2026-08-12 09:44:07,
903,,627,Sea View Twin,,,,,,2026-08-12 09:44:07,2026-08-12 09:44:07,
904,,627,Twin/Double Room Sea View,,,,,,2026-08-12 09:44:07,2026-08-12 09:44:07,
905,,627,*Sea View Room,,,,,,2026-08-12 09:44:07,2026-08-12 09:44:07,
906,,627,Sea View,,,,,,2026-08-12 09:44:07,2026-08-12 09:44:07,
907,,627,Deluxe Corner Suite,,,,,,2026-08-12 09:44:07,2026-08-12 09:44:07,
908,,627,Family Room,,,,,,2026-08-12 09:44:07,2026-08-12 09:44:07,
909,,627,Deluxe Twin,,,,,,2026-08-12 09:44:07,2026-08-12 09:44:07,
910,,627,Deluxe Coner Suite,,,,,,2026-08-12 09:44:07,2026-08-12 09:44:07,
911,,627,Suite Corner,,,,,,2026-08-12 09:44:07,2026-08-12 09:44:07,
912,,634,Superior Double Or Twin Room,,,,,,2026-08-12 09:44:09,2026-08-12 09:44:09,
913,,634,Double/ Twin Bed,,,,,,2026-08-12 09:44:09,2026-08-12 09:44:09,
914,,634,Comfort Triple Room,,,,,,2026-08-12 09:44:09,2026-08-12 09:44:09,
915,,634,Triple Bed,,,,,,2026-08-12 09:44:09,2026-08-12 09:44:09,
916,,635,1 Bedroom Apartment,,,,,,2026-08-12 09:44:09,2026-08-12 09:44:09,
917,,635,One Bedroom Apartment King,,,,,,2026-08-12 09:44:09,2026-08-12 09:44:09,
918,,635,2 Bedroom Apartment,,,,,,2026-08-12 09:44:09,2026-08-12 09:44:09,
919,,635,One Bedroom Apartment Burj Khalifa Skyline View King,,,,,,2026-08-12 09:44:09,2026-08-12 09:44:09,
920,,635,Two Bedroom Apartment King And Twin,,,,,,2026-08-12 09:44:09,2026-08-12 09:44:09,
921,,635,Two Bedroom Apartment Burj Khalifa Skyline View King And Twin,,,,,,2026-08-12 09:44:09,2026-08-12 09:44:09,
922,,635,Three Bedroom Apartment King Double And Twin,,,,,,2026-08-12 09:44:09,2026-08-12 09:44:09,
923,,639,Standard Room,,,,,,2026-08-12 09:44:10,2026-08-12 09:44:10,
924,,639,Royal Executive Suite,,,,,,2026-08-12 09:44:10,2026-08-12 09:44:10,
925,,647,One Bedroom Suite With City View,,,,,,2026-08-12 09:44:12,2026-08-12 09:44:12,
926,,647,One Bedroom Suite City View,,,,,,2026-08-12 09:44:12,2026-08-12 09:44:12,
927,,647,"Family Suite, 1 Bedroom, Balcony , 1 King Bed",,,,,,2026-08-12 09:44:12,2026-08-12 09:44:12,
928,,647,Two Bedroom Suite With City View,,,,,,2026-08-12 09:44:12,2026-08-12 09:44:12,
929,,647,Two Bedroom Suite City View,,,,,,2026-08-12 09:44:12,2026-08-12 09:44:12,
930,,647,Two Bedroom Suite With Kitchen City View,,,,,,2026-08-12 09:44:12,2026-08-12 09:44:12,
931,,647,"2 Bedroom Suite City View , 1 King Bed And 1 Queen Bed",,,,,,2026-08-12 09:44:12,2026-08-12 09:44:12,
932,,647,Two Bedroom Suite Dubai Eye View,,,,,,2026-08-12 09:44:12,2026-08-12 09:44:12,
933,,647,Two Bedroom Suite With Kitchen Dubai Eye View,,,,,,2026-08-12 09:44:12,2026-08-12 09:44:12,
934,,647,"2 Bedroom Suite With Kitchen City View , 1 King Bed And 1 Queen Bed",,,,,,2026-08-12 09:44:12,2026-08-12 09:44:12,
935,,647,"Suite, 2 Bedrooms ( Dubai Eye View) , 1 King Bed And 2 Twin Beds",,,,,,2026-08-12 09:44:12,2026-08-12 09:44:12,
936,,647,"Suite, 2 Bedrooms With Kitchen ( Dubai Eye) , 1 King Bed And 2 Twin Beds",,,,,,2026-08-12 09:44:12,2026-08-12 09:44:12,
937,,647,Two Bedroom Suite With Kitchen Sea View,,,,,,2026-08-12 09:44:12,2026-08-12 09:44:12,
938,,647,Three Bedroom Suite With Kitchen Panoramic Sea View,,,,,,2026-08-12 09:44:12,2026-08-12 09:44:12,
939,,647,"2 Bedroom Suite With Kitchen Sea View , 1 King Bed And 2 Twin Beds",,,,,,2026-08-12 09:44:12,2026-08-12 09:44:12,
940,,647,Three Bedroom Suite Kitchen Panorama Sea View,,,,,,2026-08-12 09:44:13,2026-08-12 09:44:13,
941,,647,"3 Bedroom Suite With Kitchen Panoramic Sea View , 1 King Bed, 1 Queen Bed And 2 Twin Beds",,,,,,2026-08-12 09:44:13,2026-08-12 09:44:13,
942,,652,"Deluxe Room, 1 King Bed",,,,,,2026-08-12 09:44:13,2026-08-12 09:44:13,
943,,652,"Deluxe Room, 1 Twin Bed",,,,,,2026-08-12 09:44:13,2026-08-12 09:44:13,
944,,652,Twin Room De Luxe,,,,,,2026-08-12 09:44:13,2026-08-12 09:44:13,
945,,652,Double Room King Bed De Luxe,,,,,,2026-08-12 09:44:13,2026-08-12 09:44:13,
946,,652,Deluxe,,,,,,2026-08-12 09:44:13,2026-08-12 09:44:13,
947,,652,Deluxe Twin Bed,,,,,,2026-08-12 09:44:13,2026-08-12 09:44:13,
948,,652,Deluxe Room 1 Twin Bed,,,,,,2026-08-12 09:44:13,2026-08-12 09:44:13,
949,,652,Double Or Twin Deluxe Room Twin,,,,,,2026-08-12 09:44:13,2026-08-12 09:44:13,
950,,652,Double Deluxe Room King,,,,,,2026-08-12 09:44:13,2026-08-12 09:44:13,
951,,652,Deluxe Room,,,,,,2026-08-12 09:44:13,2026-08-12 09:44:13,
952,,652,Deluxe Twin Room,,,,,,2026-08-12 09:44:13,2026-08-12 09:44:13,
953,,652,Double Deluxe,,,,,,2026-08-12 09:44:13,2026-08-12 09:44:13,
954,,652,"Deluxe Room, 1 King Bed (Burj View)",,,,,,2026-08-12 09:44:13,2026-08-12 09:44:13,
955,,652,Double Room King Bed De Luxe Burj Khalifa View,,,,,,2026-08-12 09:44:13,2026-08-12 09:44:13,
956,,652,Deluxe Room Burj Khalifa View,,,,,,2026-08-12 09:44:13,2026-08-12 09:44:13,
957,,652,Double Deluxe Room King Burj Khalifa View,,,,,,2026-08-12 09:44:13,2026-08-12 09:44:13,
958,,652,Deluxe Double Room Burj Khalifa View,,,,,,2026-08-12 09:44:13,2026-08-12 09:44:13,
959,,652,"Apartment, 1 King Bed",,,,,,2026-08-12 09:44:13,2026-08-12 09:44:13,
960,,652,Apartment,,,,,,2026-08-12 09:44:13,2026-08-12 09:44:13,
961,,649,Deluxe Skyline King Room With Sea View,,,,,,2026-08-12 09:44:13,2026-08-12 09:44:13,
962,,652,1 Bed Apartment King,,,,,,2026-08-12 09:44:13,2026-08-12 09:44:13,
963,,649,"Deluxe Room, 1 King Bed, Balcony, Sea View",,,,,,2026-08-12 09:44:13,2026-08-12 09:44:13,
964,,652,1 Bedroom Apartment,,,,,,2026-08-12 09:44:13,2026-08-12 09:44:13,
965,,649,Deluxe King Room With Sea View,,,,,,2026-08-12 09:44:13,2026-08-12 09:44:13,
966,,649,Skyline Iconic Deluxe Room With Balcony And Sea View,,,,,,2026-08-12 09:44:13,2026-08-12 09:44:13,
967,,649,Deluxe Queen Room With Two Queen Beds And Skyline Sea View,,,,,,2026-08-12 09:44:13,2026-08-12 09:44:13,
968,,652,"Premium Apartment, 1 Bedroom (Burj View)",,,,,,2026-08-12 09:44:13,2026-08-12 09:44:13,
969,,649,"Deluxe Room, 2 Queen Beds, Balcony, Sea View",,,,,,2026-08-12 09:44:13,2026-08-12 09:44:13,
970,,652,Apartment Premium Burj Khalifa View,,,,,,2026-08-12 09:44:13,2026-08-12 09:44:13,
971,,649,Deluxe Suite,,,,,,2026-08-12 09:44:13,2026-08-12 09:44:13,
972,,652,Apartment 1 King Bed,,,,,,2026-08-12 09:44:13,2026-08-12 09:44:13,
973,,652,1 Bedroom City View Apartment,,,,,,2026-08-12 09:44:13,2026-08-12 09:44:13,
974,,652,One Bedroom Apartment Suite,,,,,,2026-08-12 09:44:13,2026-08-12 09:44:13,
975,,652,Apartment 1 Br Apartment King,,,,,,2026-08-12 09:44:13,2026-08-12 09:44:13,
976,,652,Executive Suite,,,,,,2026-08-12 09:44:13,2026-08-12 09:44:13,
977,,649,Club King Room With Sea View,,,,,,2026-08-12 09:44:13,2026-08-12 09:44:13,
978,,649,"Club Room, 1 King Bed, Balcony, Sea View",,,,,,2026-08-12 09:44:13,2026-08-12 09:44:13,
979,,649,Pearl Club Suite,,,,,,2026-08-12 09:44:13,2026-08-12 09:44:13,
980,,649,Club Room Sea View,,,,,,2026-08-12 09:44:14,2026-08-12 09:44:14,
981,,649,Club Queen Room With Two Queen Beds And Sea View,,,,,,2026-08-12 09:44:14,2026-08-12 09:44:14,
982,,652,One Bedroom Apartment Suite With Burj Khalifa View,,,,,,2026-08-12 09:44:14,2026-08-12 09:44:14,
983,,652,Apartment 1 Br Apartment Burj Khalifa View King And Twin,,,,,,2026-08-12 09:44:14,2026-08-12 09:44:14,
984,,649,"Deluxe Suite, 1 King Bed, Balcony, Sea View",,,,,,2026-08-12 09:44:14,2026-08-12 09:44:14,
985,,649,Club Room 2 Queen Beds Balcony Sea View,,,,,,2026-08-12 09:44:14,2026-08-12 09:44:14,
986,,657,Double Room Queen Bed,,,,,,2026-08-12 09:44:14,2026-08-12 09:44:14,
987,,652,Executive Suite (Burj View),,,,,,2026-08-12 09:44:14,2026-08-12 09:44:14,
988,,657,Standard Queen Room,,,,,,2026-08-12 09:44:14,2026-08-12 09:44:14,
989,,656,One Bedroom Apartment With Sea View,,,,,,2026-08-12 09:44:14,2026-08-12 09:44:14,
990,,657,Studio,,,,,,2026-08-12 09:44:14,2026-08-12 09:44:14,
991,,652,Apartment Premium With Views,,,,,,2026-08-12 09:44:14,2026-08-12 09:44:14,
992,,656,One Bedroom Apartment With Sea View Inclusive Of Two Beach Access,,,,,,2026-08-12 09:44:14,2026-08-12 09:44:14,
993,,657,1 Bedroom,,,,,,2026-08-12 09:44:14,2026-08-12 09:44:14,
994,,656,"1Bedroom Deluxe, Garden View (Including 2Xbeach Access)",,,,,,2026-08-12 09:44:14,2026-08-12 09:44:14,
995,,656,"1Bedroom Deluxe, Sea View (Including 2Xbeach Access)",,,,,,2026-08-12 09:44:14,2026-08-12 09:44:14,
996,,657,Deluxe,,,,,,2026-08-12 09:44:14,2026-08-12 09:44:14,
997,,656,"2Bedroom Deluxe, Partial Sea View",,,,,,2026-08-12 09:44:14,2026-08-12 09:44:14,
998,,649,Deluxe Suite 1 King Bed Balcony Sea View,,,,,,2026-08-12 09:44:14,2026-08-12 09:44:14,
999,,656,"1Bedroom Premium, Sea View (Including 2Xbeach Access)",,,,,,2026-08-12 09:44:14,2026-08-12 09:44:14,
1000,,649,One Bedroom Club Suite With Sea View,,,,,,2026-08-12 09:44:14,2026-08-12 09:44:14,
1001,,656,"2Bedroom Premium, Partial Sea View (Including 4Xbeach Access)",,,,,,2026-08-12 09:44:14,2026-08-12 09:44:14,
1002,,649,Club Suite 1 Double Bed Balcony Sea View,,,,,,2026-08-12 09:44:14,2026-08-12 09:44:14,
1003,,649,Waldorf Astoria Suite,,,,,,2026-08-12 09:44:14,2026-08-12 09:44:14,
1004,,657,Apartment 1 Bedroom,,,,,,2026-08-12 09:44:14,2026-08-12 09:44:14,
1005,,652,Executive Suite With Burj Khalifa View,,,,,,2026-08-12 09:44:14,2026-08-12 09:44:14,
1006,,649,Suite Sea View,,,,,,2026-08-12 09:44:14,2026-08-12 09:44:14,
1007,,657,Deluxe Twin Room,,,,,,2026-08-12 09:44:14,2026-08-12 09:44:14,
1008,,657,One Bedroom Apartment,,,,,,2026-08-12 09:44:14,2026-08-12 09:44:14,
1009,,649,Club Suite With Sea View,,,,,,2026-08-12 09:44:14,2026-08-12 09:44:14,
1010,,649,Family Connecting Room With One King Bed And Two Queen Beds,,,,,,2026-08-12 09:44:14,2026-08-12 09:44:14,
1011,,657,Suite 2 Bedrooms,,,,,,2026-08-12 09:44:14,2026-08-12 09:44:14,
1012,,649,Two Bedroom Deluxe Suite With One King Bed And Two Queen Beds,,,,,,2026-08-12 09:44:14,2026-08-12 09:44:14,
1013,,649,"Family Room, Multiple Beds",,,,,,2026-08-12 09:44:14,2026-08-12 09:44:14,
1014,,652,Deluxe King,,,,,,2026-08-12 09:44:14,2026-08-12 09:44:14,
1015,,652,Deluxe Twin,,,,,,2026-08-12 09:44:14,2026-08-12 09:44:14,
1016,,657,2 Bedroom,,,,,,2026-08-12 09:44:14,2026-08-12 09:44:14,
1017,,657,Two Bedroom Apartment,,,,,,2026-08-12 09:44:14,2026-08-12 09:44:14,
1018,,649,Connecting Family Room,,,,,,2026-08-12 09:44:14,2026-08-12 09:44:14,
1019,,649,"Deluxe Suite, Multiple Beds",,,,,,2026-08-12 09:44:14,2026-08-12 09:44:14,
1020,,652,Deluxe King Burj View,,,,,,2026-08-12 09:44:14,2026-08-12 09:44:14,
1021,,649,Deluxe Suite With 2 Bedrooms,,,,,,2026-08-12 09:44:14,2026-08-12 09:44:14,
1022,,652,Apartment 2 Bedrooms King Bed,,,,,,2026-08-12 09:44:14,2026-08-12 09:44:14,
1023,,652,2 Bed Apartment 2 King Burj View,,,,,,2026-08-12 09:44:14,2026-08-12 09:44:14,
1024,,652,Apartment 2 Bedrooms (Burj View),,,,,,2026-08-12 09:44:14,2026-08-12 09:44:14,
1025,,652,1 Bed Apartment Premium Burj View,,,,,,2026-08-12 09:44:14,2026-08-12 09:44:14,
1026,,652,Apartment 2 Br Apartment King Burj Khalifa View 2 Kings,,,,,,2026-08-12 09:44:14,2026-08-12 09:44:14,
1027,,652,Two Bedroom Apartment King With Burj Khalifa View,,,,,,2026-08-12 09:44:14,2026-08-12 09:44:14,
1028,,652,Apartment Two Bedrooms,,,,,,2026-08-12 09:44:14,2026-08-12 09:44:14,
1029,,652,Executive Suite Burj View,,,,,,2026-08-12 09:44:14,2026-08-12 09:44:14,
1030,,659,Standard Twin Room,,,,,,2026-08-12 09:44:14,2026-08-12 09:44:14,
1031,,659,Standard Twin,,,,,,2026-08-12 09:44:14,2026-08-12 09:44:14,
1032,,659,Standard Double Room,,,,,,2026-08-12 09:44:14,2026-08-12 09:44:14,
1033,,659,Standard Double,,,,,,2026-08-12 09:44:14,2026-08-12 09:44:14,
1034,,661,Standard Triple Family Room,,,,,,2026-08-12 09:44:16,2026-08-12 09:44:16,
1035,,669,Twin/Double Room Avenue,,,,,,2026-08-12 09:44:17,2026-08-12 09:44:17,
1036,,669,Twin/Double Room,,,,,,2026-08-12 09:44:17,2026-08-12 09:44:17,
1037,,669,Signature,,,,,,2026-08-12 09:44:17,2026-08-12 09:44:17,
1038,,669,Twin/Double Room Grand Room,,,,,,2026-08-12 09:44:17,2026-08-12 09:44:17,
1039,,669,Suite Grand,,,,,,2026-08-12 09:44:17,2026-08-12 09:44:17,
1040,,664,"1 Bedroom King Suite, Balcony, City View",,,,,,2026-08-12 09:44:17,2026-08-12 09:44:17,
1041,,664,Room Assigned On Arrival,,,,,,2026-08-12 09:44:17,2026-08-12 09:44:17,
1042,,664,"1 Bedroom King Suite, Balcony, Partial Sea View",,,,,,2026-08-12 09:44:17,2026-08-12 09:44:17,
1043,,664,"2 Bedroom Suite, Balcony, City View",,,,,,2026-08-12 09:44:17,2026-08-12 09:44:17,
1044,,664,2 Bedroom Penthouse Suite,,,,,,2026-08-12 09:44:17,2026-08-12 09:44:17,
1045,,666,Club,,,,,,2026-08-12 09:44:17,2026-08-12 09:44:17,
1046,,666,Suite Club,,,,,,2026-08-12 09:44:17,2026-08-12 09:44:17,
1047,,666,Club One Bedroom Apartment,,,,,,2026-08-12 09:44:17,2026-08-12 09:44:17,
1048,,666,Suite Ambassador,,,,,,2026-08-12 09:44:17,2026-08-12 09:44:17,
1049,,666,Two Bedroom Apartment,,,,,,2026-08-12 09:44:17,2026-08-12 09:44:17,
1050,,672,De Luxe,,,,,,2026-08-12 09:44:19,2026-08-12 09:44:19,
1051,,672,Twin Room De Luxe,,,,,,2026-08-12 09:44:19,2026-08-12 09:44:19,
1052,,672,King Bed De Luxe,,,,,,2026-08-12 09:44:19,2026-08-12 09:44:19,
1053,,672,Premium,,,,,,2026-08-12 09:44:19,2026-08-12 09:44:19,
1054,,672,Double Room King Bed Premium,,,,,,2026-08-12 09:44:19,2026-08-12 09:44:19,
1055,,672,Twin Room Premium,,,,,,2026-08-12 09:44:19,2026-08-12 09:44:19,
1056,,672,Suite King Premium,,,,,,2026-08-12 09:44:19,2026-08-12 09:44:19,
1057,,672,Suite Premium,,,,,,2026-08-12 09:44:19,2026-08-12 09:44:19,
1058,,672,Suite King Bed Executive,,,,,,2026-08-12 09:44:19,2026-08-12 09:44:19,
1059,,679,Double Room,,,,,,2026-08-12 09:44:20,2026-08-12 09:44:20,
1060,,679,Twin Room,,,,,,2026-08-12 09:44:20,2026-08-12 09:44:20,
1061,,679,Standard Room With Two Single Size Beds,,,,,,2026-08-12 09:44:20,2026-08-12 09:44:20,
1062,,679,Standard Room With One Double Size Bed,,,,,,2026-08-12 09:44:20,2026-08-12 09:44:20,
1063,,679,Standard Room With One Double Size Bed Non Refundable,,,,,,2026-08-12 09:44:20,2026-08-12 09:44:20,
1064,,679,Standard Room With Two Single Size Beds Non Refundable,,,,,,2026-08-12 09:44:20,2026-08-12 09:44:20,
1065,,679,Standard Double Bed,,,,,,2026-08-12 09:44:20,2026-08-12 09:44:20,
1066,,679,Standard Twin Room,,,,,,2026-08-12 09:44:20,2026-08-12 09:44:20,
1067,,679,Standard Room 1 Double Bed Non Smoking,,,,,,2026-08-12 09:44:20,2026-08-12 09:44:20,
1068,,679,Standard Room 2 Single Bed Non Smoking,,,,,,2026-08-12 09:44:20,2026-08-12 09:44:20,
1069,,689,Standard,,,,,,2026-08-12 09:44:21,2026-08-12 09:44:21,
1070,,689,Standard Double Or Twin Room,,,,,,2026-08-12 09:44:21,2026-08-12 09:44:21,
1071,,689,Junior Suite,,,,,,2026-08-12 09:44:21,2026-08-12 09:44:21,
1072,,689,Standard Twin Or King,,,,,,2026-08-12 09:44:22,2026-08-12 09:44:22,
1073,,689,Twin/King Room,,,,,,2026-08-12 09:44:22,2026-08-12 09:44:22,
1074,,689,S T A N D A R D,,,,,,2026-08-12 09:44:22,2026-08-12 09:44:22,
1075,,688,Apartment 1 Bedroom De Luxe Balcony,,,,,,2026-08-12 09:44:22,2026-08-12 09:44:22,
1076,,688,Deluxe One Bedroom Apartment,,,,,,2026-08-12 09:44:22,2026-08-12 09:44:22,
1077,,688,Apartment 2 Bedrooms De Luxe Balcony,,,,,,2026-08-12 09:44:22,2026-08-12 09:44:22,
1078,,688,Two Bedroom Apartment,,,,,,2026-08-12 09:44:22,2026-08-12 09:44:22,
1079,,688,Presidential Suite,,,,,,2026-08-12 09:44:22,2026-08-12 09:44:22,
1080,,686,Twin Room Classic,,,,,,2026-08-12 09:44:23,2026-08-12 09:44:23,
1081,,686,Double Room King Bed Classic,,,,,,2026-08-12 09:44:23,2026-08-12 09:44:23,
1082,,686,Classic Room Twin,,,,,,2026-08-12 09:44:23,2026-08-12 09:44:23,
1083,,686,Classic Room King,,,,,,2026-08-12 09:44:23,2026-08-12 09:44:23,
1084,,686,Classic Twin,,,,,,2026-08-12 09:44:23,2026-08-12 09:44:23,
1085,,686,Classic Double,,,,,,2026-08-12 09:44:23,2026-08-12 09:44:23,
1086,,686,"Classic Room, 1 King Bed",,,,,,2026-08-12 09:44:23,2026-08-12 09:44:23,
1087,,686,"Classic Twin Room, 2 Twin Beds",,,,,,2026-08-12 09:44:23,2026-08-12 09:44:23,
1088,,686,One Bedroom Apartment,,,,,,2026-08-12 09:44:23,2026-08-12 09:44:23,
1089,,686,"Apartment, 1 Bedroom",,,,,,2026-08-12 09:44:23,2026-08-12 09:44:23,
1090,,686,Classic King Room,,,,,,2026-08-12 09:44:23,2026-08-12 09:44:23,
1091,,686,Room,,,,,,2026-08-12 09:44:23,2026-08-12 09:44:23,
1092,,686,One Bedroom Standard Apartment,,,,,,2026-08-12 09:44:23,2026-08-12 09:44:23,
1093,,686,Twin/Double Room King De Luxe,,,,,,2026-08-12 09:44:23,2026-08-12 09:44:23,
1094,,686,Twin Room De Luxe,,,,,,2026-08-12 09:44:23,2026-08-12 09:44:23,
1095,,686,Deluxe Room Twin,,,,,,2026-08-12 09:44:23,2026-08-12 09:44:23,
1096,,686,Deluxe Room King,,,,,,2026-08-12 09:44:23,2026-08-12 09:44:23,
1097,,686,"Deluxe Room, 1 King Bed",,,,,,2026-08-12 09:44:23,2026-08-12 09:44:23,
1098,,686,"Deluxe Twin Room, 2 Twin Beds",,,,,,2026-08-12 09:44:23,2026-08-12 09:44:23,
1099,,686,Deluxe Twin,,,,,,2026-08-12 09:44:23,2026-08-12 09:44:23,
1100,,686,Deluxe Double,,,,,,2026-08-12 09:44:23,2026-08-12 09:44:23,
1101,,690,"Premiere Two Bedroom Apartment , 1 King Bed And 2 Twin Beds",,,,,,2026-08-12 09:44:23,2026-08-12 09:44:23,
1102,,686,Deluxe Twin Room,,,,,,2026-08-12 09:44:23,2026-08-12 09:44:23,
1103,,686,Deluxe King Room,,,,,,2026-08-12 09:44:23,2026-08-12 09:44:23,
1104,,686,Double Classic,,,,,,2026-08-12 09:44:23,2026-08-12 09:44:23,
1105,,686,Twin Deluxe,,,,,,2026-08-12 09:44:23,2026-08-12 09:44:23,
1106,,686,Double Deluxe King Bed,,,,,,2026-08-12 09:44:23,2026-08-12 09:44:23,
1107,,690,"Deluxe Apartment, 3 Bedrooms , 2 Double Beds And 2 Twin Beds",,,,,,2026-08-12 09:44:23,2026-08-12 09:44:23,
1108,,686,Two Bedroom Apartment,,,,,,2026-08-12 09:44:23,2026-08-12 09:44:23,
1109,,686,"Apartment, 2 Bedrooms",,,,,,2026-08-12 09:44:23,2026-08-12 09:44:23,
1110,,686,Apartment 1 Bedroom,,,,,,2026-08-12 09:44:23,2026-08-12 09:44:23,
1111,,686,Premium Room King High Floor,,,,,,2026-08-12 09:44:23,2026-08-12 09:44:23,
1112,,690,Apartment Deluxe Three Bedroom,,,,,,2026-08-12 09:44:23,2026-08-12 09:44:23,
1113,,686,Room Classic,,,,,,2026-08-12 09:44:23,2026-08-12 09:44:23,
1114,,686,Premium King Room High Floor,,,,,,2026-08-12 09:44:23,2026-08-12 09:44:23,
1115,,686,Room Premium,,,,,,2026-08-12 09:44:23,2026-08-12 09:44:23,
1116,,686,Swiss Executive Premium,,,,,,2026-08-12 09:44:23,2026-08-12 09:44:23,
1117,,686,Room Deluxe,,,,,,2026-08-12 09:44:23,2026-08-12 09:44:23,
1118,,686,Double Or Twin Club Executive,,,,,,2026-08-12 09:44:23,2026-08-12 09:44:23,
1119,,686,Apartment 2 Bedrooms,,,,,,2026-08-12 09:44:23,2026-08-12 09:44:23,
1120,,686,Double Premium King Bed,,,,,,2026-08-12 09:44:23,2026-08-12 09:44:23,
1121,,686,Three Bedroom Apartment,,,,,,2026-08-12 09:44:23,2026-08-12 09:44:23,
1122,,686,"Apartment, 3 Bedrooms",,,,,,2026-08-12 09:44:23,2026-08-12 09:44:23,
1123,,686,"Executive Suite, 1 Bedroom",,,,,,2026-08-12 09:44:23,2026-08-12 09:44:23,
1124,,686,Executive One Bedroom King Room,,,,,,2026-08-12 09:44:23,2026-08-12 09:44:23,
1125,,686,Apartment 3 Bedrooms,,,,,,2026-08-12 09:44:23,2026-08-12 09:44:23,
1126,,686,Executive Room,,,,,,2026-08-12 09:44:23,2026-08-12 09:44:23,
1127,,686,Royal Suite With Hot Tub And Terrace,,,,,,2026-08-12 09:44:23,2026-08-12 09:44:23,
1128,,686,Executive Suite,,,,,,2026-08-12 09:44:23,2026-08-12 09:44:23,
1129,,686,Suite With Hot Tub And Terrace,,,,,,2026-08-12 09:44:23,2026-08-12 09:44:23,
1130,,686,Penthouse,,,,,,2026-08-12 09:44:23,2026-08-12 09:44:23,
1131,,686,Suite With Whirlpool Bath,,,,,,2026-08-12 09:44:24,2026-08-12 09:44:24,
1132,,687,Deluxe Room King,,,,,,2026-08-12 09:44:24,2026-08-12 09:44:24,
1133,,687,Deluxe Room Twin,,,,,,2026-08-12 09:44:24,2026-08-12 09:44:24,
1134,,687,"Deluxe Room, Guest Room, King",,,,,,2026-08-12 09:44:24,2026-08-12 09:44:24,
1135,,687,"Deluxe Room, Guest Room, Twin",,,,,,2026-08-12 09:44:24,2026-08-12 09:44:24,
1136,,687,Deluxe Twin Room,,,,,,2026-08-12 09:44:24,2026-08-12 09:44:24,
1137,,687,Deluxe King Room Non Smoking,,,,,,2026-08-12 09:44:24,2026-08-12 09:44:24,
1138,,687,"Premier Residence Room King&#Xd;
",,,,,,2026-08-12 09:44:24,2026-08-12 09:44:24,
1139,,687,"Premier Residence Room Twin&#Xd;
",,,,,,2026-08-12 09:44:24,2026-08-12 09:44:24,
1140,,687,"Premier Room, Executive Lounge Access, Residence, Twin, Airport Transfer",,,,,,2026-08-12 09:44:24,2026-08-12 09:44:24,
1141,,687,"Premier Room, Executive Lounge Access, Residence, King, Airport Transfer",,,,,,2026-08-12 09:44:24,2026-08-12 09:44:24,
1142,,687,"Premier Room, Executive Lounge Access, Residence, Twin",,,,,,2026-08-12 09:44:24,2026-08-12 09:44:24,
1143,,687,"Premier Room, Executive Lounge Access, Residence, King",,,,,,2026-08-12 09:44:24,2026-08-12 09:44:24,
1144,,687,"Deluxe One Bedroom Suite King&#Xd;
",,,,,,2026-08-12 09:44:24,2026-08-12 09:44:24,
1145,,687,"Deluxe Suite, Executive Lounge Access, 1 Bedroom Suite, King, Airport Transfer",,,,,,2026-08-12 09:44:24,2026-08-12 09:44:24,
1146,,687,"Deluxe One Bedroom Suite Twin&#Xd;
",,,,,,2026-08-12 09:44:24,2026-08-12 09:44:24,
1147,,687,"Deluxe Suite, Executive Lounge Access, 1 Bedroom Suite, Twin, Airport Transfer",,,,,,2026-08-12 09:44:24,2026-08-12 09:44:24,
1148,,687,"Premier Junior Residence Suite King&#Xd;
",,,,,,2026-08-12 09:44:24,2026-08-12 09:44:24,
1149,,687,"Deluxe Suite, Executive Lounge Access, 1 Bedroom Suite, King",,,,,,2026-08-12 09:44:24,2026-08-12 09:44:24,
1150,,687,"Premier Junior Suite, Executive Lounge Access, Residence, King, Airport Transfer",,,,,,2026-08-12 09:44:24,2026-08-12 09:44:24,
1151,,687,"Deluxe Room, 1 King Bed",,,,,,2026-08-12 09:44:24,2026-08-12 09:44:24,
1152,,687,"Deluxe Room, 1 Twin Bed",,,,,,2026-08-12 09:44:24,2026-08-12 09:44:24,
1153,,687,"Deluxe Suite, Executive Lounge Access, 1 Bedroom Suite",,,,,,2026-08-12 09:44:24,2026-08-12 09:44:24,
1154,,687,"Premier Residence Suite King Or Twin&#Xd;
",,,,,,2026-08-12 09:44:24,2026-08-12 09:44:24,
1155,,687,"Premier Junior Suite, Executive Lounge Access, Residence",,,,,,2026-08-12 09:44:24,2026-08-12 09:44:24,
1156,,687,"Premier Suite, Executive Lounge Access, Residence, King Or Twin, Airport Transfer",,,,,,2026-08-12 09:44:24,2026-08-12 09:44:24,
1157,,687,"Deluxe Suite, 1 Bedroom , 1 King Bed",,,,,,2026-08-12 09:44:24,2026-08-12 09:44:24,
1158,,687,"Superior Deluxe Suite, Executive Lounge Access, 1 Bedroom Suite, King, Airport Transfer",,,,,,2026-08-12 09:44:24,2026-08-12 09:44:24,
1159,,687,"Premier Executive Residence Suite King&#Xd;
",,,,,,2026-08-12 09:44:24,2026-08-12 09:44:24,
1160,,687,"Deluxe Suite, 1 Bedroom , 1 Double Bed",,,,,,2026-08-12 09:44:24,2026-08-12 09:44:24,
1161,,687,"Superior Deluxe Suite, Executive Lounge Access, 1 Bedroom Suite, Twin, Airport Transfer",,,,,,2026-08-12 09:44:24,2026-08-12 09:44:24,
1162,,687,Suite 1 Bedroom Tower,,,,,,2026-08-12 09:44:24,2026-08-12 09:44:24,
1163,,687,"One Bedroom Kitchen Junior Suite King&#Xd;
",,,,,,2026-08-12 09:44:24,2026-08-12 09:44:24,
1164,,687,"Premier Suite, 1 Double Bed",,,,,,2026-08-12 09:44:24,2026-08-12 09:44:24,
1165,,687,"One Bedroom, Kitchen, Junior Suite, King, Capacity 3 Guest",,,,,,2026-08-12 09:44:24,2026-08-12 09:44:24,
1166,,687,Premier Suite,,,,,,2026-08-12 09:44:24,2026-08-12 09:44:24,
1167,,687,"Premier Executive Suite, Executive Lounge Access, 1 Bedroom Executive Suite, King",,,,,,2026-08-12 09:44:24,2026-08-12 09:44:24,
1168,,687,"Premier Room, 1 King Bed",,,,,,2026-08-12 09:44:24,2026-08-12 09:44:24,
1169,,687,"Premier Room, 1 Twin Bed",,,,,,2026-08-12 09:44:24,2026-08-12 09:44:24,
1170,,687,"Two Bedroom Kitchen Family Suite&#Xd;
",,,,,,2026-08-12 09:44:24,2026-08-12 09:44:24,
1171,,687,"Two Bedroom, Kitchen, Family Suite, King Or Twin, Capacity 5 Guest",,,,,,2026-08-12 09:44:24,2026-08-12 09:44:24,
1172,,687,"One Bedroom Suite,Kitchen, Suite, King, Capacity 3 Guest",,,,,,2026-08-12 09:44:24,2026-08-12 09:44:24,
1173,,687,"Premier Suite, Executive Lounge Access, Residence",,,,,,2026-08-12 09:44:24,2026-08-12 09:44:24,
1174,,687,"Two Bedroom Tower 1 , Suite, Bedroom 1: 1 King, Bedroom 2: 2 Twins, Tower 1",,,,,,2026-08-12 09:44:24,2026-08-12 09:44:24,
1175,,687,"Three Bedroom Kitchen Family Suite&#Xd;
",,,,,,2026-08-12 09:44:24,2026-08-12 09:44:24,
1176,,687,"Three Bedroom, Kitchen, Family Suite, King Or Twin, Capacity 7 Guest",,,,,,2026-08-12 09:44:24,2026-08-12 09:44:24,
1177,,687,"Three Bedroom Tower 1 , Suite, Tower 1",,,,,,2026-08-12 09:44:24,2026-08-12 09:44:24,
1178,,687,"Junior Suite, 1 King Bed, Kitchen",,,,,,2026-08-12 09:44:24,2026-08-12 09:44:24,
1179,,687,Two Bedroom Suite (Tower 1),,,,,,2026-08-12 09:44:24,2026-08-12 09:44:24,
1180,,687,Suite 2 Bedrooms Tower,,,,,,2026-08-12 09:44:24,2026-08-12 09:44:24,
1181,,687,Three Bedroom Suite (Tower 1),,,,,,2026-08-12 09:44:24,2026-08-12 09:44:24,
1182,,687,"Two Bedroom, Kitchen, Family Suite, King Or Twin , 1 King Bed",,,,,,2026-08-12 09:44:24,2026-08-12 09:44:24,
1183,,687,"Three Bedroom, Kitchen, Family Suite, King Or Twin , 1 King Bed",,,,,,2026-08-12 09:44:24,2026-08-12 09:44:24,
1184,,687,Suite 3 Bedrooms Tower,,,,,,2026-08-12 09:44:24,2026-08-12 09:44:24,
1185,,687,"Royal Suite, Executive Lounge Access, Residence, King, Capacity 3 Guest, High Floor",,,,,,2026-08-12 09:44:24,2026-08-12 09:44:24,
1186,,687,"Grosvenor Suite, Executive Lounge Access, Residence, 1 King Or 1 Twin, Capacity 5 Guest",,,,,,2026-08-12 09:44:24,2026-08-12 09:44:24,
1187,,696,Standard Room,,,,,,2026-08-12 09:44:24,2026-08-12 09:44:24,
1188,,696,Standard Double Room,,,,,,2026-08-12 09:44:24,2026-08-12 09:44:24,
1189,,696,Standard Twin,,,,,,2026-08-12 09:44:24,2026-08-12 09:44:24,
1190,,696,Standard Twin Room,,,,,,2026-08-12 09:44:24,2026-08-12 09:44:24,
1191,,696,Special Offer Couples Room,,,,,,2026-08-12 09:44:24,2026-08-12 09:44:24,
1192,,696,Standard Triple Room,,,,,,2026-08-12 09:44:24,2026-08-12 09:44:24,
1193,,696,Executive Room,,,,,,2026-08-12 09:44:24,2026-08-12 09:44:24,
1194,,696,Executive,,,,,,2026-08-12 09:44:24,2026-08-12 09:44:24,
1195,,696,Family Room (2 Adults + 2 Children),,,,,,2026-08-12 09:44:25,2026-08-12 09:44:25,
1196,,696,Junior Suite,,,,,,2026-08-12 09:44:25,2026-08-12 09:44:25,
1197,,696,Junior Suite (2 Adults + 1 Child),,,,,,2026-08-12 09:44:25,2026-08-12 09:44:25,
1198,,698,Double Room King Bed De Luxe,,,,,,2026-08-12 09:44:25,2026-08-12 09:44:25,
1199,,698,Twin Room De Luxe,,,,,,2026-08-12 09:44:25,2026-08-12 09:44:25,
1200,,698,Deluxe Room With One King Bed,,,,,,2026-08-12 09:44:25,2026-08-12 09:44:25,
1201,,698,Deluxe Room With Two Single Beds,,,,,,2026-08-12 09:44:25,2026-08-12 09:44:25,
1202,,698,Double Room King Bed Superior,,,,,,2026-08-12 09:44:25,2026-08-12 09:44:25,
1203,,698,Twin Room Superior,,,,,,2026-08-12 09:44:25,2026-08-12 09:44:25,
1204,,698,Superior Room With Two Single Beds,,,,,,2026-08-12 09:44:25,2026-08-12 09:44:25,
1205,,698,Superior Room With One King Bed,,,,,,2026-08-12 09:44:25,2026-08-12 09:44:25,
1206,,698,Superior Room,,,,,,2026-08-12 09:44:25,2026-08-12 09:44:25,
1207,,698,Superior,,,,,,2026-08-12 09:44:25,2026-08-12 09:44:25,
1208,,698,Family Room,,,,,,2026-08-12 09:44:25,2026-08-12 09:44:25,
1209,,698,Family Room With One King Bed,,,,,,2026-08-12 09:44:25,2026-08-12 09:44:25,
1210,,698,Grand Room,,,,,,2026-08-12 09:44:25,2026-08-12 09:44:25,
1211,,698,Twin/Double Room Grand Room,,,,,,2026-08-12 09:44:25,2026-08-12 09:44:25,
1212,,698,Club Suite,,,,,,2026-08-12 09:44:25,2026-08-12 09:44:25,
1213,,698,Family Suite,,,,,,2026-08-12 09:44:25,2026-08-12 09:44:25,
1214,,698,Executive Deluxe Suite,,,,,,2026-08-12 09:44:25,2026-08-12 09:44:25,
1215,,698,Suite De Luxe Executive,,,,,,2026-08-12 09:44:25,2026-08-12 09:44:25,
1216,,698,Executive Deluxe Suite With One King Bed,,,,,,2026-08-12 09:44:25,2026-08-12 09:44:25,
1217,,701,Standard Room Twin,,,,,,2026-08-12 09:44:25,2026-08-12 09:44:25,
1218,,701,Standard Room King,,,,,,2026-08-12 09:44:25,2026-08-12 09:44:25,
1219,,701,Standard Double Room,,,,,,2026-08-12 09:44:25,2026-08-12 09:44:25,
1220,,701,Standard Twin Room,,,,,,2026-08-12 09:44:25,2026-08-12 09:44:25,
1221,,701,Suite Room,,,,,,2026-08-12 09:44:25,2026-08-12 09:44:25,
1222,,706,Double Deluxe Room,,,,,,2026-08-12 09:44:27,2026-08-12 09:44:27,
1223,,706,Deluxe Room,,,,,,2026-08-12 09:44:27,2026-08-12 09:44:27,
1224,,706,S T U D I O,,,,,,2026-08-12 09:44:27,2026-08-12 09:44:27,
1225,,706,Classic 1 Bedroom Suite,,,,,,2026-08-12 09:44:27,2026-08-12 09:44:27,
1226,,706,Classic Suite,,,,,,2026-08-12 09:44:27,2026-08-12 09:44:27,
1227,,709,Deluxe King,,,,,,2026-08-12 09:44:27,2026-08-12 09:44:27,
1228,,706,Suite Classic King Bed,,,,,,2026-08-12 09:44:27,2026-08-12 09:44:27,
1229,,709,Superior King,,,,,,2026-08-12 09:44:27,2026-08-12 09:44:27,
1230,,709,Deluxe Twin,,,,,,2026-08-12 09:44:27,2026-08-12 09:44:27,
1231,,706,Premium One Bedroom Suite,,,,,,2026-08-12 09:44:27,2026-08-12 09:44:27,
1232,,702,Twin/Double Room,,,,,,2026-08-12 09:44:27,2026-08-12 09:44:27,
1233,,706,Double Premium One Bedroom Suite,,,,,,2026-08-12 09:44:27,2026-08-12 09:44:27,
1234,,706,De Luxe,,,,,,2026-08-12 09:44:27,2026-08-12 09:44:27,
1235,,702,Family Room,,,,,,2026-08-12 09:44:27,2026-08-12 09:44:27,
1236,,706,Deluxe Two Bedroom Suite,,,,,,2026-08-12 09:44:27,2026-08-12 09:44:27,
1237,,706,Suite 1 Bedroom Classic,,,,,,2026-08-12 09:44:27,2026-08-12 09:44:27,
1238,,706,Suite 1 Bedroom Premium,,,,,,2026-08-12 09:44:27,2026-08-12 09:44:27,
1239,,706,Panoramic Suite,,,,,,2026-08-12 09:44:27,2026-08-12 09:44:27,
1240,,706,Suite 1 Bedroom Panoramic,,,,,,2026-08-12 09:44:27,2026-08-12 09:44:27,
1241,,706,Suite Pent House,,,,,,2026-08-12 09:44:27,2026-08-12 09:44:27,
1242,,706,Suite 2 Bedrooms De Luxe,,,,,,2026-08-12 09:44:27,2026-08-12 09:44:27,
1243,,706,Suite Panoramic Two Bedrooms,,,,,,2026-08-12 09:44:27,2026-08-12 09:44:27,
1244,,706,2 Bedroom Suite Panoramic View,,,,,,2026-08-12 09:44:27,2026-08-12 09:44:27,
1245,,706,Suite 2 Bedrooms Panoramic,,,,,,2026-08-12 09:44:27,2026-08-12 09:44:27,
1246,,706,Panoramic Two Bedroom Suite,,,,,,2026-08-12 09:44:27,2026-08-12 09:44:27,
1247,,707,Luxury Room,,,,,,2026-08-12 09:44:27,2026-08-12 09:44:27,
1248,,707,Luxury Room Coastline View,,,,,,2026-08-12 09:44:27,2026-08-12 09:44:27,
1249,,707,Twin Room Luxury,,,,,,2026-08-12 09:44:27,2026-08-12 09:44:27,
1250,,707,"Luxury Room, 1 King Bed Non Refundable",,,,,,2026-08-12 09:44:27,2026-08-12 09:44:27,
1251,,707,"Luxury Room, 2 Single Beds Non Refundable",,,,,,2026-08-12 09:44:27,2026-08-12 09:44:27,
1252,,707,Luxury Burj View Room,,,,,,2026-08-12 09:44:27,2026-08-12 09:44:27,
1253,,707,"Luxury Room, 1 King Bed",,,,,,2026-08-12 09:44:27,2026-08-12 09:44:27,
1254,,707,"Luxury Room, 2 Single Beds",,,,,,2026-08-12 09:44:27,2026-08-12 09:44:27,
1255,,707,Club Luxury Room,,,,,,2026-08-12 09:44:27,2026-08-12 09:44:27,
1256,,707,Double Room King Bed Luxury Coastline View,,,,,,2026-08-12 09:44:27,2026-08-12 09:44:27,
1257,,707,Double Room King Bed Luxury Club Millesime Access,,,,,,2026-08-12 09:44:27,2026-08-12 09:44:27,
1258,,707,"Luxury Room, 1 King Bed, Coastline View Non Refundable",,,,,,2026-08-12 09:44:27,2026-08-12 09:44:27,
1259,,707,"Luxury Room, Club Millésime Access, 1 King Bed Non Refundable",,,,,,2026-08-12 09:44:27,2026-08-12 09:44:27,
1260,,707,Luxury Club Burj View,,,,,,2026-08-12 09:44:27,2026-08-12 09:44:27,
1261,,707,Luxury King Room,,,,,,2026-08-12 09:44:27,2026-08-12 09:44:27,
1262,,707,Double Room King Bed Luxury Burj Khalifa View,,,,,,2026-08-12 09:44:27,2026-08-12 09:44:27,
1263,,707,"Luxury Room, 1 King Bed, Burj Khalifa View Non Refundable",,,,,,2026-08-12 09:44:27,2026-08-12 09:44:27,
1264,,707,"Luxury Room, 1 King Bed, Coastline View",,,,,,2026-08-12 09:44:27,2026-08-12 09:44:27,
1265,,707,"Luxury Room, Club Millésime Access, 1 King Bed",,,,,,2026-08-12 09:44:27,2026-08-12 09:44:27,
1266,,707,Twin Room Luxury Club Millesime Access Burj Khalifa View,,,,,,2026-08-12 09:44:27,2026-08-12 09:44:27,
1267,,707,Double Room King Bed Luxury Club Millesime Access Burj Khalifa View,,,,,,2026-08-12 09:44:27,2026-08-12 09:44:27,
1268,,707,"Luxury Room, Club Millésime Access, 1 King Bed, Burj Khalifa View Non Refundable",,,,,,2026-08-12 09:44:27,2026-08-12 09:44:27,
1269,,707,"Luxury Room, Club Millésime Access, 2 Single Beds, Burj Khalifa View Non Refundable",,,,,,2026-08-12 09:44:27,2026-08-12 09:44:27,
1270,,707,Junior Suite,,,,,,2026-08-12 09:44:27,2026-08-12 09:44:27,
1271,,707,Studio Apartment,,,,,,2026-08-12 09:44:27,2026-08-12 09:44:27,
1272,,707,Luxury Studio Apartment With Burj Khalifa View Non Refundable,,,,,,2026-08-12 09:44:27,2026-08-12 09:44:27,
1273,,707,Luxury King Room Club Millésime,,,,,,2026-08-12 09:44:27,2026-08-12 09:44:27,
1274,,707,Apartment 1 Bedroom,,,,,,2026-08-12 09:44:27,2026-08-12 09:44:27,
1275,,707,Suite View,,,,,,2026-08-12 09:44:27,2026-08-12 09:44:27,
1276,,707,"Opera Suite, Club Millésime Access, 1 King Bed, Coastline View Non Refundable",,,,,,2026-08-12 09:44:27,2026-08-12 09:44:27,
1277,,707,"One Bedroom Apartment, 1 King Size Bed Non Refundable",,,,,,2026-08-12 09:44:27,2026-08-12 09:44:27,
1278,,707,"Luxury Room, 1 King Bed, Burj Khalifa View",,,,,,2026-08-12 09:44:27,2026-08-12 09:44:27,
1279,,707,"Luxury Room, Club Millésime Access, 1 King Bed, Burj Khalifa View",,,,,,2026-08-12 09:44:27,2026-08-12 09:44:27,
1280,,707,"Luxury Room, Club Millésime Access, 2 Single Beds, Burj Khalifa View",,,,,,2026-08-12 09:44:27,2026-08-12 09:44:27,
1281,,707,1 Bedroom Apartment,,,,,,2026-08-12 09:44:27,2026-08-12 09:44:27,
1282,,707,Luxury Studio Apartment With Burj Khalifa View,,,,,,2026-08-12 09:44:27,2026-08-12 09:44:27,
1283,,707,Luxury King Room Burj Khalifa View,,,,,,2026-08-12 09:44:27,2026-08-12 09:44:27,
1284,,707,Opera Suite,,,,,,2026-08-12 09:44:27,2026-08-12 09:44:27,
1285,,707,Luxury King Room With Club Access And Burj Khalifa View,,,,,,2026-08-12 09:44:28,2026-08-12 09:44:28,
1286,,707,"One Bedroom Apartment, 1 King Size Bed",,,,,,2026-08-12 09:44:28,2026-08-12 09:44:28,
1287,,707,"Opera Suite, Club Millésime Access, 1 King Bed, Coastline View",,,,,,2026-08-12 09:44:28,2026-08-12 09:44:28,
1288,,707,"Presidential Suite, Club Millésime Access, 1 King Bed, Burj Khalifa View Non Refundable",,,,,,2026-08-12 09:44:28,2026-08-12 09:44:28,
1289,,707,"Presidential Suite, Club Millésime Access, 1 King Bed, Burj Khalifa View",,,,,,2026-08-12 09:44:28,2026-08-12 09:44:28,
1290,,707,Presidential Suite With Club Access And Burj Khalifa View,,,,,,2026-08-12 09:44:28,2026-08-12 09:44:28,
1291,,712,Deluxe Room With Room Only For 25 Adults,,,,,,2026-08-12 09:44:29,2026-08-12 09:44:29,
1292,,712,Deluxe Room,,,,,,2026-08-12 09:44:29,2026-08-12 09:44:29,
1293,,712,Deluxe Room Deluxe Room,,,,,,2026-08-12 09:44:29,2026-08-12 09:44:29,
1294,,712,Twin/Double Room De Luxe,,,,,,2026-08-12 09:44:29,2026-08-12 09:44:29,
1295,,712,Deluxe Double Twin,,,,,,2026-08-12 09:44:29,2026-08-12 09:44:29,
1296,,712,Twin Room De Luxe,,,,,,2026-08-12 09:44:29,2026-08-12 09:44:29,
1297,,712,Premium Room,,,,,,2026-08-12 09:44:29,2026-08-12 09:44:29,
1298,,712,Premium,,,,,,2026-08-12 09:44:29,2026-08-12 09:44:29,
1299,,712,Premium Room With Room Only For 25 Adults,,,,,,2026-08-12 09:44:29,2026-08-12 09:44:29,
1300,,712,Family Room,,,,,,2026-08-12 09:44:29,2026-08-12 09:44:29,
1301,,712,Family Triple Room,,,,,,2026-08-12 09:44:29,2026-08-12 09:44:29,
1302,,712,Family Quadruple Room,,,,,,2026-08-12 09:44:29,2026-08-12 09:44:29,
1303,,712,Family Quadruple Room With Room Only For 25 Adults,,,,,,2026-08-12 09:44:29,2026-08-12 09:44:29,
1304,,712,Executive One Bedroom Suite,,,,,,2026-08-12 09:44:29,2026-08-12 09:44:29,
1305,,712,Commodore Suite,,,,,,2026-08-12 09:44:29,2026-08-12 09:44:29,
1306,,712,Suite 1 Bedroom Executive,,,,,,2026-08-12 09:44:29,2026-08-12 09:44:29,
1307,,712,Executive 1 Bed Room Suite,,,,,,2026-08-12 09:44:29,2026-08-12 09:44:29,
1308,,712,Executive 1 Bed Room Suite With Room Only For 25 Adults,,,,,,2026-08-12 09:44:29,2026-08-12 09:44:29,
1309,,712,Premium One Bedroom Suite,,,,,,2026-08-12 09:44:29,2026-08-12 09:44:29,
1310,,712,Suite 1 Bedroom Premium,,,,,,2026-08-12 09:44:29,2026-08-12 09:44:29,
1311,,712,Premium 1 Bed Suite,,,,,,2026-08-12 09:44:29,2026-08-12 09:44:29,
1312,,712,Premium 1 Bed Suite With Room Only For 25 Adults,,,,,,2026-08-12 09:44:29,2026-08-12 09:44:29,
1313,,712,Suite Standard,,,,,,2026-08-12 09:44:29,2026-08-12 09:44:29,
1314,,712,Suite One Bedroom,,,,,,2026-08-12 09:44:29,2026-08-12 09:44:29,
1315,,712,Double Premier,,,,,,2026-08-12 09:44:29,2026-08-12 09:44:29,
1316,,712,Family Room One Bedroom,,,,,,2026-08-12 09:44:29,2026-08-12 09:44:29,
1317,,712,Double Or Twin Executive,,,,,,2026-08-12 09:44:29,2026-08-12 09:44:29,
1318,,719,Guest Room,,,,,,2026-08-12 09:44:29,2026-08-12 09:44:29,
1319,,719,De Luxe,,,,,,2026-08-12 09:44:29,2026-08-12 09:44:29,
1320,,719,Family Room,,,,,,2026-08-12 09:44:29,2026-08-12 09:44:29,
1321,,719,Junior Suite,,,,,,2026-08-12 09:44:29,2026-08-12 09:44:29,
1322,,719,Family Room Connection,,,,,,2026-08-12 09:44:29,2026-08-12 09:44:29,
1323,,721,Twin/Double Room Superior,,,,,,2026-08-12 09:44:29,2026-08-12 09:44:29,
1324,,721,Superior Room,,,,,,2026-08-12 09:44:29,2026-08-12 09:44:29,
1325,,721,Twin/Double Room De Luxe,,,,,,2026-08-12 09:44:29,2026-08-12 09:44:29,
1326,,721,Deluxe Room,,,,,,2026-08-12 09:44:29,2026-08-12 09:44:29,
1327,,721,Twin Room Superior,,,,,,2026-08-12 09:44:29,2026-08-12 09:44:29,
1328,,721,Double Room Executive,,,,,,2026-08-12 09:44:29,2026-08-12 09:44:29,
1329,,721,Double Room De Luxe,,,,,,2026-08-12 09:44:29,2026-08-12 09:44:29,
1330,,717,Superior King Room,,,,,,2026-08-12 09:44:30,2026-08-12 09:44:30,
1331,,717,Deluxe Twin Room,,,,,,2026-08-12 09:44:30,2026-08-12 09:44:30,
1332,,717,Deluxe King Room,,,,,,2026-08-12 09:44:30,2026-08-12 09:44:30,
1333,,717,Premium King Room,,,,,,2026-08-12 09:44:30,2026-08-12 09:44:30,
1334,,717,Premium Twin Room,,,,,,2026-08-12 09:44:30,2026-08-12 09:44:30,
1335,,717,Junior Suite,,,,,,2026-08-12 09:44:30,2026-08-12 09:44:30,
1336,,717,Twin Deluxe Twin Room,,,,,,2026-08-12 09:44:30,2026-08-12 09:44:30,
1337,,717,Executive Suite,,,,,,2026-08-12 09:44:30,2026-08-12 09:44:30,
1338,,717,Twin Superior Twin Room,,,,,,2026-08-12 09:44:30,2026-08-12 09:44:30,
1339,,717,Twin Premium Twin Room,,,,,,2026-08-12 09:44:30,2026-08-12 09:44:30,
1340,,717,Apartment One Bedroom Apartment Lakeview With Balcony,,,,,,2026-08-12 09:44:30,2026-08-12 09:44:30,
1341,,717,Room Superior King Room,,,,,,2026-08-12 09:44:30,2026-08-12 09:44:30,
1342,,717,Room Deluxe King Room,,,,,,2026-08-12 09:44:30,2026-08-12 09:44:30,
1343,,717,Room Premium King Room,,,,,,2026-08-12 09:44:30,2026-08-12 09:44:30,
1344,,717,Junior Suite Junior Suite,,,,,,2026-08-12 09:44:30,2026-08-12 09:44:30,
1345,,717,Suite Executive Suite,,,,,,2026-08-12 09:44:30,2026-08-12 09:44:30,
1346,,718,City View Room,,,,,,2026-08-12 09:44:30,2026-08-12 09:44:30,
1347,,718,City View Room Twin,,,,,,2026-08-12 09:44:30,2026-08-12 09:44:30,
1348,,718,Twin/Double Room City View,,,,,,2026-08-12 09:44:30,2026-08-12 09:44:30,
1349,,718,Pool View Room,,,,,,2026-08-12 09:44:30,2026-08-12 09:44:30,
1350,,718,Pool View,,,,,,2026-08-12 09:44:30,2026-08-12 09:44:30,
1351,,718,Guest Room With Balcony,,,,,,2026-08-12 09:44:30,2026-08-12 09:44:30,
1352,,718,Pool View Twin Room,,,,,,2026-08-12 09:44:30,2026-08-12 09:44:30,
1353,,718,Family Connecting Rooms King And Twin,,,,,,2026-08-12 09:44:30,2026-08-12 09:44:30,
1354,,718,Spacious Room With Balcony,,,,,,2026-08-12 09:44:30,2026-08-12 09:44:30,
1355,,718,City View Room King Bed,,,,,,2026-08-12 09:44:30,2026-08-12 09:44:30,
1356,,718,Pool View Room King Bed,,,,,,2026-08-12 09:44:30,2026-08-12 09:44:30,
1357,,718,Spacious Guest Room With 2 Single Beds,,,,,,2026-08-12 09:44:30,2026-08-12 09:44:30,
1358,,718,Connecting Family Room,,,,,,2026-08-12 09:44:30,2026-08-12 09:44:30,
1359,,718,Spacious Room With King Bed,,,,,,2026-08-12 09:44:30,2026-08-12 09:44:30,
1360,,718,Double Room King Bed City View,,,,,,2026-08-12 09:44:30,2026-08-12 09:44:30,
1361,,718,Double Room King Bed Pool View,,,,,,2026-08-12 09:44:30,2026-08-12 09:44:30,
1362,,612,Deluxe Sea View Room 1 King Bed,,,,,,2026-08-12 09:47:46,2026-08-12 09:47:46,
1363,,612,Deluxe Burj Khalifa View Room 1 King Bed,,,,,,2026-08-12 09:47:47,2026-08-12 09:47:47,
1364,,612,Twin Room De Luxe Sea View,,,,,,2026-08-12 09:47:47,2026-08-12 09:47:47,
1365,,612,Double Room King Bed De Luxe Sea View,,,,,,2026-08-12 09:47:47,2026-08-12 09:47:47,
1366,,612,Double Room King Bed De Luxe Burj Khalifa View,,,,,,2026-08-12 09:47:47,2026-08-12 09:47:47,
1367,,612,Twin Room De Luxe Burj Khalifa View,,,,,,2026-08-12 09:47:47,2026-08-12 09:47:47,
1368,,612,Deluxe Sea View Room 2 Single Bed,,,,,,2026-08-12 09:47:47,2026-08-12 09:47:47,
1369,,612,Deluxe Burj Khalifa View Room 2 Single Bed,,,,,,2026-08-12 09:47:47,2026-08-12 09:47:47,
1370,,612,Double Room King Bed De Luxe Horizon,,,,,,2026-08-12 09:47:47,2026-08-12 09:47:47,
1371,,612,Twin/Double Room Executive Horizon,,,,,,2026-08-12 09:47:47,2026-08-12 09:47:47,
1372,,612,Twin/Double Room Horizon Premier,,,,,,2026-08-12 09:47:47,2026-08-12 09:47:47,
1373,,612,Horizon Club Executive Room,,,,,,2026-08-12 09:47:47,2026-08-12 09:47:47,
1374,,612,"Horizon Executive, Room , 1 King Bed",,,,,,2026-08-12 09:47:47,2026-08-12 09:47:47,
1375,,612,"Deluxe Room, 2 Twin Beds, Sea View",,,,,,2026-08-12 09:47:47,2026-08-12 09:47:47,
1376,,612,Twin/Double Room,,,,,,2026-08-12 09:47:47,2026-08-12 09:47:47,
1377,,612,"Picture Perfect Room , 1 King Bed",,,,,,2026-08-12 09:47:47,2026-08-12 09:47:47,
1378,,612,Picture Perfect Room,,,,,,2026-08-12 09:47:47,2026-08-12 09:47:47,
1379,,612,Suite 1 Bedroom,,,,,,2026-08-12 09:47:47,2026-08-12 09:47:47,
1380,,612,"Suite, 1 Bedroom , 1 King Bed",,,,,,2026-08-12 09:47:47,2026-08-12 09:47:47,
1381,,612,One Bedroom Suite,,,,,,2026-08-12 09:47:47,2026-08-12 09:47:47,
1382,,612,Deluxe Seaview 1 King,,,,,,2026-08-12 09:51:43,2026-08-12 09:51:43,
1383,,612,Deluxe Seaview 2 Twins,,,,,,2026-08-12 09:51:43,2026-08-12 09:51:43,
1384,,612,Deluxe Burj Khalifa View 1 King,,,,,,2026-08-12 09:51:43,2026-08-12 09:51:43,
1385,,612,Deluxe Burj Khalifa View 2 Twins,,,,,,2026-08-12 09:51:43,2026-08-12 09:51:43,
1386,,612,"Room, Deluxe, King Bed",,,,,,2026-08-12 09:51:43,2026-08-12 09:51:43,
1387,,612,"Room With 2 Beds, Deluxe",,,,,,2026-08-12 09:51:43,2026-08-12 09:51:43,
1388,,612,Horizon Deluxe Room 1 King,,,,,,2026-08-12 09:51:43,2026-08-12 09:51:43,
1389,,612,Horizon Premier Room,,,,,,2026-08-12 09:51:43,2026-08-12 09:51:43,
1390,,612,"Double Room, Deluxe, King Bed",,,,,,2026-08-12 09:51:43,2026-08-12 09:51:43,
1391,,612,"Room, Executive",,,,,,2026-08-12 09:51:44,2026-08-12 09:51:44,
1392,,612,Room,,,,,,2026-08-12 09:51:44,2026-08-12 09:51:44,
1393,,612,Deluxe King Room With Sea View,,,,,,2026-08-12 09:51:52,2026-08-12 09:51:52,
1394,,612,Deluxe Twin Room With Sea View,,,,,,2026-08-12 09:51:52,2026-08-12 09:51:52,
1395,,612,Deluxe Twin Room With Burj Khalifa View,,,,,,2026-08-12 09:51:52,2026-08-12 09:51:52,
1396,,612,Deluxe King Room With Burj Khalifa View,,,,,,2026-08-12 09:51:52,2026-08-12 09:51:52,
1397,,612,"Horizon King Club Room Lounge Access Including Afternoon Tea, All Day Soft Beverages, Evening Sundowners And Canapes",,,,,,2026-08-12 09:51:52,2026-08-12 09:51:52,
1398,,612,"Horizon Executive Room Lounge Access Including Afternoon Tea, All Day Soft Beverages, Evening Sundowners And Canapes",,,,,,2026-08-12 09:51:52,2026-08-12 09:51:52,
1399,,612,"Horizon Executive, Room (1 King Bed) Package Rate",,,,,,2026-08-12 09:51:52,2026-08-12 09:51:52,
1400,,612,"Horizon, Premier Room (1 King Bed) Package Rate",,,,,,2026-08-12 09:51:52,2026-08-12 09:51:52,
1401,,612,"One Bedroom Club Suite Lounge Access Including Afternoon Tea, All Day Soft Beverages, Evening Sundowners And Canapes",,,,,,2026-08-12 09:51:53,2026-08-12 09:51:53,
1402,,605,Deluxe Twin Room With Sea View And Balcony,,,,,,2026-08-12 09:52:12,2026-08-12 09:52:12,
1403,,612,"Deluxe Room, 2 Twin Beds (Burj Khalifa View)",,,,,,2026-08-12 09:52:16,2026-08-12 09:52:16,
1404,,612,"Horizon Executive, Room",,,,,,2026-08-12 09:52:16,2026-08-12 09:52:16,
1405,,612,"Horizon, Premier Room",,,,,,2026-08-12 09:52:16,2026-08-12 09:52:16,
1406,,612,"Horizon Premier Room Lounge Access Including Afternoon Tea, All Day Soft Beverages, Evening Sundowners And Canapes",,,,,,2026-08-12 09:52:16,2026-08-12 09:52:16,
1407,,612,"Room, Premier",,,,,,2026-08-12 09:52:16,2026-08-12 09:52:16,
1408,,612,"Horizon, Premier Room , 1 King Bed",,,,,,2026-08-12 09:52:16,2026-08-12 09:52:16,
1409,,612,Single Room Executive Horizon,,,,,,2026-08-12 09:52:29,2026-08-12 09:52:29,
1410,,612,Single Room Horizon Premier,,,,,,2026-08-12 09:52:30,2026-08-12 09:52:30,
1411,,612,Single Room,,,,,,2026-08-12 09:52:30,2026-08-12 09:52:30,
1412,,603,Deluxe Double Room With City View (Full Double Bed),,,,,,2026-08-12 09:52:38,2026-08-12 09:52:38,
1413,,603,Suite Deluxe,,,,,,2026-08-12 09:52:38,2026-08-12 09:52:38,
1414,,603,Anantara Royal Suite With Pool,,,,,,2026-08-12 09:52:38,2026-08-12 09:52:38,
1415,,603,Suite With Private Pool,,,,,,2026-08-12 09:52:38,2026-08-12 09:52:38,
1416,,608,"Fairmont Heritage Room, 1 King Bed, Balcony",,,,,,2026-08-12 09:52:58,2026-08-12 09:52:58,
1417,,608,Fairmont Room 2 Queen (Non Smoking),,,,,,2026-08-12 09:52:58,2026-08-12 09:52:58,
1418,,608,Fairmont View Room King (Non Smoking),,,,,,2026-08-12 09:52:58,2026-08-12 09:52:58,
1419,,608,Fairmont Heritage Room Queen Bed,,,,,,2026-08-12 09:52:58,2026-08-12 09:52:58,
1420,,608,Deluxe Room King (Non Smoking),,,,,,2026-08-12 09:52:58,2026-08-12 09:52:58,
1421,,608,Fairmont Heritage Two Queen Room,,,,,,2026-08-12 09:52:58,2026-08-12 09:52:58,
1422,,608,Fairmont Heritage Partial Palm Sea View King Room With Balcony,,,,,,2026-08-12 09:52:58,2026-08-12 09:52:58,
1423,,608,Deluxe Room With Sea View,,,,,,2026-08-12 09:52:58,2026-08-12 09:52:58,
1424,,608,Fairmont Heritage Partial Palm Sea View Two Queen Room With Balcony,,,,,,2026-08-12 09:52:58,2026-08-12 09:52:58,
1425,,608,Deluxe Room 2 Queen (Non Smoking),,,,,,2026-08-12 09:52:58,2026-08-12 09:52:58,
1426,,608,Deluxe Heritage King Room With Palm Sea View And Balcony,,,,,,2026-08-12 09:52:58,2026-08-12 09:52:58,
1427,,608,"Fairmont Gold Room, Lounge Access, 1 King Bed, Balcony",,,,,,2026-08-12 09:52:59,2026-08-12 09:52:59,
1428,,608,Deluxe Heritage Two Queen Room With Palm Sea View And Balcony,,,,,,2026-08-12 09:52:59,2026-08-12 09:52:59,
1429,,608,Fairmont Gold Two Queen Room,,,,,,2026-08-12 09:52:59,2026-08-12 09:52:59,
1430,,608,Fairmont Gold King Room,,,,,,2026-08-12 09:52:59,2026-08-12 09:52:59,
1431,,608,"Corner Jacuzzi Palm Sea View Suite, 1 King Bed, Balcony",,,,,,2026-08-12 09:52:59,2026-08-12 09:52:59,
1432,,608,Fairmont Gold Deluxe Suite (Non Smoking),,,,,,2026-08-12 09:52:59,2026-08-12 09:52:59,
1433,,608,Signature Suite,,,,,,2026-08-12 09:52:59,2026-08-12 09:52:59,
1434,,608,"Two Bedroom Palm Sea View Apartment, Full Kitchen, 2 King Beds",,,,,,2026-08-12 09:52:59,2026-08-12 09:52:59,
1435,,608,Deluxe Grand Family Heritage Palm Sea View Room With Two King Beds And Balcony,,,,,,2026-08-12 09:52:59,2026-08-12 09:52:59,
1436,,608,Fairmont Gold Deluxe Suite,,,,,,2026-08-12 09:52:59,2026-08-12 09:52:59,
1437,,611,"Two Bedroom Suite 2 King 105Sm 1130Sf. Separate Living Room, Dining Table For 6.",,,,,,2026-08-12 09:53:06,2026-08-12 09:53:06,
1438,,613,"Superior Room, 1 King Bed",,,,,,2026-08-12 09:53:15,2026-08-12 09:53:15,
1439,,613,Superior Room With 2 Twin Beds,,,,,,2026-08-12 09:53:15,2026-08-12 09:53:15,
1440,,613,Superior Twin Room Includes Daily Access To Riva Beach Club With Free Shuttle Service,,,,,,2026-08-12 09:53:15,2026-08-12 09:53:15,
1441,,613,Superior King Room Includes Daily Access To Riva Beach Club With Free Shuttle Service,,,,,,2026-08-12 09:53:15,2026-08-12 09:53:15,
1442,,613,Superior King Room,,,,,,2026-08-12 09:53:15,2026-08-12 09:53:15,
1443,,613,"Superior Twin Room, Lake View, Free Beach Club Access In Palm Jumeirah Non Refundable",,,,,,2026-08-12 09:53:15,2026-08-12 09:53:15,
1444,,613,"Superior Room, 1 King Bed, Lake View",,,,,,2026-08-12 09:53:15,2026-08-12 09:53:15,
1445,,613,Superior Twin Room With Lake View Includes Daily Access To Riva Beach Club With Free Shuttle Service,,,,,,2026-08-12 09:53:15,2026-08-12 09:53:15,
1446,,613,Superior King Room With Lake View Includes Daily Access To Riva Beach Club With Free Shuttle Service,,,,,,2026-08-12 09:53:15,2026-08-12 09:53:15,
1447,,613,Superior King Room With Lake View,,,,,,2026-08-12 09:53:15,2026-08-12 09:53:15,
1448,,613,Junior Suite Standard,,,,,,2026-08-12 09:53:15,2026-08-12 09:53:15,
1449,,613,"Junior Suite, 1 King Bed, Lake View",,,,,,2026-08-12 09:53:15,2026-08-12 09:53:15,
1450,,613,Junior Suite With Lake View And Balcony Includes Daily Access To Riva Beach Club With Free Shuttle Service,,,,,,2026-08-12 09:53:15,2026-08-12 09:53:15,
1451,,613,"Premium Suite, 1 King Bed",,,,,,2026-08-12 09:53:15,2026-08-12 09:53:15,
1452,,613,Premium One Bedroom Suite Includes Daily Access To Riva Beach Club With Free Shuttle Service,,,,,,2026-08-12 09:53:15,2026-08-12 09:53:15,
1453,,615,Deluxe King Room,,,,,,2026-08-12 09:53:20,2026-08-12 09:53:20,
1454,,615,"Deluxe Double Room, 2 Queen Beds",,,,,,2026-08-12 09:53:20,2026-08-12 09:53:20,
1455,,615,"Executive Double Room, 2 Queen Beds – Lounge Access",,,,,,2026-08-12 09:53:20,2026-08-12 09:53:20,
1456,,615,Executive King Room – Lounge Access,,,,,,2026-08-12 09:53:20,2026-08-12 09:53:20,
1457,,615,"Deluxe Family Room, 1 King Bed And 2 Queen Beds",,,,,,2026-08-12 09:53:20,2026-08-12 09:53:20,
1458,,615,Executive Suite – Lounge Access,,,,,,2026-08-12 09:53:20,2026-08-12 09:53:20,
1459,,615,"Executive Family Suite, 1 King Bed And 2 Queen Beds – Lounge Access",,,,,,2026-08-12 09:53:20,2026-08-12 09:53:20,
1460,,603,03A Deluxe City View Room,,,,,,2026-08-12 09:53:54,2026-08-12 09:53:54,
1461,,603,04A Deluxe Pool View Room,,,,,,2026-08-12 09:53:54,2026-08-12 09:53:54,
1462,,603,05A Signature City View Room,,,,,,2026-08-12 09:53:54,2026-08-12 09:53:54,
1463,,613,Twin Superior,,,,,,2026-08-12 09:54:24,2026-08-12 09:54:24,
1464,,613,Room Superior King Bed,,,,,,2026-08-12 09:54:24,2026-08-12 09:54:24,
1465,,613,Twin Lake View,,,,,,2026-08-12 09:54:24,2026-08-12 09:54:24,
1466,,613,Double Lake View,,,,,,2026-08-12 09:54:24,2026-08-12 09:54:24,
1467,,621,Studio,,,,,,2026-08-12 09:54:37,2026-08-12 09:54:37,
1468,,621,Apartment 2 Bedrooms,,,,,,2026-08-12 09:54:37,2026-08-12 09:54:37,
1469,,621,Apartment 3 Bedrooms,,,,,,2026-08-12 09:54:37,2026-08-12 09:54:37,
1470,,634,Deluxe Double Or Twin Room With 20% Discount On Fandb,,,,,,2026-08-12 09:54:57,2026-08-12 09:54:57,
1471,,634,Comfort Triple Room With 20% Discount On Fandb,,,,,,2026-08-12 09:54:57,2026-08-12 09:54:57,
1472,,637,Standard Double Or Twin Room,,,,,,2026-08-12 09:55:01,2026-08-12 09:55:01,
1473,,637,Standard Deluxe Room,,,,,,2026-08-12 09:55:01,2026-08-12 09:55:01,
1474,,637,Standard Triple Room,,,,,,2026-08-12 09:55:01,2026-08-12 09:55:01,
1475,,644,Superior Room,,,,,,2026-08-12 09:55:13,2026-08-12 09:55:13,
1476,,649,Skyline Deluxe Room With Sea View,,,,,,2026-08-12 09:55:23,2026-08-12 09:55:23,
1477,,649,Room Sea View,,,,,,2026-08-12 09:55:23,2026-08-12 09:55:23,
1478,,649,Suite Club Sea View,,,,,,2026-08-12 09:55:23,2026-08-12 09:55:23,
1479,,649,Deluxe Suite 2 Bedrooms,,,,,,2026-08-12 09:55:23,2026-08-12 09:55:23,
1480,,649,Room 2 Bedrooms,,,,,,2026-08-12 09:55:23,2026-08-12 09:55:23,
1481,,606,King Accessible Deluxe Room W/ Balcony,,,,,,2026-08-12 09:55:26,2026-08-12 09:55:26,
1482,,613,Premium Suite (Laguna Suite),,,,,,2026-08-12 09:55:28,2026-08-12 09:55:28,
1483,,625,Executive One Bedroom Apartment Burj Khalifa View,,,,,,2026-08-12 09:55:30,2026-08-12 09:55:30,
1484,,621,Deluxe Studio,,,,,,2026-08-12 09:55:30,2026-08-12 09:55:30,
1485,,625,Executive Two Bedroom Apartment,,,,,,2026-08-12 09:55:30,2026-08-12 09:55:30,
1486,,634,Standard Room,,,,,,2026-08-12 09:55:33,2026-08-12 09:55:33,
1487,,634,Deluxe Triple,,,,,,2026-08-12 09:55:33,2026-08-12 09:55:33,
1488,,603,"Deluxe Room, City View",,,,,,2026-08-12 09:55:40,2026-08-12 09:55:40,
1489,,634,Deluxe Room,,,,,,2026-08-12 09:55:42,2026-08-12 09:55:42,
1490,,627,Deluxe Guest Room With 1 King Bed,,,,,,2026-08-12 09:55:44,2026-08-12 09:55:44,
1491,,627,"Deluxe Room, 1 King Bed",,,,,,2026-08-12 09:55:44,2026-08-12 09:55:44,
1492,,627,Deluxe Twin Room Smoking,,,,,,2026-08-12 09:55:44,2026-08-12 09:55:44,
1493,,627,"Deluxe Room,1 King Bed",,,,,,2026-08-12 09:55:44,2026-08-12 09:55:44,
1494,,627,"Deluxe Guest Room, 1 King",,,,,,2026-08-12 09:55:44,2026-08-12 09:55:44,
1495,,627,"Deluxe Guest Room, 2 Twin",,,,,,2026-08-12 09:55:44,2026-08-12 09:55:44,
1496,,627,"Deluxe Room, 2 Twin Beds, Smoking",,,,,,2026-08-12 09:55:44,2026-08-12 09:55:44,
1497,,627,Room With View,,,,,,2026-08-12 09:55:44,2026-08-12 09:55:44,
1498,,627,"Room, 2 Twin Beds, Smoking (View)",,,,,,2026-08-12 09:55:44,2026-08-12 09:55:44,
1499,,627,"Room, 1 King Bed (View)",,,,,,2026-08-12 09:55:44,2026-08-12 09:55:44,
1500,,627,"Deluxe Seaview Room, Guest Room, 2 Twin",,,,,,2026-08-12 09:55:44,2026-08-12 09:55:44,
1501,,627,"Deluxe Seaview Room, Guest Room, 1 King",,,,,,2026-08-12 09:55:44,2026-08-12 09:55:44,
1502,,627,Corner Suite,,,,,,2026-08-12 09:55:44,2026-08-12 09:55:44,
1503,,639,Standard Double Or Twin Room,,,,,,2026-08-12 09:55:44,2026-08-12 09:55:44,
1504,,627,"Deluxe Corner Suite, Suite, 1 King, Corner Room",,,,,,2026-08-12 09:55:44,2026-08-12 09:55:44,
1505,,649,Deluxe King Room With Skyline View,,,,,,2026-08-12 09:55:46,2026-08-12 09:55:46,
1506,,649,Deluxe King Room With Palm Sea View,,,,,,2026-08-12 09:55:46,2026-08-12 09:55:46,
1507,,649,Pearl Club Sea View King Room,,,,,,2026-08-12 09:55:46,2026-08-12 09:55:46,
1508,,649,Deluxe King Suite With Sea View,,,,,,2026-08-12 09:55:46,2026-08-12 09:55:46,
1509,,649,"Club Room, 2 Queen Beds, Balcony, Sea View",,,,,,2026-08-12 09:55:46,2026-08-12 09:55:46,
1510,,649,"Club Suite, 1 Double Bed, Balcony, Sea View",,,,,,2026-08-12 09:55:46,2026-08-12 09:55:46,
1511,,649,"Family Room, Multiple Beds , 1 King Bed And 2 Queen Beds",,,,,,2026-08-12 09:55:46,2026-08-12 09:55:46,
1512,,649,"Deluxe Suite, Multiple Beds , 1 King Bed And 2 Queen Beds",,,,,,2026-08-12 09:55:46,2026-08-12 09:55:46,
1513,,605,Twin Deluxe Room With Sea View Balcony,,,,,,2026-08-12 09:57:04,2026-08-12 09:57:04,
1514,,605,Duplex Suite Sea View,,,,,,2026-08-12 09:57:05,2026-08-12 09:57:05,
1515,,1281,One Bedroom Apartment,,,,,,2026-08-12 09:58:51,2026-08-12 09:58:51,
1516,,1281,Apartment 2 Bedrooms,,,,,,2026-08-12 09:58:51,2026-08-12 09:58:51,
1517,,1281,Two Bedroom Apartment,,,,,,2026-08-12 09:58:51,2026-08-12 09:58:51,
1518,,1281,"Apartment, 3 Bedrooms",,,,,,2026-08-12 09:58:51,2026-08-12 09:58:51,
1519,,1281,Apartment 3 Bedrooms,,,,,,2026-08-12 09:58:51,2026-08-12 09:58:51,
1520,,1281,Three Bedroom Apartment,,,,,,2026-08-12 09:58:51,2026-08-12 09:58:51,
1521,,1281,Four Bedroom Penthouse Apartment,,,,,,2026-08-12 09:58:51,2026-08-12 09:58:51,
1522,,1281,Penthouse,,,,,,2026-08-12 09:58:51,2026-08-12 09:58:51,
1523,,605,"Studio, Twin Beds",,,,,,2026-08-12 10:01:08,2026-08-12 10:01:08,
1524,,605,Deluxe Room Sea View Single,,,,,,2026-08-12 10:01:08,2026-08-12 10:01:08,
1525,,605,Junior Suite With Balcony Single,,,,,,2026-08-12 10:01:08,2026-08-12 10:01:08,
1526,,605,2 Bedroom Family Suite W/ Sea View Balcony,,,,,,2026-08-12 10:01:08,2026-08-12 10:01:08,
1527,,612,"Deluxe Room, 1 King Bed, Sea View (1 King Bed) Package Rate",,,,,,2026-08-12 10:11:05,2026-08-12 10:11:05,
1528,,612,"Deluxe Room, 1 King Bed (Burj Khalifa View) (1 King Bed) Package Rate",,,,,,2026-08-12 10:11:05,2026-08-12 10:11:05,
1529,,612,"Suite, 1 Bedroom (1 King Bed) Package Rate",,,,,,2026-08-12 10:11:05,2026-08-12 10:11:05,
1530,,616,Apartment Executive,,,,,,2026-08-12 10:12:55,2026-08-12 10:12:55,
1531,,616,Apartment Deluxe,,,,,,2026-08-12 10:12:55,2026-08-12 10:12:55,
1532,,616,Three Bedroom Deluxe Room,,,,,,2026-08-12 10:12:55,2026-08-12 10:12:55,
1533,,602,Deluxe Studio With Free Beach Transfer And 15% Fb Discount,,,https://cdn.bookmepk.com/sky/assets/images/hotels/rooms/521df2c57a4531d6d7968197261f1f81.jpg,,,2026-08-12 10:15:00,2026-08-12 11:26:08,398
1534,,602,Deluxe One Bedroom Apartment With Free Beach Transfer And 15% F B Discount,,,,,,2026-08-12 10:15:00,2026-08-12 10:15:00,
1535,,602,Premier One Bedroom Apartment With Free Beach Transfer 15% Fb Discount,,,,,,2026-08-12 10:15:00,2026-08-12 10:15:00,
1536,,602,Two Bedroom Deluxe City View Apartment With Free Beach Transfer And 15% Fb Discount.,,,,,,2026-08-12 10:15:01,2026-08-12 10:15:01,
1537,,603,Twin/Double Room Superior City View,,,,,,2026-08-12 10:15:02,2026-08-12 10:15:02,
1538,,603,Twin/Double Room Superior Pool View,,,,,,2026-08-12 10:15:02,2026-08-12 10:15:02,
1539,,603,De Luxe City View,,,,,,2026-08-12 10:15:02,2026-08-12 10:15:02,
1540,,603,Room Superior With Views,,,,,,2026-08-12 10:15:02,2026-08-12 10:15:02,
1541,,603,Room Superior City View Room,,,,,,2026-08-12 10:15:02,2026-08-12 10:15:02,
1542,,603,Suite Superior,,,,,,2026-08-12 10:15:02,2026-08-12 10:15:02,
1543,,603,Superior Double Room With Pool View (Twin Beds),,,,,,2026-08-12 10:15:02,2026-08-12 10:15:02,
1544,,603,Suite Luxury,,,,,,2026-08-12 10:15:02,2026-08-12 10:15:02,
1545,,608,"Fairmont Heritage Room, 1 King Bed (1 King Bed) Package Rate",,,,,,2026-08-12 10:15:03,2026-08-12 10:15:03,
1546,,608,"Fairmont Heritage Room, 1 King Bed, Partial Sea View (1 King Bed) Package Rate",,,,,,2026-08-12 10:15:03,2026-08-12 10:15:03,
1547,,608,"Deluxe Room, 1 King Bed, Sea View (1 King Bed) Package Rate",,,,,,2026-08-12 10:15:03,2026-08-12 10:15:03,
1548,,608,"Fairmont Heritage Room, 2 Queen Beds, Partial Sea View (2 Queen Beds) Package Rate",,,,,,2026-08-12 10:15:03,2026-08-12 10:15:03,
1549,,613,"Superior King Room, Free Beach Club Access In Palm Jumeirah Non Refundable",,,,,,2026-08-12 10:15:04,2026-08-12 10:15:04,
1550,,613,"Superior Twin Room, Free Beach Club Access In Palm Jumeirah Non Refundable",,,,,,2026-08-12 10:15:04,2026-08-12 10:15:04,
1551,,613,"Superior King Room, Lake View, Free Beach Club Access In Palm Jumeirah Non Refundable",,,,,,2026-08-12 10:15:04,2026-08-12 10:15:04,
1552,,613,"Junior Suite, Lake View, Free Beach Access In Palm Jumeirah Non Refundable",,,,,,2026-08-12 10:15:04,2026-08-12 10:15:04,
1553,,613,"Premium One Bedroom Suite, Free Beach Access In Palm Jumeirah Non Refundable",,,,,,2026-08-12 10:15:04,2026-08-12 10:15:04,
1554,,611,"One Bedroom Suite King&#Xd;
",,,,,,2026-08-12 10:15:04,2026-08-12 10:15:04,
1555,,616,1 Bedroom Deluxe Apartment,,,,,,2026-08-12 10:15:05,2026-08-12 10:15:05,
1556,,616,Apartment Apartment Deluxe One Bedroom,,,,,,2026-08-12 10:15:05,2026-08-12 10:15:05,
1557,,616,Apartment Apartment Deluxe Two Bedroom,,,,,,2026-08-12 10:15:05,2026-08-12 10:15:05,
1558,,621,One Bedroom Apartment,,,,,,2026-08-12 10:15:06,2026-08-12 10:15:06,
1559,,635,3 Bedroom Apartment,,,,,,2026-08-12 10:15:08,2026-08-12 10:15:08,
1560,,627,Room Deluxe Sea View,,,,,,2026-08-12 10:15:08,2026-08-12 10:15:08,
1561,,635,Three Bedroom Apartment Skyline View King Double And Twin,,,,,,2026-08-12 10:15:08,2026-08-12 10:15:08,
1562,,627,Executive Room,,,,,,2026-08-12 10:15:08,2026-08-12 10:15:08,
1563,,627,"Deluxe Suite, 1 King Bed, Corner",,,,,,2026-08-12 10:15:08,2026-08-12 10:15:08,
1564,,649,King Deluxe Skyline Sea View,,,,,,2026-08-12 10:15:11,2026-08-12 10:15:11,
1565,,649,"Superior Room, 1 King Bed, Accessible, Balcony",,,,,,2026-08-12 10:15:11,2026-08-12 10:15:11,
1566,,649,"Deluxe Room, 1 King Bed, Balcony, Sea View (1 King Bed) Package Rate",,,,,,2026-08-12 10:15:11,2026-08-12 10:15:11,
1567,,649,"Superior Room, 1 King Bed, Accessible, Balcony (1 King Bed) Package Rate",,,,,,2026-08-12 10:15:11,2026-08-12 10:15:11,
1568,,649,King Deluxe Palm Sea View,,,,,,2026-08-12 10:15:11,2026-08-12 10:15:11,
1569,,649,Queen Deluxe Skyline Sea View,,,,,,2026-08-12 10:15:11,2026-08-12 10:15:11,
1570,,649,Queen Deluxe Palm Sea View,,,,,,2026-08-12 10:15:11,2026-08-12 10:15:11,
1571,,649,Pearl Club Sea View Queen Room,,,,,,2026-08-12 10:15:11,2026-08-12 10:15:11,
1572,,649,"Family Room, Connected",,,,,,2026-08-12 10:15:11,2026-08-12 10:15:11,
1573,,649,Family Skyline View Room,,,,,,2026-08-12 10:15:11,2026-08-12 10:15:11,
1574,,649,Family Palm View Room,,,,,,2026-08-12 10:15:11,2026-08-12 10:15:11,
1575,,649,Pearl Club Sea View Family Room,,,,,,2026-08-12 10:15:11,2026-08-12 10:15:11,
1576,,649,Two Bedroom Family Deluxe Suite,,,,,,2026-08-12 10:15:11,2026-08-12 10:15:11,
1577,,647,"Suite, One Bedroom",,,,,,2026-08-12 10:15:11,2026-08-12 10:15:11,
1578,,649,Pearl Club Sea View Two Bedroom Family Suite,,,,,,2026-08-12 10:15:11,2026-08-12 10:15:11,
1579,,647,"Family Suite, 1 Bedroom, Balcony",,,,,,2026-08-12 10:15:11,2026-08-12 10:15:11,
1580,,647,1 Bedroom Suite With Kitchen City View,,,,,,2026-08-12 10:15:11,2026-08-12 10:15:11,
1581,,649,Waldorf Astoria Family Suite,,,,,,2026-08-12 10:15:11,2026-08-12 10:15:11,
1582,,647,2 Bedroom Suite City View,,,,,,2026-08-12 10:15:11,2026-08-12 10:15:11,
1583,,652,1 Bed Apartment Twin,,,,,,2026-08-12 10:15:12,2026-08-12 10:15:12,
1584,,652,Apartment 1 Br Apartment Twin,,,,,,2026-08-12 10:15:12,2026-08-12 10:15:12,
1585,,652,One Bedroom Apartment,,,,,,2026-08-12 10:15:12,2026-08-12 10:15:12,
1586,,652,1 Br Apartment Twin,,,,,,2026-08-12 10:15:12,2026-08-12 10:15:12,
1587,,652,1 Br Apartment King,,,,,,2026-08-12 10:15:12,2026-08-12 10:15:12,
1588,,652,1 Br Apartment Burj Khalifa View King Andamp; Twin,,,,,,2026-08-12 10:15:12,2026-08-12 10:15:12,
1589,,652,Suite Executive,,,,,,2026-08-12 10:15:12,2026-08-12 10:15:12,
1590,,652,Suite Executive Burj Khalifa View,,,,,,2026-08-12 10:15:12,2026-08-12 10:15:12,
1591,,652,Executive Suite Burj Khalifa View,,,,,,2026-08-12 10:15:12,2026-08-12 10:15:12,
1592,,652,2 Bed Apartment,,,,,,2026-08-12 10:15:12,2026-08-12 10:15:12,
1593,,652,Apartment Twin,,,,,,2026-08-12 10:15:12,2026-08-12 10:15:12,
1594,,652,2 Bedroom Apartment,,,,,,2026-08-12 10:15:12,2026-08-12 10:15:12,
1595,,652,2 Bed Apartment Burj View,,,,,,2026-08-12 10:15:12,2026-08-12 10:15:12,
1596,,652,Apartment 2 Bedrooms Burj Khalifa View,,,,,,2026-08-12 10:15:12,2026-08-12 10:15:12,
1597,,652,2 Bedroom City View,,,,,,2026-08-12 10:15:13,2026-08-12 10:15:13,
1598,,652,Two Bedroom Apartment Suite,,,,,,2026-08-12 10:15:13,2026-08-12 10:15:13,
1599,,652,Apartment 2 Br Apartment Burj Khalifa View 1 King And 1 Twin,,,,,,2026-08-12 10:15:13,2026-08-12 10:15:13,
1600,,652,Two Bedroom Apartment Suite With Burj Khalifa View,,,,,,2026-08-12 10:15:13,2026-08-12 10:15:13,
1601,,661,Standard,,,,,,2026-08-12 10:15:14,2026-08-12 10:15:14,
1602,,606,Deluxe Room With Balcony And Sea View,,,,,,2026-08-12 10:15:17,2026-08-12 10:15:17,
1603,,606,Room 2 Queen Beds Partial Sea View,,,,,,2026-08-12 10:15:17,2026-08-12 10:15:17,
1604,,606,Room 1 King Bed Partial Sea View,,,,,,2026-08-12 10:15:17,2026-08-12 10:15:17,
1605,,606,Deluxe Room 1 King Bed Balcony Sea View,,,,,,2026-08-12 10:15:17,2026-08-12 10:15:17,
1606,,606,Deluxe Room 1 King Bed Sea View,,,,,,2026-08-12 10:15:17,2026-08-12 10:15:17,
1607,,606,Room 2 Queen Beds Sea View,,,,,,2026-08-12 10:15:17,2026-08-12 10:15:17,
1608,,606,Executive Room 1 King Bed Sea View,,,,,,2026-08-12 10:15:17,2026-08-12 10:15:17,
1609,,606,Executive Suite 1 King Bed Sea View,,,,,,2026-08-12 10:15:17,2026-08-12 10:15:17,
1610,,603,Single Room Superior City View,,,,,,2026-08-12 10:15:18,2026-08-12 10:15:18,
1611,,603,Single Room Superior Pool View,,,,,,2026-08-12 10:15:18,2026-08-12 10:15:18,
1612,,603,01A Superior City View Room,,,,,,2026-08-12 10:15:18,2026-08-12 10:15:18,
1613,,603,Single Room De Luxe Pool View,,,,,,2026-08-12 10:15:18,2026-08-12 10:15:18,
1614,,603,02A Superior Pool View Room,,,,,,2026-08-12 10:15:18,2026-08-12 10:15:18,
1615,,603,07A Deluxe Suite,,,,,,2026-08-12 10:15:18,2026-08-12 10:15:18,
1616,,603,08A Luxury Suite,,,,,,2026-08-12 10:15:18,2026-08-12 10:15:18,
1617,,616,Room Superior,,,,,,2026-08-12 10:15:20,2026-08-12 10:15:20,
1618,,616,Superior ( Double),,,,,,2026-08-12 10:15:20,2026-08-12 10:15:20,
1619,,616,Superior Twin/Double,,,,,,2026-08-12 10:15:20,2026-08-12 10:15:20,
1620,,616,Apartment Deluxe One Bedroom,,,,,,2026-08-12 10:15:20,2026-08-12 10:15:20,
1621,,613,"Superior Twin Room, 2 Twin Beds",,,,,,2026-08-12 10:15:20,2026-08-12 10:15:20,
1622,,613,"Superior Room, 1 King Bed (Free Beach Access)",,,,,,2026-08-12 10:15:20,2026-08-12 10:15:20,
1623,,616,Apartment Executive King Bed,,,,,,2026-08-12 10:15:20,2026-08-12 10:15:20,
1624,,616,Apartment Deluxe Two Bedroom,,,,,,2026-08-12 10:15:20,2026-08-12 10:15:20,
1625,,613,"Superior, King Bed",,,,,,2026-08-12 10:15:20,2026-08-12 10:15:20,
1626,,616,Room Deluxe Three Bedroom,,,,,,2026-08-12 10:15:20,2026-08-12 10:15:20,
1627,,613,"Superior Room, 1 King Bed, Lake View (Free Beach Access)",,,,,,2026-08-12 10:15:20,2026-08-12 10:15:20,
1628,,613,"Superior, King Bed, Lake View",,,,,,2026-08-12 10:15:20,2026-08-12 10:15:20,
1629,,613,"Superior, Twin Beds, Lake View",,,,,,2026-08-12 10:15:20,2026-08-12 10:15:20,
1630,,613,"Junior Suite, Lake View",,,,,,2026-08-12 10:15:20,2026-08-12 10:15:20,
1631,,613,"Premium Suite, 1 King Bed (Free Beach Access)",,,,,,2026-08-12 10:15:20,2026-08-12 10:15:20,
1632,,627,Single Room Sea View,,,,,,2026-08-12 10:15:24,2026-08-12 10:15:24,
1633,,634,Deluxe Single Room With 20% Discount On Fandb,,,,,,2026-08-12 10:15:25,2026-08-12 10:15:25,
1634,,637,Standard Single Room,,,,,,2026-08-12 10:15:26,2026-08-12 10:15:26,
1635,,635,"Apartment, 1 Bedroom",,,,,,2026-08-12 10:15:26,2026-08-12 10:15:26,
1636,,635,One Bedroom Apartment,,,,,,2026-08-12 10:15:26,2026-08-12 10:15:26,
1637,,635,"Apartment, 1 Bedroom (View)",,,,,,2026-08-12 10:15:26,2026-08-12 10:15:26,
1638,,635,"One Bedroom Apartment, Burj Khalifa And Skyline View",,,,,,2026-08-12 10:15:26,2026-08-12 10:15:26,
1639,,635,"Apartment, 2 Bedrooms",,,,,,2026-08-12 10:15:26,2026-08-12 10:15:26,
1640,,635,Two Bedroom Apartment,,,,,,2026-08-12 10:15:26,2026-08-12 10:15:26,
1641,,635,"Two Bedroom Apartment, Burj Khalifa And Skyline View",,,,,,2026-08-12 10:15:26,2026-08-12 10:15:26,
1642,,635,"Apartment, 3 Bedrooms (Free Shuttle To La Mer And Dubai Mall)",,,,,,2026-08-12 10:15:26,2026-08-12 10:15:26,
1643,,635,Three Bedroom Apartment,,,,,,2026-08-12 10:15:26,2026-08-12 10:15:26,
1644,,635,"Apartment, 3 Bedrooms (View)",,,,,,2026-08-12 10:15:26,2026-08-12 10:15:26,
1645,,644,Superior Double Or Twin Room,,,,,,2026-08-12 10:15:30,2026-08-12 10:15:30,
1646,,644,Deluxe Double Or Twin Room,,,,,,2026-08-12 10:15:30,2026-08-12 10:15:30,
1647,,652,Deluxe King Room,,,,,,2026-08-12 10:15:31,2026-08-12 10:15:31,
1648,,652,Deluxe King Room Burj Khalifa View,,,,,,2026-08-12 10:15:31,2026-08-12 10:15:31,
1649,,652,One Bedroom King Suite Apartment,,,,,,2026-08-12 10:15:31,2026-08-12 10:15:31,
1650,,652,One Bedroom Twin Suite Apartment,,,,,,2026-08-12 10:15:31,2026-08-12 10:15:31,
1651,,652,"Apartment, 1 Twin Bed",,,,,,2026-08-12 10:15:31,2026-08-12 10:15:31,
1652,,652,One Bedroom Apartment Burj Khalifa View King,,,,,,2026-08-12 10:15:31,2026-08-12 10:15:31,
1653,,652,Suite Suite Executive,,,,,,2026-08-12 10:15:32,2026-08-12 10:15:32,
1654,,652,Two Bed Room Apartment King & Twin,,,,,,2026-08-12 10:15:32,2026-08-12 10:15:32,
1655,,652,"Apartment, 2 Bedrooms",,,,,,2026-08-12 10:15:32,2026-08-12 10:15:32,
1656,,661,Standard Room King/Twin,,,,,,2026-08-12 10:15:32,2026-08-12 10:15:32,
1657,,652,Two Bed Room Apartment Burj Khalifa View 02 King,,,,,,2026-08-12 10:15:32,2026-08-12 10:15:32,
1658,,652,Two Bed Room Apartment Burj Khalifa View 01 King & 01 Twin,,,,,,2026-08-12 10:15:32,2026-08-12 10:15:32,
1659,,661,Deluxe Double King,,,,,,2026-08-12 10:15:32,2026-08-12 10:15:32,
1660,,661,Deluxe Triple,,,,,,2026-08-12 10:15:32,2026-08-12 10:15:32,
1661,,652,Suite Executive Suite Burj Khalifa View,,,,,,2026-08-12 10:15:32,2026-08-12 10:15:32,
1662,,604,Standard Room Residence (1/2 Adults:max 2),,,https://cdn.bookmepk.com/sky/assets/images/hotels/rooms/0cd4cf084a66a642f8ceded545ebac66.jpg,,,2026-08-12 10:15:37,2026-08-12 11:27:28,409
1663,,604,Standard Room Double,,,https://cdn.bookmepk.com/sky/assets/images/hotels/rooms/0cd4cf084a66a642f8ceded545ebac66.jpg,,,2026-08-12 10:15:37,2026-08-12 11:27:29,409
1664,,604,"Deluxe Lagoon Access Room Direct Lagoon Access, Private Terrace, Spacious Layout",,,https://cdn.bookmepk.com/sky/assets/images/hotels/rooms/3abf942707721cec1ebfbf963589b7c8.jpg,,,2026-08-12 10:15:37,2026-08-12 11:27:31,560
1665,,606,Deluxe Room 2 Queen Beds,,,,,,2026-08-12 10:15:38,2026-08-12 10:15:38,
1666,,606,Deluxe Room 1 King Bed,,,,,,2026-08-12 10:15:38,2026-08-12 10:15:38,
1667,,606,Deluxe Twin Room Accessible,,,,,,2026-08-12 10:15:38,2026-08-12 10:15:38,
1668,,606,"Deluxe Room, 2 Queen Beds, Balcony, Sea View",,,,,,2026-08-12 10:15:38,2026-08-12 10:15:38,
1669,,606,Deluxe Room 2 Queen Beds Balcony Sea View,,,,,,2026-08-12 10:15:38,2026-08-12 10:15:38,
1670,,616,Superior Double Room,,,,,,2026-08-12 10:15:40,2026-08-12 10:15:40,
1671,,616,Executive One Bedroom Apartment,,,,,,2026-08-12 10:15:40,2026-08-12 10:15:40,
1672,,616,Deluxe Three Bedroom Apartment,,,,,,2026-08-12 10:15:40,2026-08-12 10:15:40,
1673,,621,Studio Standard,,,,,,2026-08-12 10:15:41,2026-08-12 10:15:41,
1674,,621,Three Bedroom Apartment.,,,,,,2026-08-12 10:15:41,2026-08-12 10:15:41,
1675,,613,"Junior Suite, 1 King Bed, Lake View (Free Beach Access)",,,,,,2026-08-12 10:15:42,2026-08-12 10:15:42,
1676,,626,"Standard Apartment, 1 Bedroom",,,,,,2026-08-12 10:15:43,2026-08-12 10:15:43,
1677,,626,"Deluxe Apartment, 1 Bedroom",,,,,,2026-08-12 10:15:43,2026-08-12 10:15:43,
1678,,626,"Apartment, 2 Bedrooms",,,,,,2026-08-12 10:15:43,2026-08-12 10:15:43,
1679,,626,"Deluxe Apartment, 2 Bedrooms",,,,,,2026-08-12 10:15:43,2026-08-12 10:15:43,
1680,,626,"Apartment, 3 Bedrooms",,,,,,2026-08-12 10:15:43,2026-08-12 10:15:43,
1681,,627,Deluxe King Room,,,,,,2026-08-12 10:15:44,2026-08-12 10:15:44,
1682,,627,Deluxe Twin Room,,,,,,2026-08-12 10:15:44,2026-08-12 10:15:44,
1683,,627,Deluxe King Room With Sea View,,,,,,2026-08-12 10:15:44,2026-08-12 10:15:44,
1684,,627,Deluxe Twin Room With Sea View,,,,,,2026-08-12 10:15:44,2026-08-12 10:15:44,
1685,,627,Deluxe King Suite Corner Room,,,,,,2026-08-12 10:15:44,2026-08-12 10:15:44,
1686,,634,Deluxe Double Or Twin Room,,,,,,2026-08-12 10:15:46,2026-08-12 10:15:46,
1687,,647,2 Bedroom Suite With Kitchen City View,,,,,,2026-08-12 10:15:49,2026-08-12 10:15:49,
1688,,649,Superior King Room Disability Access,,,,,,2026-08-12 10:15:49,2026-08-12 10:15:49,
1689,,649,Superior Accessible Room,,,,,,2026-08-12 10:15:49,2026-08-12 10:15:49,
1690,,649,Room Disabled Adapted,,,,,,2026-08-12 10:15:50,2026-08-12 10:15:50,
1691,,652,Deluxe Room With 1 King Bed,,,,,,2026-08-12 10:15:50,2026-08-12 10:15:50,
1692,,652,1 Twin Bed Apartment,,,,,,2026-08-12 10:15:51,2026-08-12 10:15:51,
1693,,652,1 King Bed Apartment,,,,,,2026-08-12 10:15:51,2026-08-12 10:15:51,
1694,,652,Two Bed Room Apartment King And Twin,,,,,,2026-08-12 10:15:51,2026-08-12 10:15:51,
1695,,652,2 Bedrooms Apartment,,,,,,2026-08-12 10:15:51,2026-08-12 10:15:51,
1696,,652,2 Br Apartment King And Twin,,,,,,2026-08-12 10:15:51,2026-08-12 10:15:51,
1697,,652,2 Br Apartment Burj Khalifa View 1 King And 1 Twin,,,,,,2026-08-12 10:15:51,2026-08-12 10:15:51,
1698,,608,"Apartment, 2 Bedrooms",,,,,,2026-08-12 10:15:56,2026-08-12 10:15:56,
1699,,612,"Deluxe Room, 2 Twin Beds, Sea View (2 Twin Beds) Package Rate",,,,,,2026-08-12 10:15:56,2026-08-12 10:15:56,
1700,,605,Standard Single Room,,,,,,2026-08-12 10:15:56,2026-08-12 10:15:56,
1701,,626,One Bedroom Apartment,,,,,,2026-08-12 10:16:01,2026-08-12 10:16:01,
1702,,626,One Bedroom Deluxe Apartment,,,,,,2026-08-12 10:16:01,2026-08-12 10:16:01,
1703,,626,Standard Two Bedroom Apartment,,,,,,2026-08-12 10:16:01,2026-08-12 10:16:01,
1704,,626,Deluxe Two Bedroom Apartment,,,,,,2026-08-12 10:16:01,2026-08-12 10:16:01,
1705,,626,Standard Three Bedroom Apartment,,,,,,2026-08-12 10:16:01,2026-08-12 10:16:01,
1706,,651,Double Room,,,,,,2026-08-12 10:16:06,2026-08-12 10:16:06,
1707,,651,Twin Room,,,,,,2026-08-12 10:16:07,2026-08-12 10:16:07,
1708,,649,Accessible Superior King Room,,,,,,2026-08-12 10:16:07,2026-08-12 10:16:07,
1709,,649,Two Queen Pearl Club Room With Sea View,,,,,,2026-08-12 10:16:07,2026-08-12 10:16:07,
1710,,604,Deluxe Double Room With Lagoon View (Full Double Bed) (Bed Type Is Subject To Availability),,,https://cdn.bookmepk.com/sky/assets/images/hotels/rooms/22a5c8a1a7a53c724b467e4e2c78539c.jpg,,,2026-08-12 11:17:22,2026-08-12 11:32:56,560
1711,,604,Apartment Standard Standard,,,,,,2026-08-12 11:17:35,2026-08-12 11:17:35,
1712,,604,Standard Room Breakfast For Adults Only,,,https://cdn.bookmepk.com/sky/assets/images/hotels/rooms/0cd4cf084a66a642f8ceded545ebac66.jpg,,,2026-08-12 11:17:35,2026-08-12 11:26:59,409
1713,,604,Standard Double Room Residence,,,https://cdn.bookmepk.com/sky/assets/images/hotels/rooms/0cd4cf084a66a642f8ceded545ebac66.jpg,,,2026-08-12 11:17:35,2026-08-12 11:27:30,409
1714,,604,Apartment Standard Standard Breakfast For Adults Only,,,,,,2026-08-12 11:17:35,2026-08-12 11:17:35,
1715,,604,"Premier Room, Lagoon View",,,https://cdn.bookmepk.com/sky/assets/images/hotels/rooms/0e6d8906d401e2c65624e98bead03db6.jpg,,,2026-08-12 11:17:35,2026-08-12 11:27:04,506
1716,,604,Premier Lagoon View Room(1 Double Bed),,,https://cdn.bookmepk.com/sky/assets/images/hotels/rooms/0e6d8906d401e2c65624e98bead03db6.jpg,,,2026-08-12 11:17:35,2026-08-12 11:27:03,506
1717,,604,"Premier Room, Lagoon View Breakfast For Adults Only",,,https://cdn.bookmepk.com/sky/assets/images/hotels/rooms/0e6d8906d401e2c65624e98bead03db6.jpg,,,2026-08-12 11:17:35,2026-08-12 11:27:05,506
1718,,604,Premier Lagoon View Room(1 Double Bed) Breakfast For Adults Only,,,https://cdn.bookmepk.com/sky/assets/images/hotels/rooms/0e6d8906d401e2c65624e98bead03db6.jpg,,,2026-08-12 11:17:35,2026-08-12 11:27:06,506
1719,,604,One Bedroom Apartment Breakfast For Adults Only,,,https://cdn.bookmepk.com/sky/assets/images/hotels/rooms/5c274aab2e9569ecf37a79655d0280bd.jpg,,,2026-08-12 11:17:36,2026-08-12 11:27:05,1152
1720,,604,Double Premier,,,,,,2026-08-12 11:17:36,2026-08-12 11:17:36,
1721,,604,Lotus Lagoon View Room Adults Only Breakfast For Adults Only,,,https://cdn.bookmepk.com/sky/assets/images/hotels/rooms/f7fd7d787a532642d9733344c5fcef4e.jpg,,,2026-08-12 11:17:36,2026-08-12 11:27:10,506
1722,,604,"Deluxe Room, Lagoon View",,,https://cdn.bookmepk.com/sky/assets/images/hotels/rooms/22a5c8a1a7a53c724b467e4e2c78539c.jpg,,,2026-08-12 11:17:36,2026-08-12 11:27:10,560
1723,,604,"Deluxe Room, Lagoon View Breakfast For Adults Only",,,https://cdn.bookmepk.com/sky/assets/images/hotels/rooms/22a5c8a1a7a53c724b467e4e2c78539c.jpg,,,2026-08-12 11:17:36,2026-08-12 11:27:11,560
1724,,604,Double Or Twin Deluxe,,,,,,2026-08-12 11:17:36,2026-08-12 11:17:36,
1725,,604,Lotus Lagoon View Room Adults Only(1 Double Bed),,,https://cdn.bookmepk.com/sky/assets/images/hotels/rooms/f7fd7d787a532642d9733344c5fcef4e.jpg,,,2026-08-12 11:17:36,2026-08-12 11:27:12,506
1726,,604,Double Or Twin Deluxe Breakfast For Adults Only,,,,,,2026-08-12 11:17:36,2026-08-12 11:17:36,
1727,,604,Premier Lagoon Access Room With Room Only For 10 Adults,,,https://cdn.bookmepk.com/sky/assets/images/hotels/rooms/eb0ab19d04ebd314326b9b2b51457e98.jpg,,,2026-08-12 11:17:36,2026-08-12 11:27:14,506
1728,,604,Deluxe Lagoon View Room(1 Double Bed),,,https://cdn.bookmepk.com/sky/assets/images/hotels/rooms/22a5c8a1a7a53c724b467e4e2c78539c.jpg,,,2026-08-12 11:17:36,2026-08-12 11:27:31,560
1729,,604,Premier Lagoon Access Breakfast For Adults Only,,,https://cdn.bookmepk.com/sky/assets/images/hotels/rooms/eb0ab19d04ebd314326b9b2b51457e98.jpg,,,2026-08-12 11:17:36,2026-08-12 11:27:16,506
1730,,604,"Deluxe Lagoon Access Room Direct Lagoon Access, Private Terrace, Spacious Layout 1 King Bed Non Refundable",,,https://cdn.bookmepk.com/sky/assets/images/hotels/rooms/3abf942707721cec1ebfbf963589b7c8.jpg,,,2026-08-12 11:17:36,2026-08-12 11:27:31,560
1731,,604,"Deluxe Lagoon Access Room Direct Lagoon Access, Private Terrace, Spacious Layout 2 Twin Beds Non Refundable",,,https://cdn.bookmepk.com/sky/assets/images/hotels/rooms/3abf942707721cec1ebfbf963589b7c8.jpg,,,2026-08-12 11:17:36,2026-08-12 11:27:32,560
1732,,604,"Lotus Lagoon Access Room Adults Only, Direct Lagoon Access, Private Terrace, Adults Only Swimming 1 Twin Bed Non Refundable",,,https://cdn.bookmepk.com/sky/assets/images/hotels/rooms/80759e168710d9c454fd484a15febc97.jpg,,,2026-08-12 11:17:36,2026-08-12 11:27:32,506
1733,,604,"Lotus Lagoon Access Room Adults Only, Direct Lagoon Access, Private Terrace, Adults Only Swimming 1 King Bed Non Refundable",,,https://cdn.bookmepk.com/sky/assets/images/hotels/rooms/80759e168710d9c454fd484a15febc97.jpg,,,2026-08-12 11:17:36,2026-08-12 11:27:33,506
1734,,604,Deluxe Lagoon Access Breakfast For Adults Only,,,https://cdn.bookmepk.com/sky/assets/images/hotels/rooms/3abf942707721cec1ebfbf963589b7c8.jpg,,,2026-08-12 11:17:36,2026-08-12 11:27:21,560
1735,,604,Lotus Lagoon Access Room Adults Only Breakfast For Adults Only,,,https://cdn.bookmepk.com/sky/assets/images/hotels/rooms/80759e168710d9c454fd484a15febc97.jpg,,,2026-08-12 11:17:36,2026-08-12 11:27:22,506
1736,,604,"Two Bedroom Apartment Separate Living Room, Fully Equipped Kitchen, Dining Area 1 Double Bed Non Refundable",,,https://cdn.bookmepk.com/sky/assets/images/hotels/rooms/5940323e8e2e6c327f7a3133a8c8991c.jpg,,,2026-08-12 11:17:36,2026-08-12 11:27:33,1765
1737,,604,Two Bedroom Apartment Breakfast For Adults Only,,,https://cdn.bookmepk.com/sky/assets/images/hotels/rooms/5940323e8e2e6c327f7a3133a8c8991c.jpg,,,2026-08-12 11:17:36,2026-08-12 11:27:22,1765
1738,,604,"One Bedroom Over Water Villa, Overwater Location, Sea View, Private Terrace 1 King Bed Non Refundable",,,https://cdn.bookmepk.com/sky/assets/images/hotels/rooms/892f6f2acc907f0336379d8d28b143cf.jpg,,,2026-08-12 11:17:37,2026-08-12 11:27:33,1141
1739,,604,One Bedroom Over Water Villa Breakfast For Adults Only,,,https://cdn.bookmepk.com/sky/assets/images/hotels/rooms/892f6f2acc907f0336379d8d28b143cf.jpg,,,2026-08-12 11:17:37,2026-08-12 11:27:24,1141
1740,,604,"One Bedroom Beach Pool Villa Private Pool, Sea View, Beachfront Location, Private Terrace 1 King Bed Non Refundable",,,https://cdn.bookmepk.com/sky/assets/images/hotels/rooms/5536c606f4eb67ccb774542ddfeb5572.jpg,,,2026-08-12 11:17:37,2026-08-12 11:27:34,915
1741,,604,One Bedroom Beach Pool Villa Breakfast For Adults Only,,,https://cdn.bookmepk.com/sky/assets/images/hotels/rooms/5536c606f4eb67ccb774542ddfeb5572.jpg,,,2026-08-12 11:17:37,2026-08-12 11:27:26,915
1742,,605,King Junior Suite With Sea View Balcony Non Refundable,,,,,,2026-08-12 11:17:55,2026-08-12 11:17:55,
1743,,605,King Duplex Suite Non Refundable,,,,,,2026-08-12 11:17:55,2026-08-12 11:17:55,
1744,,605,Duplex King Suite,,,,,,2026-08-12 11:17:55,2026-08-12 11:17:55,
1745,,605,4 Bedroom Family Suite With Balcony Non Refundable,,,,,,2026-08-12 11:17:55,2026-08-12 11:17:55,
1746,,605,4 Bedroom Family Suite W/ Sea View Balcony,,,,,,2026-08-12 11:17:55,2026-08-12 11:17:55,
1747,,605,4 Bedroom Family Suite W/ Sea View Balcony Non Refundable,,,,,,2026-08-12 11:17:55,2026-08-12 11:17:55,
1748,,605,4 Bedroom Royal Suite With Sea View,,,,,,2026-08-12 11:17:56,2026-08-12 11:17:56,
1749,,605,4 Bedroom Royal Suite With Sea View Non Refundable,,,,,,2026-08-12 11:17:56,2026-08-12 11:17:56,
1750,,604,Lotus Lagoon View Room Adults Only(1 Double Bed) Breakfast For Adults Only,,,https://cdn.bookmepk.com/sky/assets/images/hotels/rooms/f7fd7d787a532642d9733344c5fcef4e.jpg,,,2026-08-12 11:18:00,2026-08-12 11:27:13,506
1751,,604,Deluxe Lagoon Access Room(1 Double Bed),,,,,,2026-08-12 11:18:01,2026-08-12 11:18:01,
1752,,604,Deluxe Lagoon Access Room(1 Double Bed) Breakfast For Adults Only,,,,,,2026-08-12 11:18:01,2026-08-12 11:18:01,
1753,,602,Deluxe One Bedroom Apartment With Free Beach Transfer And 15% F Andb Discount,,,,,,2026-08-12 11:18:04,2026-08-12 11:18:04,
1754,,602,Deluxe One Bedroom Apartment With Free Beach Transfer And 15% F Andb Discount 1 Double Bed,,,,,,2026-08-12 11:18:04,2026-08-12 11:18:04,
1755,,602,Premier One Bedroom Apartment With Free Beach Transfer 15% Fandb Discount,,,,,,2026-08-12 11:18:04,2026-08-12 11:18:04,
1756,,602,Two Bedroom Deluxe City View Apartment With Free Beach Transfer And 15% Fandb Discount.,,,,,,2026-08-12 11:18:04,2026-08-12 11:18:04,
1757,,602,Two Bedroom Deluxe City View Apartment With Free Beach Transfer And 15% Fandb Discount 2 Double Beds And 1 Twin Bed,,,,,,2026-08-12 11:18:04,2026-08-12 11:18:04,
1758,,604,Standard Residence Twin,,,https://cdn.bookmepk.com/sky/assets/images/hotels/rooms/0cd4cf084a66a642f8ceded545ebac66.jpg,,,2026-08-12 11:18:06,2026-08-12 12:40:54,409
1759,,604,Standard Residence Double,,,https://cdn.bookmepk.com/sky/assets/images/hotels/rooms/0cd4cf084a66a642f8ceded545ebac66.jpg,,,2026-08-12 11:18:06,2026-08-12 12:40:53,409
1760,,604,Premier Lagoon View Twin,,,https://cdn.bookmepk.com/sky/assets/images/hotels/rooms/0e6d8906d401e2c65624e98bead03db6.jpg,,,2026-08-12 11:18:06,2026-08-12 12:40:56,506
1761,,604,Premier Lagoon View Double,,,https://cdn.bookmepk.com/sky/assets/images/hotels/rooms/0e6d8906d401e2c65624e98bead03db6.jpg,,,2026-08-12 11:18:06,2026-08-12 12:40:55,506
1762,,604,Deluxe Lagoon View Special Offer,,,,,,2026-08-12 11:18:06,2026-08-12 11:18:06,
1763,,604,Premier Lagoon Access Special Offer,,,,,,2026-08-12 11:18:07,2026-08-12 11:18:07,
1764,,605,Junior King Suite With Balcony And Sea View,,,,,,2026-08-12 11:18:07,2026-08-12 11:18:07,
1765,,604,Standard Room Single,,,https://cdn.bookmepk.com/sky/assets/images/hotels/rooms/0cd4cf084a66a642f8ceded545ebac66.jpg,,,2026-08-12 11:20:40,2026-08-12 11:32:55,409
1766,,604,Premier Lagoon View Free Hb Offer,,,,,,2026-08-12 11:21:24,2026-08-12 11:21:24,
1767,,604,Deluxe Lagoon View Free Hb Offer,,,,,,2026-08-12 11:21:24,2026-08-12 11:21:24,
1768,,604,Standard Room Free Hb Offer,,,,,,2026-08-12 11:21:24,2026-08-12 11:21:24,
1769,,604,One Bedroom Apartment Free Hb Offer,,,,,,2026-08-12 11:21:24,2026-08-12 11:21:24,
1770,,604,"Lotus Lagoon Access Room Adults Only, Direct Lagoon Access, Private Terrace, Adults Only Swimming",,,https://cdn.bookmepk.com/sky/assets/images/hotels/rooms/80759e168710d9c454fd484a15febc97.jpg,,,2026-08-12 11:25:20,2026-08-12 11:27:35,506
1771,0,602,Backfill Test Room Fresh 1786536915.717862,,,https://cdn.example/f.jpg,,,2026-08-12 12:15:16,2026-08-12 12:15:16,250
1772,0,602,Backfill Test Room ZZZ 1786536915.717862,,,https://cdn.example/a.jpg,,,2026-08-12 12:15:17,2026-08-12 12:15:18,431
1773,,606,Deluxe Two Queen Room,,,,,,2026-08-12 12:15:43,2026-08-12 12:15:43,
1774,,606,Deluxe Two Queen Room With Partial Sea View,,,,,,2026-08-12 12:15:43,2026-08-12 12:15:43,
1775,,606,Deluxe Two Queen Room With Ain Dubai And Sea View,,,,,,2026-08-12 12:15:44,2026-08-12 12:15:44,
1776,,606,"Room, 2 Queen Beds, Partial Sea View (2 Queen Beds) Package Rate",,,,,,2026-08-12 12:15:44,2026-08-12 12:15:44,
1777,,606,"Room, 1 King Bed, Partial Sea View (1 King Bed) Package Rate",,,,,,2026-08-12 12:15:44,2026-08-12 12:15:44,
1778,,606,"Room, 2 Queen Beds, Sea View (2 Queen Beds) Package Rate",,,,,,2026-08-12 12:15:44,2026-08-12 12:15:44,
1779,,604,Deluxe Family Lagoon Access Room,,,,,,2026-08-12 12:15:45,2026-08-12 12:15:45,
1780,,608,Fairmont Heritage Room King,,,,,,2026-08-12 12:15:49,2026-08-12 12:15:49,
1781,,608,Fairmont Heritage Room Two Queens,,,,,,2026-08-12 12:15:49,2026-08-12 12:15:49,
1782,,608,Fairmont Heritage Room King Partial Palm Sea View,,,,,,2026-08-12 12:15:49,2026-08-12 12:15:49,
1783,,608,Fairmont Heritage Room Two Queens Partial Palm Sea View,,,,,,2026-08-12 12:15:49,2026-08-12 12:15:49,
1784,,608,Deluxe Room King,,,,,,2026-08-12 12:15:49,2026-08-12 12:15:49,
1785,,606,"Deluxe, Twin Beds, Accessible",,,,,,2026-08-12 12:15:49,2026-08-12 12:15:49,
1786,,608,Fairmont Gold Heritage King,,,,,,2026-08-12 12:15:49,2026-08-12 12:15:49,
1787,,608,One Bedroom Suite,,,,,,2026-08-12 12:15:49,2026-08-12 12:15:49,
1788,,606,"Deluxe Room, 2 Queen Beds (2 Queen Beds) Package Rate",,,,,,2026-08-12 12:15:49,2026-08-12 12:15:49,
1789,,606,"Deluxe Room, 2 Queen Beds, Balcony, Sea View (2 Queen Beds) Package Rate",,,,,,2026-08-12 12:15:49,2026-08-12 12:15:49,
1790,,608,Fairmont Gold Palm Sea View Room Two Queen With Lounge Access,,,,,,2026-08-12 12:15:49,2026-08-12 12:15:49,
1791,,608,Fairmont Gold One Bedroom Suite,,,,,,2026-08-12 12:15:50,2026-08-12 12:15:50,
1792,,608,Two Bedroom Apartment Palm Sea View,,,,,,2026-08-12 12:15:50,2026-08-12 12:15:50,
1793,,606,Deluxe Room With Sea View,,,,,,2026-08-12 12:15:52,2026-08-12 12:15:52,
1794,,606,Deluxe Room 1 King Bed Accessible,,,,,,2026-08-12 12:15:58,2026-08-12 12:15:58,
1795,,606,"Deluxe Queen Room With Two Queen Beds, Sea View And Balcony",,,,,,2026-08-12 12:16:01,2026-08-12 12:16:01,
1796,,608,"Apartment, 1 Bedroom",,,,,,2026-08-12 12:16:01,2026-08-12 12:16:01,
1797,,608,Fairmont Heritage King Non Refundable,,,,,,2026-08-12 12:16:45,2026-08-12 12:16:45,
1798,,608,Fairmont Heritage Double Queen Non Refundable,,,,,,2026-08-12 12:16:45,2026-08-12 12:16:45,
1799,,608,Fairmont Heritage King Partial Palm Sea View Non Refundable,,,,,,2026-08-12 12:16:45,2026-08-12 12:16:45,
1800,,608,Fairmont Heritage Double Queen Partial Palm Sea View Non Refundable,,,,,,2026-08-12 12:16:45,2026-08-12 12:16:45,
1801,,608,Deluxe King Palm Sea View Non Refundable,,,,,,2026-08-12 12:16:45,2026-08-12 12:16:45,
1802,,608,Deluxe Double Queen Palm Sea View Non Refundable,,,,,,2026-08-12 12:16:45,2026-08-12 12:16:45,
1803,,608,"Fairmont Heritage Room, 2 Queen Beds",,,,,,2026-08-12 12:16:45,2026-08-12 12:16:45,
1804,,608,"Deluxe Room, 1 King Bed, Sea View",,,,,,2026-08-12 12:16:45,2026-08-12 12:16:45,
1805,,608,"Deluxe Room, 2 Queen Beds, Sea View",,,,,,2026-08-12 12:16:45,2026-08-12 12:16:45,
1806,,608,Fairmont Gold Heritage King Lounge Access Non Refundable,,,,,,2026-08-12 12:16:45,2026-08-12 12:16:45,
1807,,608,Fairmont Gold Heritage Double Queen Lounge Access Non Refundable,,,,,,2026-08-12 12:16:45,2026-08-12 12:16:45,
1808,,608,Fairmont One Bedroom Suite Palm Sea View Non Refundable,,,,,,2026-08-12 12:16:46,2026-08-12 12:16:46,
1809,,608,Fairmont Gold Double Queen Palm Sea View Lounge Access Non Refundable,,,,,,2026-08-12 12:16:46,2026-08-12 12:16:46,
1810,,608,"Grand Family Heritage Room, 2 King Beds, Balcony Non Refundable",,,,,,2026-08-12 12:16:46,2026-08-12 12:16:46,
1811,,608,"Grand Family Heritage Room, 1 King Bed, 2 Queen Beds, Balcony Non Refundable",,,,,,2026-08-12 12:16:46,2026-08-12 12:16:46,
1812,,608,"Deluxe Grand Family Heritage Palm Sea View Room, 2 King Beds, Balcony Non Refundable",,,,,,2026-08-12 12:16:46,2026-08-12 12:16:46,
1813,,608,"Deluxe Grand Family Heritage Palm Sea View Room, 1 King Bed, 2 Queen Beds, Balcony Non Refundable",,,,,,2026-08-12 12:16:46,2026-08-12 12:16:46,
1814,,608,Signature Jacuzzi Suite Panoramic Palm Sea View Non Refundable,,,,,,2026-08-12 12:16:46,2026-08-12 12:16:46,
1815,,608,Fairmont Gold One Bedroom Suite Palm Sea View Lounge Access Non Refundable,,,,,,2026-08-12 12:16:46,2026-08-12 12:16:46,
1816,,608,Two Bedroom Apartment Double King Palm Sea View Non Refundable,,,,,,2026-08-12 12:16:46,2026-08-12 12:16:46,
1817,,606,Executive Room 2 Queen Beds Sea View,,,,,,2026-08-12 12:16:49,2026-08-12 12:16:49,
1818,,606,Room 1 King Bed Sea View Corner (Alcove),,,,,,2026-08-12 12:16:49,2026-08-12 12:16:49,
1819,,606,Family Suite Sea View,,,,,,2026-08-12 12:16:49,2026-08-12 12:16:49,
1820,,608,Fairmont Heritage Room King City View,,,,,,2026-08-12 12:16:50,2026-08-12 12:16:50,
1821,,608,Economy Room,,,,,,2026-08-12 12:16:50,2026-08-12 12:16:50,
1822,,608,Standard Room,,,,,,2026-08-12 12:16:50,2026-08-12 12:16:50,
1823,,608,"Fairmont Heritage Room, 2 Queen Beds (2 Queen Beds) Package Rate",,,,,,2026-08-12 12:16:50,2026-08-12 12:16:50,
1824,,608,Deluxe Room,,,,,,2026-08-12 12:16:51,2026-08-12 12:16:51,
1825,,608,"Fairmont Heritage Room, Room, 2 Queen Beds, Balcony, Partial Sea View",,,,,,2026-08-12 12:16:51,2026-08-12 12:16:51,
1826,,608,Fairmont Deluxe King Room,,,,,,2026-08-12 12:16:51,2026-08-12 12:16:51,
1827,,608,Fairmont Deluxe Room,,,,,,2026-08-12 12:16:51,2026-08-12 12:16:51,
1828,,608,Balcony Room With Lounge Access,,,,,,2026-08-12 12:16:51,2026-08-12 12:16:51,
1829,,608,One Bedroom Suite King (Non Smoking),,,,,,2026-08-12 12:16:51,2026-08-12 12:16:51,
1830,,608,Fairmont Heritage Two Queen Room Breakfast For Adults Only,,,,,,2026-08-12 12:16:51,2026-08-12 12:16:51,
1831,,608,1 Bedroom Suite,,,,,,2026-08-12 12:16:51,2026-08-12 12:16:51,
1832,,608,"Fairmont Heritage Room, Room, 2 Queen Beds, Balcony, Partial Sea View Breakfast For Adults Only",,,,,,2026-08-12 12:16:51,2026-08-12 12:16:51,
1833,,608,"Room, 1 King Bed (Fairmont Gold Heritage, Lounge Access)",,,,,,2026-08-12 12:16:51,2026-08-12 12:16:51,
1834,,608,Fairmont Heritage Room 1 King Bed,,,,,,2026-08-12 12:16:51,2026-08-12 12:16:51,
1835,,608,Economy Suite 1 Bedroom With Sea View,,,,,,2026-08-12 12:16:51,2026-08-12 12:16:51,
1836,,608,"Deluxe Room, 2 Queen Beds Breakfast For Adults Only",,,,,,2026-08-12 12:16:51,2026-08-12 12:16:51,
1837,,608,Fairmont Deluxe King Room Breakfast For Adults Only,,,,,,2026-08-12 12:16:51,2026-08-12 12:16:51,
1838,,608,Fairmont Deluxe Room Breakfast For Adults Only,,,,,,2026-08-12 12:16:52,2026-08-12 12:16:52,
1839,,608,"Room, 1 King Bed, View",,,,,,2026-08-12 12:16:52,2026-08-12 12:16:52,
1840,,604,1 Bedroom Apartment,,,https://cdn.bookmepk.com/sky/assets/images/hotels/rooms/5c274aab2e9569ecf37a79655d0280bd.jpg,,,2026-08-12 12:16:52,2026-08-12 12:40:50,1152
1841,,608,Fairmont 1 Bedroom Suite With Palm Sea View,,,,,,2026-08-12 12:16:52,2026-08-12 12:16:52,
1842,,608,Family Room With 2 Double Beds,,,,,,2026-08-12 12:16:52,2026-08-12 12:16:52,
1843,,608,Family Room Grand,,,,,,2026-08-12 12:16:52,2026-08-12 12:16:52,
1844,,608,Family Room With Balcony,,,,,,2026-08-12 12:16:52,2026-08-12 12:16:52,
1845,,608,Sea View Room,,,,,,2026-08-12 12:16:52,2026-08-12 12:16:52,
1846,,608,"Deluxe Grand Family Heritage Palm Sea View Room , 1 King Bed, 2 Queen Beds, Balcony",,,,,,2026-08-12 12:16:52,2026-08-12 12:16:52,
1847,,608,Fairmont Gold Two Queen Room Breakfast For Adults Only,,,,,,2026-08-12 12:16:52,2026-08-12 12:16:52,
1848,,608,"Room, 1 King Bed, View Breakfast For Adults Only",,,,,,2026-08-12 12:16:52,2026-08-12 12:16:52,
1849,,608,Deluxe Panoramic Suite 1 Bedroom With Palm Sea View,,,,,,2026-08-12 12:16:52,2026-08-12 12:16:52,
1850,,608,Corner Suite With Palm Sea View And Jacuzzi,,,,,,2026-08-12 12:16:52,2026-08-12 12:16:52,
1851,,604,2 Bedroom Apartment,,,https://cdn.bookmepk.com/sky/assets/images/hotels/rooms/acd15ee734f8cdb67e37f49ee1b516d3.jpg,,,2026-08-12 12:16:52,2026-08-12 12:40:51,1765
1852,,608,One Bedroom Suite Breakfast For Adults Only,,,,,,2026-08-12 12:16:52,2026-08-12 12:16:52,
1853,,608,Deluxe Suite,,,,,,2026-08-12 12:16:52,2026-08-12 12:16:52,
1854,,608,Fairmont Gold 1 Bedroom Suite With Palm Sea View And Lounge Access,,,,,,2026-08-12 12:16:53,2026-08-12 12:16:53,
1855,,608,Two Bedroom Apartment Double King,,,,,,2026-08-12 12:16:53,2026-08-12 12:16:53,
1856,,608,Deluxe Grand Family Heritage Palm Sea View Room With One King Bed And Two Queen Beds And Balcony,,,,,,2026-08-12 12:16:53,2026-08-12 12:16:53,
1857,,608,"Fairmont Gold, Room, Multiple Beds, Balcony, Sea View",,,,,,2026-08-12 12:16:53,2026-08-12 12:16:53,
1858,,608,2 Bedrooms Apartment With Sea View,,,,,,2026-08-12 12:16:53,2026-08-12 12:16:53,
1859,,608,Corner Jacuzzi Suite With Palm Sea View And Balcony,,,,,,2026-08-12 12:16:53,2026-08-12 12:16:53,
1860,,608,Grand Family Heritage Room With One King Bed And Two Queen Beds And Balcony,,,,,,2026-08-12 12:16:53,2026-08-12 12:16:53,
1861,,608,"Family 2 Bedroom Corner Jacuzzi Palm Sea View S Uite, 2 King Beds, Balcony",,,,,,2026-08-12 12:16:53,2026-08-12 12:16:53,
1862,,608,Corner Jacuzzi Suite With Palm Sea View And Balcony Breakfast For Adults Only,,,,,,2026-08-12 12:16:53,2026-08-12 12:16:53,
1863,,608,Fairmont Gold Deluxe Suite Breakfast For Adults Only,,,,,,2026-08-12 12:16:53,2026-08-12 12:16:53,
1864,,608,"Family Room, 2 Bedrooms, Balcony, Sea View (Corner Jacuzzi Palm)",,,,,,2026-08-12 12:16:53,2026-08-12 12:16:53,
1865,,608,"Family Room, 2 Bedrooms, Balcony, Sea View (Corner Jacuzzi Palm) Breakfast For Adults Only",,,,,,2026-08-12 12:16:53,2026-08-12 12:16:53,
1866,,608,"Deluxe Suite, 3 Bedrooms, Balcony, Sea View 3 Double Beds Non Refundable",,,,,,2026-08-12 12:16:53,2026-08-12 12:16:53,
1867,,608,"Deluxe Suite, 3 Bedrooms, Balcony, Sea View 3 Double Beds",,,,,,2026-08-12 12:16:53,2026-08-12 12:16:53,
1868,,608,"Family 3 Bedroom Deluxe Palm Sea View Suite, 2 King Beds, 2 Queen Beds, Balcony",,,,,,2026-08-12 12:16:53,2026-08-12 12:16:53,
1869,,608,Presidential Suite With Sea View,,,,,,2026-08-12 12:16:53,2026-08-12 12:16:53,
1870,,608,Fairmont Heritage Room 2 Queen Beds Partial Sea View,,,,,,2026-08-12 12:16:58,2026-08-12 12:16:58,
1871,,608,Fairmont Heritage Room 2 Queen Beds,,,,,,2026-08-12 12:16:58,2026-08-12 12:16:58,
1872,,608,Fairmont Heritage Room 1 King Bed Partial Sea View,,,,,,2026-08-12 12:16:58,2026-08-12 12:16:58,
1873,,608,Deluxe Room 1 King Bed Sea View,,,,,,2026-08-12 12:16:58,2026-08-12 12:16:58,
1874,,608,Deluxe Room 2 Queen Beds Sea View,,,,,,2026-08-12 12:16:58,2026-08-12 12:16:58,
1875,,605,Duplex Sea View,,,,,,2026-08-12 12:16:58,2026-08-12 12:16:58,
1876,,608,Fairmont Suite 1 Bedroom Sea View,,,,,,2026-08-12 12:16:58,2026-08-12 12:16:58,
1877,,608,Deluxe Suite 1 Bedroom Sea View,,,,,,2026-08-12 12:16:59,2026-08-12 12:16:59,
1878,,608,Signature Suite 1 King Bed Jetted Tub Sea View,,,,,,2026-08-12 12:16:59,2026-08-12 12:16:59,
1879,,608,Apartment 2 Bedrooms,,,,,,2026-08-12 12:16:59,2026-08-12 12:16:59,
1880,,608,Suite 1 Bedroom Sea View (Fairmont Gold Lounge Access),,,,,,2026-08-12 12:16:59,2026-08-12 12:16:59,
1881,,606,Two Qn Fam Ste Prtl Sea Vw,,,,,,2026-08-12 12:17:05,2026-08-12 12:17:05,
1882,,606,Executive King Suite(Sea View),,,,,,2026-08-12 12:17:05,2026-08-12 12:17:05,
1883,,602,Deluxe Studio With Free Beach Transfer And 15% Fandb Discount,,,https://cdn.bookmepk.com/sky/assets/images/hotels/rooms/521df2c57a4531d6d7968197261f1f81.jpg,,,2026-08-12 12:17:09,2026-08-12 12:40:26,398
1884,,608,"Fairmont Heritage Room, 2 Queen Beds 2 Queen Beds",,,,,,2026-08-12 12:17:10,2026-08-12 12:17:10,
1885,,608,"Deluxe Room, 1 King Bed, Sea View 1 King Bed",,,,,,2026-08-12 12:17:10,2026-08-12 12:17:10,
1886,,608,"Deluxe Room, 2 Queen Beds, Sea View 2 Queen Beds",,,,,,2026-08-12 12:17:10,2026-08-12 12:17:10,
1887,,608,"Signature Suite, 1 King Bed, Jetted Tub, Sea View 1 King Bed",,,,,,2026-08-12 12:17:11,2026-08-12 12:17:11,
1888,,608,"Family Room, 2 Double Beds 2 Double Beds",,,,,,2026-08-12 12:17:11,2026-08-12 12:17:11,
1889,,607,Family Interconnecting Room,,,,,,2026-08-12 12:17:44,2026-08-12 12:17:44,
1890,0,602,Backfill Test Room Fresh 1786537206.763265,,,https://cdn.example/f.jpg,,,2026-08-12 12:20:07,2026-08-12 12:20:07,250
1891,0,602,Backfill Test Room ZZZ 1786537206.763265,,,https://cdn.example/a.jpg,,,2026-08-12 12:20:08,2026-08-12 12:20:11,431
1892,0,602,Backfill Test Room Fresh 1786538319.291700,,,https://cdn.example/f.jpg,,,2026-08-12 12:38:40,2026-08-12 12:38:40,250
1893,0,602,Backfill Test Room ZZZ 1786538319.291700,,,https://cdn.example/a.jpg,,,2026-08-12 12:38:41,2026-08-12 12:38:44,431
1894,,602,Deluxe Studio With Free Beach Transfer And 15% Fandb Discount 1 Double Bed,,,https://cdn.bookmepk.com/sky/assets/images/hotels/rooms/521df2c57a4531d6d7968197261f1f81.jpg,,,2026-08-12 12:39:52,2026-08-12 12:40:28,398
1895,0,602,Backfill Test Room Fresh 1786539391.028187,,,https://cdn.example/f.jpg,,,2026-08-12 12:56:32,2026-08-12 12:56:32,250
1896,0,602,Backfill Test Room ZZZ 1786539391.028187,,,https://cdn.example/a.jpg,,,2026-08-12 12:56:32,2026-08-12 12:56:35,431
1897,0,617,Deluxe Room With Balcony,,23,https://cos.example.test/fake-thumb-1.jpg,,,2026-08-12 18:00:07,2026-08-12 18:00:07,280
1898,0,617,Junior Suite City View,,7,,,,2026-08-12 18:00:07,2026-08-12 18:00:07,
1899,0,617,Totally Unmatched Room Name Xyz,,26,,,,2026-08-12 18:00:07,2026-08-12 18:00:07,
1900,,605,"Studio, King Bed",,,,,,2026-08-13 05:24:50,2026-08-13 05:24:50,
1901,,605,Presidential Suite Sea View,,,,,,2026-08-13 05:24:51,2026-08-13 05:24:51,
